image,path,true_class,pred_class,correct,confidence
image_06734.jpg,jpg/image_06734.jpg,1,1,True,0.8805386424064636
image_06735.jpg,jpg/image_06735.jpg,1,1,True,0.9256462454795837
image_06737.jpg,jpg/image_06737.jpg,1,1,True,0.8789137005805969
image_06742.jpg,jpg/image_06742.jpg,1,1,True,0.918711245059967
image_06743.jpg,jpg/image_06743.jpg,1,1,True,0.8987941145896912
image_06745.jpg,jpg/image_06745.jpg,1,1,True,0.8907057642936707
image_06746.jpg,jpg/image_06746.jpg,1,1,True,0.8973874449729919
image_06748.jpg,jpg/image_06748.jpg,1,1,True,0.8684560656547546
image_06751.jpg,jpg/image_06751.jpg,1,1,True,0.8349952101707458
image_06752.jpg,jpg/image_06752.jpg,1,1,True,0.8566043972969055
image_06753.jpg,jpg/image_06753.jpg,1,1,True,0.5883778929710388
image_06756.jpg,jpg/image_06756.jpg,1,1,True,0.6412984728813171
image_06757.jpg,jpg/image_06757.jpg,1,1,True,0.9164663553237915
image_06758.jpg,jpg/image_06758.jpg,1,1,True,0.6922680139541626
image_06759.jpg,jpg/image_06759.jpg,1,1,True,0.9187567830085754
image_06760.jpg,jpg/image_06760.jpg,1,1,True,0.6907088160514832
image_06764.jpg,jpg/image_06764.jpg,1,1,True,0.8664352893829346
image_06769.jpg,jpg/image_06769.jpg,1,1,True,0.8877006769180298
image_06770.jpg,jpg/image_06770.jpg,1,1,True,0.9086998105049133
image_06772.jpg,jpg/image_06772.jpg,1,1,True,0.9211702346801758
image_05087.jpg,jpg/image_05087.jpg,2,2,True,0.7688644528388977
image_05088.jpg,jpg/image_05088.jpg,2,2,True,0.9127039313316345
image_05089.jpg,jpg/image_05089.jpg,2,2,True,0.889058530330658
image_05090.jpg,jpg/image_05090.jpg,2,2,True,0.16983215510845184
image_05092.jpg,jpg/image_05092.jpg,2,2,True,0.8582085371017456
image_05093.jpg,jpg/image_05093.jpg,2,2,True,0.8268436193466187
image_05094.jpg,jpg/image_05094.jpg,2,2,True,0.8871090412139893
image_05095.jpg,jpg/image_05095.jpg,2,2,True,0.9059424996376038
image_05096.jpg,jpg/image_05096.jpg,2,2,True,0.8570984601974487
image_05098.jpg,jpg/image_05098.jpg,2,2,True,0.746334969997406
image_05099.jpg,jpg/image_05099.jpg,2,2,True,0.9026322960853577
image_05102.jpg,jpg/image_05102.jpg,2,2,True,0.9043816924095154
image_05103.jpg,jpg/image_05103.jpg,2,2,True,0.9009212851524353
image_05105.jpg,jpg/image_05105.jpg,2,2,True,0.8348029255867004
image_05107.jpg,jpg/image_05107.jpg,2,2,True,0.4627165198326111
image_05109.jpg,jpg/image_05109.jpg,2,2,True,0.28855398297309875
image_05110.jpg,jpg/image_05110.jpg,2,7,False,0.06740839034318924
image_05111.jpg,jpg/image_05111.jpg,2,2,True,0.3709971308708191
image_05112.jpg,jpg/image_05112.jpg,2,2,True,0.4281502068042755
image_05113.jpg,jpg/image_05113.jpg,2,2,True,0.34853649139404297
image_05117.jpg,jpg/image_05117.jpg,2,2,True,0.8313631415367126
image_05119.jpg,jpg/image_05119.jpg,2,2,True,0.7893919944763184
image_05121.jpg,jpg/image_05121.jpg,2,2,True,0.16965939104557037
image_05122.jpg,jpg/image_05122.jpg,2,2,True,0.1541326940059662
image_05125.jpg,jpg/image_05125.jpg,2,2,True,0.8333671689033508
image_05126.jpg,jpg/image_05126.jpg,2,2,True,0.32734259963035583
image_05127.jpg,jpg/image_05127.jpg,2,2,True,0.34507831931114197
image_05128.jpg,jpg/image_05128.jpg,2,2,True,0.8650587797164917
image_05129.jpg,jpg/image_05129.jpg,2,2,True,0.9018028378486633
image_05130.jpg,jpg/image_05130.jpg,2,2,True,0.4874735176563263
image_05131.jpg,jpg/image_05131.jpg,2,2,True,0.72893887758255
image_05133.jpg,jpg/image_05133.jpg,2,2,True,0.9174575805664062
image_05134.jpg,jpg/image_05134.jpg,2,2,True,0.9022849202156067
image_05135.jpg,jpg/image_05135.jpg,2,2,True,0.8368476629257202
image_05136.jpg,jpg/image_05136.jpg,2,2,True,0.9160320162773132
image_05139.jpg,jpg/image_05139.jpg,2,2,True,0.8355016112327576
image_05140.jpg,jpg/image_05140.jpg,2,2,True,0.9309625029563904
image_05141.jpg,jpg/image_05141.jpg,2,2,True,0.8899247050285339
image_05143.jpg,jpg/image_05143.jpg,2,2,True,0.8694038987159729
image_05144.jpg,jpg/image_05144.jpg,2,2,True,0.9226436614990234
image_06613.jpg,jpg/image_06613.jpg,3,9,False,0.21476483345031738
image_06615.jpg,jpg/image_06615.jpg,3,3,True,0.6909446716308594
image_06617.jpg,jpg/image_06617.jpg,3,3,True,0.5035209655761719
image_06619.jpg,jpg/image_06619.jpg,3,3,True,0.7364832758903503
image_06620.jpg,jpg/image_06620.jpg,3,3,True,0.2589282989501953
image_06621.jpg,jpg/image_06621.jpg,3,3,True,0.779096245765686
image_06622.jpg,jpg/image_06622.jpg,3,3,True,0.3894432783126831
image_06625.jpg,jpg/image_06625.jpg,3,3,True,0.564111590385437
image_06627.jpg,jpg/image_06627.jpg,3,3,True,0.08407039940357208
image_06628.jpg,jpg/image_06628.jpg,3,3,True,0.4171214699745178
image_06629.jpg,jpg/image_06629.jpg,3,3,True,0.2912548780441284
image_06633.jpg,jpg/image_06633.jpg,3,3,True,0.8899074196815491
image_06635.jpg,jpg/image_06635.jpg,3,3,True,0.5492457747459412
image_06636.jpg,jpg/image_06636.jpg,3,3,True,0.6368182301521301
image_06637.jpg,jpg/image_06637.jpg,3,9,False,0.20814792811870575
image_06641.jpg,jpg/image_06641.jpg,3,3,True,0.8727569580078125
image_06643.jpg,jpg/image_06643.jpg,3,3,True,0.9042052626609802
image_06648.jpg,jpg/image_06648.jpg,3,3,True,0.17638632655143738
image_06649.jpg,jpg/image_06649.jpg,3,3,True,0.6093656420707703
image_06650.jpg,jpg/image_06650.jpg,3,3,True,0.49094417691230774
image_05629.jpg,jpg/image_05629.jpg,4,4,True,0.48744678497314453
image_05630.jpg,jpg/image_05630.jpg,4,4,True,0.07123838365077972
image_05631.jpg,jpg/image_05631.jpg,4,4,True,0.2989301085472107
image_05632.jpg,jpg/image_05632.jpg,4,4,True,0.8563696146011353
image_05633.jpg,jpg/image_05633.jpg,4,4,True,0.84100341796875
image_05639.jpg,jpg/image_05639.jpg,4,4,True,0.6982294321060181
image_05641.jpg,jpg/image_05641.jpg,4,4,True,0.7241771221160889
image_05642.jpg,jpg/image_05642.jpg,4,4,True,0.8821954727172852
image_05643.jpg,jpg/image_05643.jpg,4,68,False,0.10031476616859436
image_05644.jpg,jpg/image_05644.jpg,4,4,True,0.7781627774238586
image_05645.jpg,jpg/image_05645.jpg,4,4,True,0.7485580444335938
image_05646.jpg,jpg/image_05646.jpg,4,11,False,0.11950202286243439
image_05647.jpg,jpg/image_05647.jpg,4,4,True,0.24545924365520477
image_05649.jpg,jpg/image_05649.jpg,4,4,True,0.24485811591148376
image_05650.jpg,jpg/image_05650.jpg,4,4,True,0.8049947619438171
image_05652.jpg,jpg/image_05652.jpg,4,4,True,0.2681560516357422
image_05655.jpg,jpg/image_05655.jpg,4,39,False,0.3383070230484009
image_05656.jpg,jpg/image_05656.jpg,4,4,True,0.39018234610557556
image_05657.jpg,jpg/image_05657.jpg,4,4,True,0.5157673358917236
image_05660.jpg,jpg/image_05660.jpg,4,4,True,0.2624413073062897
image_05661.jpg,jpg/image_05661.jpg,4,43,False,0.10661783814430237
image_05665.jpg,jpg/image_05665.jpg,4,4,True,0.3840978443622589
image_05666.jpg,jpg/image_05666.jpg,4,4,True,0.8294971585273743
image_05667.jpg,jpg/image_05667.jpg,4,4,True,0.7322097420692444
image_05668.jpg,jpg/image_05668.jpg,4,4,True,0.9018413424491882
image_05669.jpg,jpg/image_05669.jpg,4,80,False,0.06246339529752731
image_05671.jpg,jpg/image_05671.jpg,4,4,True,0.25941741466522217
image_05673.jpg,jpg/image_05673.jpg,4,4,True,0.722076416015625
image_05675.jpg,jpg/image_05675.jpg,4,4,True,0.7048220038414001
image_05676.jpg,jpg/image_05676.jpg,4,4,True,0.8438065052032471
image_05677.jpg,jpg/image_05677.jpg,4,4,True,0.43740785121917725
image_05679.jpg,jpg/image_05679.jpg,4,4,True,0.7412726879119873
image_05680.jpg,jpg/image_05680.jpg,4,4,True,0.14851395785808563
image_05681.jpg,jpg/image_05681.jpg,4,4,True,0.771651029586792
image_05682.jpg,jpg/image_05682.jpg,4,4,True,0.2129247486591339
image_05683.jpg,jpg/image_05683.jpg,4,4,True,0.755047619342804
image_05147.jpg,jpg/image_05147.jpg,5,5,True,0.5313474535942078
image_05148.jpg,jpg/image_05148.jpg,5,5,True,0.3196670413017273
image_05149.jpg,jpg/image_05149.jpg,5,5,True,0.752653956413269
image_05150.jpg,jpg/image_05150.jpg,5,5,True,0.7672116756439209
image_05151.jpg,jpg/image_05151.jpg,5,5,True,0.8963074088096619
image_05152.jpg,jpg/image_05152.jpg,5,5,True,0.18583229184150696
image_05153.jpg,jpg/image_05153.jpg,5,5,True,0.40683239698410034
image_05154.jpg,jpg/image_05154.jpg,5,5,True,0.7842047214508057
image_05155.jpg,jpg/image_05155.jpg,5,5,True,0.8780040740966797
image_05156.jpg,jpg/image_05156.jpg,5,5,True,0.74852055311203
image_05157.jpg,jpg/image_05157.jpg,5,5,True,0.5572457313537598
image_05158.jpg,jpg/image_05158.jpg,5,5,True,0.7179365158081055
image_05159.jpg,jpg/image_05159.jpg,5,5,True,0.3746253252029419
image_05160.jpg,jpg/image_05160.jpg,5,5,True,0.8906101584434509
image_05163.jpg,jpg/image_05163.jpg,5,5,True,0.8393881916999817
image_05165.jpg,jpg/image_05165.jpg,5,5,True,0.7940731048583984
image_05170.jpg,jpg/image_05170.jpg,5,5,True,0.25750717520713806
image_05171.jpg,jpg/image_05171.jpg,5,54,False,0.23336872458457947
image_05172.jpg,jpg/image_05172.jpg,5,5,True,0.878437876701355
image_05173.jpg,jpg/image_05173.jpg,5,5,True,0.7409636974334717
image_05175.jpg,jpg/image_05175.jpg,5,5,True,0.8034957647323608
image_05176.jpg,jpg/image_05176.jpg,5,5,True,0.7268743515014648
image_05177.jpg,jpg/image_05177.jpg,5,5,True,0.5553187131881714
image_05180.jpg,jpg/image_05180.jpg,5,5,True,0.39003074169158936
image_05181.jpg,jpg/image_05181.jpg,5,5,True,0.8343547582626343
image_05183.jpg,jpg/image_05183.jpg,5,41,False,0.2719595730304718
image_05184.jpg,jpg/image_05184.jpg,5,5,True,0.8054746985435486
image_05188.jpg,jpg/image_05188.jpg,5,5,True,0.6205372214317322
image_05189.jpg,jpg/image_05189.jpg,5,5,True,0.7047966122627258
image_05190.jpg,jpg/image_05190.jpg,5,5,True,0.8299274444580078
image_05193.jpg,jpg/image_05193.jpg,5,5,True,0.8592763543128967
image_05195.jpg,jpg/image_05195.jpg,5,5,True,0.8954282999038696
image_05196.jpg,jpg/image_05196.jpg,5,5,True,0.8070192337036133
image_05197.jpg,jpg/image_05197.jpg,5,5,True,0.9092805981636047
image_05198.jpg,jpg/image_05198.jpg,5,5,True,0.5067613124847412
image_05200.jpg,jpg/image_05200.jpg,5,5,True,0.6293479800224304
image_05201.jpg,jpg/image_05201.jpg,5,5,True,0.8557671904563904
image_05202.jpg,jpg/image_05202.jpg,5,5,True,0.7872825860977173
image_05203.jpg,jpg/image_05203.jpg,5,5,True,0.18018552660942078
image_05205.jpg,jpg/image_05205.jpg,5,5,True,0.8793968558311462
image_05206.jpg,jpg/image_05206.jpg,5,5,True,0.5574538707733154
image_05207.jpg,jpg/image_05207.jpg,5,41,False,0.14144346117973328
image_05208.jpg,jpg/image_05208.jpg,5,5,True,0.8909545540809631
image_05209.jpg,jpg/image_05209.jpg,5,5,True,0.8529493808746338
image_05210.jpg,jpg/image_05210.jpg,5,5,True,0.8789135217666626
image_07162.jpg,jpg/image_07162.jpg,6,6,True,0.9046088457107544
image_07163.jpg,jpg/image_07163.jpg,6,6,True,0.9079023003578186
image_07164.jpg,jpg/image_07164.jpg,6,6,True,0.8986835479736328
image_07168.jpg,jpg/image_07168.jpg,6,6,True,0.9317665100097656
image_07170.jpg,jpg/image_07170.jpg,6,6,True,0.8484980463981628
image_07172.jpg,jpg/image_07172.jpg,6,6,True,0.91462242603302
image_07174.jpg,jpg/image_07174.jpg,6,6,True,0.9156949520111084
image_07175.jpg,jpg/image_07175.jpg,6,6,True,0.8873993158340454
image_07176.jpg,jpg/image_07176.jpg,6,6,True,0.9195953607559204
image_07177.jpg,jpg/image_07177.jpg,6,6,True,0.9166560173034668
image_07179.jpg,jpg/image_07179.jpg,6,6,True,0.8850224018096924
image_07182.jpg,jpg/image_07182.jpg,6,6,True,0.9137632250785828
image_07183.jpg,jpg/image_07183.jpg,6,6,True,0.8310526609420776
image_07185.jpg,jpg/image_07185.jpg,6,6,True,0.35347631573677063
image_07186.jpg,jpg/image_07186.jpg,6,6,True,0.8833255767822266
image_07187.jpg,jpg/image_07187.jpg,6,6,True,0.3587137460708618
image_07188.jpg,jpg/image_07188.jpg,6,6,True,0.8975690007209778
image_07189.jpg,jpg/image_07189.jpg,6,6,True,0.9149855971336365
image_07190.jpg,jpg/image_07190.jpg,6,6,True,0.9283193349838257
image_07193.jpg,jpg/image_07193.jpg,6,6,True,0.911199152469635
image_07197.jpg,jpg/image_07197.jpg,6,6,True,0.8503097891807556
image_07198.jpg,jpg/image_07198.jpg,6,6,True,0.910882830619812
image_07199.jpg,jpg/image_07199.jpg,6,6,True,0.7306182384490967
image_08107.jpg,jpg/image_08107.jpg,6,6,True,0.913646399974823
image_08110.jpg,jpg/image_08110.jpg,6,6,True,0.852039635181427
image_07200.jpg,jpg/image_07200.jpg,7,7,True,0.9322996139526367
image_07201.jpg,jpg/image_07201.jpg,7,7,True,0.9274156093597412
image_07202.jpg,jpg/image_07202.jpg,7,7,True,0.6249094605445862
image_07204.jpg,jpg/image_07204.jpg,7,7,True,0.7901306748390198
image_07205.jpg,jpg/image_07205.jpg,7,7,True,0.6903030872344971
image_07206.jpg,jpg/image_07206.jpg,7,7,True,0.7090482115745544
image_07207.jpg,jpg/image_07207.jpg,7,7,True,0.5371033549308777
image_07208.jpg,jpg/image_07208.jpg,7,7,True,0.8995408415794373
image_07209.jpg,jpg/image_07209.jpg,7,7,True,0.882484495639801
image_07211.jpg,jpg/image_07211.jpg,7,7,True,0.650300145149231
image_07216.jpg,jpg/image_07216.jpg,7,7,True,0.6328638195991516
image_07217.jpg,jpg/image_07217.jpg,7,7,True,0.8186808228492737
image_07220.jpg,jpg/image_07220.jpg,7,7,True,0.9204211831092834
image_07222.jpg,jpg/image_07222.jpg,7,7,True,0.936293363571167
image_07223.jpg,jpg/image_07223.jpg,7,7,True,0.8628432750701904
image_07227.jpg,jpg/image_07227.jpg,7,7,True,0.8795903325080872
image_07232.jpg,jpg/image_07232.jpg,7,7,True,0.8701033592224121
image_08099.jpg,jpg/image_08099.jpg,7,7,True,0.8487351536750793
image_08100.jpg,jpg/image_08100.jpg,7,7,True,0.8164880275726318
image_08102.jpg,jpg/image_08102.jpg,7,7,True,0.9042445421218872
image_03284.jpg,jpg/image_03284.jpg,8,8,True,0.859455406665802
image_03285.jpg,jpg/image_03285.jpg,8,8,True,0.8828135132789612
image_03286.jpg,jpg/image_03286.jpg,8,8,True,0.8984832763671875
image_03287.jpg,jpg/image_03287.jpg,8,8,True,0.8901404738426208
image_03288.jpg,jpg/image_03288.jpg,8,8,True,0.8864039778709412
image_03289.jpg,jpg/image_03289.jpg,8,8,True,0.850547730922699
image_03290.jpg,jpg/image_03290.jpg,8,8,True,0.9159106612205505
image_03291.jpg,jpg/image_03291.jpg,8,8,True,0.8072575330734253
image_03292.jpg,jpg/image_03292.jpg,8,8,True,0.9043816924095154
image_03293.jpg,jpg/image_03293.jpg,8,8,True,0.7654699683189392
image_03296.jpg,jpg/image_03296.jpg,8,8,True,0.820320725440979
image_03299.jpg,jpg/image_03299.jpg,8,8,True,0.9144530296325684
image_03300.jpg,jpg/image_03300.jpg,8,8,True,0.9025916457176208
image_03301.jpg,jpg/image_03301.jpg,8,8,True,0.8717648386955261
image_03303.jpg,jpg/image_03303.jpg,8,8,True,0.8722724914550781
image_03304.jpg,jpg/image_03304.jpg,8,8,True,0.8510680794715881
image_03305.jpg,jpg/image_03305.jpg,8,8,True,0.8151310086250305
image_03307.jpg,jpg/image_03307.jpg,8,8,True,0.9164507389068604
image_03308.jpg,jpg/image_03308.jpg,8,8,True,0.8858567476272583
image_03309.jpg,jpg/image_03309.jpg,8,8,True,0.9136240482330322
image_03311.jpg,jpg/image_03311.jpg,8,8,True,0.8413161635398865
image_03312.jpg,jpg/image_03312.jpg,8,8,True,0.7275289297103882
image_03314.jpg,jpg/image_03314.jpg,8,8,True,0.6777201294898987
image_03316.jpg,jpg/image_03316.jpg,8,8,True,0.9115447402000427
image_03317.jpg,jpg/image_03317.jpg,8,8,True,0.8221973776817322
image_03319.jpg,jpg/image_03319.jpg,8,8,True,0.9044845700263977
image_03320.jpg,jpg/image_03320.jpg,8,8,True,0.9263554215431213
image_03321.jpg,jpg/image_03321.jpg,8,8,True,0.917901873588562
image_03322.jpg,jpg/image_03322.jpg,8,8,True,0.8781302571296692
image_03323.jpg,jpg/image_03323.jpg,8,8,True,0.8790113925933838
image_03324.jpg,jpg/image_03324.jpg,8,8,True,0.8842400908470154
image_03325.jpg,jpg/image_03325.jpg,8,8,True,0.8933821320533752
image_03326.jpg,jpg/image_03326.jpg,8,8,True,0.8210492134094238
image_03328.jpg,jpg/image_03328.jpg,8,8,True,0.8831331729888916
image_03329.jpg,jpg/image_03329.jpg,8,8,True,0.8888510465621948
image_03330.jpg,jpg/image_03330.jpg,8,8,True,0.8480138182640076
image_03331.jpg,jpg/image_03331.jpg,8,8,True,0.9083752036094666
image_03332.jpg,jpg/image_03332.jpg,8,8,True,0.8238358497619629
image_03334.jpg,jpg/image_03334.jpg,8,8,True,0.9029259085655212
image_03335.jpg,jpg/image_03335.jpg,8,8,True,0.8589604496955872
image_03338.jpg,jpg/image_03338.jpg,8,8,True,0.9100602865219116
image_03340.jpg,jpg/image_03340.jpg,8,8,True,0.8784902095794678
image_03341.jpg,jpg/image_03341.jpg,8,8,True,0.8526697754859924
image_03342.jpg,jpg/image_03342.jpg,8,8,True,0.8457307815551758
image_03343.jpg,jpg/image_03343.jpg,8,8,True,0.9059813618659973
image_03344.jpg,jpg/image_03344.jpg,8,8,True,0.8197166323661804
image_03347.jpg,jpg/image_03347.jpg,8,8,True,0.8996111154556274
image_03348.jpg,jpg/image_03348.jpg,8,8,True,0.7520192265510559
image_03349.jpg,jpg/image_03349.jpg,8,8,True,0.8565807938575745
image_03350.jpg,jpg/image_03350.jpg,8,8,True,0.8632248640060425
image_03351.jpg,jpg/image_03351.jpg,8,8,True,0.8690609335899353
image_03352.jpg,jpg/image_03352.jpg,8,8,True,0.8864330649375916
image_03353.jpg,jpg/image_03353.jpg,8,8,True,0.7747862339019775
image_03354.jpg,jpg/image_03354.jpg,8,8,True,0.9127842783927917
image_03355.jpg,jpg/image_03355.jpg,8,8,True,0.9014888405799866
image_03357.jpg,jpg/image_03357.jpg,8,8,True,0.9013769030570984
image_03358.jpg,jpg/image_03358.jpg,8,8,True,0.8478209376335144
image_03359.jpg,jpg/image_03359.jpg,8,8,True,0.8802385926246643
image_03361.jpg,jpg/image_03361.jpg,8,8,True,0.8728432655334473
image_03363.jpg,jpg/image_03363.jpg,8,8,True,0.8905492424964905
image_03364.jpg,jpg/image_03364.jpg,8,8,True,0.8838539123535156
image_03365.jpg,jpg/image_03365.jpg,8,8,True,0.8784927725791931
image_03366.jpg,jpg/image_03366.jpg,8,8,True,0.8873240351676941
image_03367.jpg,jpg/image_03367.jpg,8,8,True,0.8977161645889282
image_03368.jpg,jpg/image_03368.jpg,8,8,True,0.8418756127357483
image_06395.jpg,jpg/image_06395.jpg,9,9,True,0.8451232314109802
image_06396.jpg,jpg/image_06396.jpg,9,9,True,0.6817636489868164
image_06397.jpg,jpg/image_06397.jpg,9,9,True,0.8784201741218567
image_06399.jpg,jpg/image_06399.jpg,9,33,False,0.1067143976688385
image_06401.jpg,jpg/image_06401.jpg,9,9,True,0.9032447934150696
image_06402.jpg,jpg/image_06402.jpg,9,9,True,0.8104996085166931
image_06406.jpg,jpg/image_06406.jpg,9,9,True,0.882652997970581
image_06407.jpg,jpg/image_06407.jpg,9,9,True,0.8880138993263245
image_06409.jpg,jpg/image_06409.jpg,9,9,True,0.259621798992157
image_06410.jpg,jpg/image_06410.jpg,9,9,True,0.8366848230361938
image_06412.jpg,jpg/image_06412.jpg,9,9,True,0.9203842282295227
image_06414.jpg,jpg/image_06414.jpg,9,9,True,0.863673210144043
image_06416.jpg,jpg/image_06416.jpg,9,9,True,0.8675348162651062
image_06417.jpg,jpg/image_06417.jpg,9,9,True,0.8451946973800659
image_06418.jpg,jpg/image_06418.jpg,9,9,True,0.8885154724121094
image_06419.jpg,jpg/image_06419.jpg,9,9,True,0.4546080529689789
image_06421.jpg,jpg/image_06421.jpg,9,9,True,0.9042856097221375
image_06422.jpg,jpg/image_06422.jpg,9,9,True,0.8329683542251587
image_06425.jpg,jpg/image_06425.jpg,9,9,True,0.8805738687515259
image_06426.jpg,jpg/image_06426.jpg,9,9,True,0.9280283451080322
image_06429.jpg,jpg/image_06429.jpg,9,9,True,0.438105970621109
image_06431.jpg,jpg/image_06431.jpg,9,9,True,0.8417274951934814
image_06433.jpg,jpg/image_06433.jpg,9,9,True,0.9036005139350891
image_06435.jpg,jpg/image_06435.jpg,9,9,True,0.8661096692085266
image_06439.jpg,jpg/image_06439.jpg,9,9,True,0.8110553622245789
image_06440.jpg,jpg/image_06440.jpg,9,9,True,0.8913592100143433
image_07086.jpg,jpg/image_07086.jpg,10,10,True,0.812197744846344
image_07088.jpg,jpg/image_07088.jpg,10,10,True,0.9156625270843506
image_07089.jpg,jpg/image_07089.jpg,10,10,True,0.8904156684875488
image_07090.jpg,jpg/image_07090.jpg,10,10,True,0.874212920665741
image_07091.jpg,jpg/image_07091.jpg,10,10,True,0.9095163941383362
image_07092.jpg,jpg/image_07092.jpg,10,10,True,0.9160158038139343
image_07094.jpg,jpg/image_07094.jpg,10,10,True,0.931792140007019
image_07097.jpg,jpg/image_07097.jpg,10,10,True,0.8397672176361084
image_07100.jpg,jpg/image_07100.jpg,10,10,True,0.9190096259117126
image_07101.jpg,jpg/image_07101.jpg,10,10,True,0.2506057024002075
image_07103.jpg,jpg/image_07103.jpg,10,10,True,0.9254197478294373
image_07105.jpg,jpg/image_07105.jpg,10,10,True,0.8998143076896667
image_07106.jpg,jpg/image_07106.jpg,10,10,True,0.8157873153686523
image_07108.jpg,jpg/image_07108.jpg,10,10,True,0.919573187828064
image_07109.jpg,jpg/image_07109.jpg,10,10,True,0.9432153105735779
image_07110.jpg,jpg/image_07110.jpg,10,10,True,0.8915460705757141
image_07111.jpg,jpg/image_07111.jpg,10,10,True,0.9310071468353271
image_07115.jpg,jpg/image_07115.jpg,10,10,True,0.9114440083503723
image_07116.jpg,jpg/image_07116.jpg,10,10,True,0.9163258075714111
image_07118.jpg,jpg/image_07118.jpg,10,10,True,0.9412260055541992
image_07119.jpg,jpg/image_07119.jpg,10,10,True,0.8716262578964233
image_07120.jpg,jpg/image_07120.jpg,10,10,True,0.92781662940979
image_07121.jpg,jpg/image_07121.jpg,10,10,True,0.9045276045799255
image_07122.jpg,jpg/image_07122.jpg,10,10,True,0.9015384316444397
image_08091.jpg,jpg/image_08091.jpg,10,10,True,0.9270688891410828
image_03095.jpg,jpg/image_03095.jpg,11,11,True,0.5055909752845764
image_03096.jpg,jpg/image_03096.jpg,11,11,True,0.5891677141189575
image_03097.jpg,jpg/image_03097.jpg,11,11,True,0.8000356554985046
image_03098.jpg,jpg/image_03098.jpg,11,11,True,0.14650355279445648
image_03099.jpg,jpg/image_03099.jpg,11,11,True,0.8238306045532227
image_03100.jpg,jpg/image_03100.jpg,11,11,True,0.7278233766555786
image_03103.jpg,jpg/image_03103.jpg,11,11,True,0.6292215585708618
image_03105.jpg,jpg/image_03105.jpg,11,11,True,0.485683798789978
image_03106.jpg,jpg/image_03106.jpg,11,11,True,0.8172395825386047
image_03107.jpg,jpg/image_03107.jpg,11,11,True,0.8123307228088379
image_03108.jpg,jpg/image_03108.jpg,11,11,True,0.48353326320648193
image_03109.jpg,jpg/image_03109.jpg,11,4,False,0.17613109946250916
image_03110.jpg,jpg/image_03110.jpg,11,11,True,0.5158655047416687
image_03111.jpg,jpg/image_03111.jpg,11,11,True,0.8185062408447266
image_03112.jpg,jpg/image_03112.jpg,11,4,False,0.10913445055484772
image_03113.jpg,jpg/image_03113.jpg,11,11,True,0.20064552128314972
image_03115.jpg,jpg/image_03115.jpg,11,11,True,0.5699530839920044
image_03118.jpg,jpg/image_03118.jpg,11,11,True,0.8055678009986877
image_03120.jpg,jpg/image_03120.jpg,11,101,False,0.2884957492351532
image_03121.jpg,jpg/image_03121.jpg,11,11,True,0.8932000398635864
image_03122.jpg,jpg/image_03122.jpg,11,11,True,0.6850990653038025
image_03123.jpg,jpg/image_03123.jpg,11,11,True,0.9243347644805908
image_03124.jpg,jpg/image_03124.jpg,11,11,True,0.8145006895065308
image_03125.jpg,jpg/image_03125.jpg,11,11,True,0.6735356450080872
image_03126.jpg,jpg/image_03126.jpg,11,11,True,0.3710031509399414
image_03127.jpg,jpg/image_03127.jpg,11,11,True,0.7361290454864502
image_03129.jpg,jpg/image_03129.jpg,11,11,True,0.8671255111694336
image_03130.jpg,jpg/image_03130.jpg,11,11,True,0.8793466091156006
image_03131.jpg,jpg/image_03131.jpg,11,11,True,0.5723116993904114
image_03133.jpg,jpg/image_03133.jpg,11,11,True,0.9085400104522705
image_03134.jpg,jpg/image_03134.jpg,11,11,True,0.8501991629600525
image_03135.jpg,jpg/image_03135.jpg,11,11,True,0.7848816514015198
image_03136.jpg,jpg/image_03136.jpg,11,11,True,0.8673279881477356
image_03137.jpg,jpg/image_03137.jpg,11,11,True,0.7741706371307373
image_03138.jpg,jpg/image_03138.jpg,11,11,True,0.9088751077651978
image_03139.jpg,jpg/image_03139.jpg,11,4,False,0.17475014925003052
image_03140.jpg,jpg/image_03140.jpg,11,11,True,0.49667099118232727
image_03141.jpg,jpg/image_03141.jpg,11,11,True,0.8981103897094727
image_03143.jpg,jpg/image_03143.jpg,11,11,True,0.8400582075119019
image_03144.jpg,jpg/image_03144.jpg,11,11,True,0.46384397149086
image_03145.jpg,jpg/image_03145.jpg,11,11,True,0.6280038356781006
image_03146.jpg,jpg/image_03146.jpg,11,11,True,0.9112078547477722
image_03147.jpg,jpg/image_03147.jpg,11,11,True,0.25797298550605774
image_03148.jpg,jpg/image_03148.jpg,11,11,True,0.38388821482658386
image_03149.jpg,jpg/image_03149.jpg,11,11,True,0.8036437034606934
image_03151.jpg,jpg/image_03151.jpg,11,11,True,0.8859056830406189
image_03152.jpg,jpg/image_03152.jpg,11,11,True,0.5379723906517029
image_03153.jpg,jpg/image_03153.jpg,11,11,True,0.2670469284057617
image_03154.jpg,jpg/image_03154.jpg,11,11,True,0.2028241604566574
image_03155.jpg,jpg/image_03155.jpg,11,11,True,0.8043330907821655
image_03158.jpg,jpg/image_03158.jpg,11,11,True,0.7027794718742371
image_03159.jpg,jpg/image_03159.jpg,11,11,True,0.9260804653167725
image_03160.jpg,jpg/image_03160.jpg,11,11,True,0.9041409492492676
image_03161.jpg,jpg/image_03161.jpg,11,11,True,0.9148679375648499
image_03162.jpg,jpg/image_03162.jpg,11,11,True,0.6927825212478638
image_03163.jpg,jpg/image_03163.jpg,11,11,True,0.9061239957809448
image_03167.jpg,jpg/image_03167.jpg,11,11,True,0.8875318765640259
image_03168.jpg,jpg/image_03168.jpg,11,11,True,0.3764176070690155
image_03170.jpg,jpg/image_03170.jpg,11,11,True,0.8339855670928955
image_03173.jpg,jpg/image_03173.jpg,11,11,True,0.9198916554450989
image_03174.jpg,jpg/image_03174.jpg,11,11,True,0.7422729730606079
image_03175.jpg,jpg/image_03175.jpg,11,74,False,0.09652535617351532
image_03176.jpg,jpg/image_03176.jpg,11,11,True,0.7348787188529968
image_03177.jpg,jpg/image_03177.jpg,11,101,False,0.1407882422208786
image_03178.jpg,jpg/image_03178.jpg,11,11,True,0.8349165916442871
image_03179.jpg,jpg/image_03179.jpg,11,11,True,0.8615425229072571
image_03180.jpg,jpg/image_03180.jpg,11,11,True,0.8630120158195496
image_03994.jpg,jpg/image_03994.jpg,12,12,True,0.7960222363471985
image_03995.jpg,jpg/image_03995.jpg,12,12,True,0.9057072401046753
image_03996.jpg,jpg/image_03996.jpg,12,12,True,0.8391073942184448
image_03997.jpg,jpg/image_03997.jpg,12,12,True,0.869204044342041
image_03998.jpg,jpg/image_03998.jpg,12,12,True,0.8644051551818848
image_03999.jpg,jpg/image_03999.jpg,12,12,True,0.8264328837394714
image_04000.jpg,jpg/image_04000.jpg,12,12,True,0.9026482701301575
image_04001.jpg,jpg/image_04001.jpg,12,12,True,0.8892384767532349
image_04002.jpg,jpg/image_04002.jpg,12,12,True,0.34014809131622314
image_04003.jpg,jpg/image_04003.jpg,12,12,True,0.8329591155052185
image_04004.jpg,jpg/image_04004.jpg,12,12,True,0.9051510095596313
image_04005.jpg,jpg/image_04005.jpg,12,12,True,0.8597339987754822
image_04006.jpg,jpg/image_04006.jpg,12,12,True,0.9165255427360535
image_04007.jpg,jpg/image_04007.jpg,12,12,True,0.8359923362731934
image_04008.jpg,jpg/image_04008.jpg,12,12,True,0.8112633228302002
image_04010.jpg,jpg/image_04010.jpg,12,12,True,0.8507748246192932
image_04011.jpg,jpg/image_04011.jpg,12,12,True,0.8889606595039368
image_04012.jpg,jpg/image_04012.jpg,12,21,False,0.043677277863025665
image_04013.jpg,jpg/image_04013.jpg,12,12,True,0.9082238674163818
image_04014.jpg,jpg/image_04014.jpg,12,12,True,0.7437964081764221
image_04015.jpg,jpg/image_04015.jpg,12,12,True,0.9106443524360657
image_04016.jpg,jpg/image_04016.jpg,12,12,True,0.2398521900177002
image_04017.jpg,jpg/image_04017.jpg,12,12,True,0.8713195323944092
image_04018.jpg,jpg/image_04018.jpg,12,12,True,0.8384167551994324
image_04021.jpg,jpg/image_04021.jpg,12,12,True,0.6978710889816284
image_04022.jpg,jpg/image_04022.jpg,12,12,True,0.880429208278656
image_04023.jpg,jpg/image_04023.jpg,12,12,True,0.8973364233970642
image_04024.jpg,jpg/image_04024.jpg,12,12,True,0.8872674703598022
image_04025.jpg,jpg/image_04025.jpg,12,12,True,0.2951269745826721
image_04026.jpg,jpg/image_04026.jpg,12,12,True,0.8866575956344604
image_04028.jpg,jpg/image_04028.jpg,12,12,True,0.9102556109428406
image_04029.jpg,jpg/image_04029.jpg,12,20,False,0.09221161156892776
image_04031.jpg,jpg/image_04031.jpg,12,12,True,0.9260373115539551
image_04034.jpg,jpg/image_04034.jpg,12,12,True,0.861846923828125
image_04038.jpg,jpg/image_04038.jpg,12,12,True,0.8080595135688782
image_04039.jpg,jpg/image_04039.jpg,12,12,True,0.7759315371513367
image_04040.jpg,jpg/image_04040.jpg,12,12,True,0.8691825866699219
image_04041.jpg,jpg/image_04041.jpg,12,12,True,0.8305347561836243
image_04042.jpg,jpg/image_04042.jpg,12,12,True,0.8636417984962463
image_04043.jpg,jpg/image_04043.jpg,12,12,True,0.9118819236755371
image_04044.jpg,jpg/image_04044.jpg,12,12,True,0.8081700801849365
image_04046.jpg,jpg/image_04046.jpg,12,12,True,0.643865168094635
image_04047.jpg,jpg/image_04047.jpg,12,12,True,0.8747424483299255
image_04048.jpg,jpg/image_04048.jpg,12,12,True,0.8724622130393982
image_04049.jpg,jpg/image_04049.jpg,12,12,True,0.8995519280433655
image_04050.jpg,jpg/image_04050.jpg,12,12,True,0.87994784116745
image_04051.jpg,jpg/image_04051.jpg,12,12,True,0.919893205165863
image_04052.jpg,jpg/image_04052.jpg,12,12,True,0.9105677604675293
image_04053.jpg,jpg/image_04053.jpg,12,12,True,0.8921509385108948
image_04054.jpg,jpg/image_04054.jpg,12,12,True,0.9124308228492737
image_04055.jpg,jpg/image_04055.jpg,12,12,True,0.8937152624130249
image_04060.jpg,jpg/image_04060.jpg,12,12,True,0.9194469451904297
image_04061.jpg,jpg/image_04061.jpg,12,12,True,0.9280790090560913
image_04063.jpg,jpg/image_04063.jpg,12,12,True,0.8883796334266663
image_04064.jpg,jpg/image_04064.jpg,12,12,True,0.9029728770256042
image_04065.jpg,jpg/image_04065.jpg,12,12,True,0.8872665762901306
image_04067.jpg,jpg/image_04067.jpg,12,12,True,0.8315151333808899
image_04068.jpg,jpg/image_04068.jpg,12,12,True,0.9328653812408447
image_04069.jpg,jpg/image_04069.jpg,12,12,True,0.8699376583099365
image_04070.jpg,jpg/image_04070.jpg,12,12,True,0.9043835997581482
image_04071.jpg,jpg/image_04071.jpg,12,12,True,0.8698768019676208
image_04072.jpg,jpg/image_04072.jpg,12,12,True,0.8436859250068665
image_04074.jpg,jpg/image_04074.jpg,12,12,True,0.920120120048523
image_04077.jpg,jpg/image_04077.jpg,12,12,True,0.8950554132461548
image_04078.jpg,jpg/image_04078.jpg,12,12,True,0.9048058390617371
image_04079.jpg,jpg/image_04079.jpg,12,12,True,0.8721185922622681
image_04080.jpg,jpg/image_04080.jpg,12,12,True,0.6558037400245667
image_05744.jpg,jpg/image_05744.jpg,13,13,True,0.869005560874939
image_05745.jpg,jpg/image_05745.jpg,13,13,True,0.8986113667488098
image_05747.jpg,jpg/image_05747.jpg,13,13,True,0.8775126934051514
image_05748.jpg,jpg/image_05748.jpg,13,13,True,0.9078806042671204
image_05749.jpg,jpg/image_05749.jpg,13,13,True,0.8734979629516602
image_05750.jpg,jpg/image_05750.jpg,13,13,True,0.8852640390396118
image_05751.jpg,jpg/image_05751.jpg,13,13,True,0.886208176612854
image_05754.jpg,jpg/image_05754.jpg,13,13,True,0.8592889308929443
image_05756.jpg,jpg/image_05756.jpg,13,13,True,0.8368011713027954
image_05758.jpg,jpg/image_05758.jpg,13,13,True,0.8882890343666077
image_05759.jpg,jpg/image_05759.jpg,13,13,True,0.8573248386383057
image_05760.jpg,jpg/image_05760.jpg,13,13,True,0.9097241163253784
image_05761.jpg,jpg/image_05761.jpg,13,13,True,0.8611266016960144
image_05763.jpg,jpg/image_05763.jpg,13,13,True,0.8480566740036011
image_05764.jpg,jpg/image_05764.jpg,13,13,True,0.873076856136322
image_05765.jpg,jpg/image_05765.jpg,13,13,True,0.8549737334251404
image_05766.jpg,jpg/image_05766.jpg,13,13,True,0.882156491279602
image_05769.jpg,jpg/image_05769.jpg,13,13,True,0.868401288986206
image_05771.jpg,jpg/image_05771.jpg,13,13,True,0.8860477209091187
image_05775.jpg,jpg/image_05775.jpg,13,13,True,0.8881064653396606
image_05776.jpg,jpg/image_05776.jpg,13,13,True,0.830034613609314
image_05777.jpg,jpg/image_05777.jpg,13,13,True,0.8470450043678284
image_05778.jpg,jpg/image_05778.jpg,13,13,True,0.8414149880409241
image_05780.jpg,jpg/image_05780.jpg,13,13,True,0.6222119331359863
image_05781.jpg,jpg/image_05781.jpg,13,13,True,0.8269675374031067
image_05782.jpg,jpg/image_05782.jpg,13,13,True,0.8808587193489075
image_05784.jpg,jpg/image_05784.jpg,13,13,True,0.9156341552734375
image_05788.jpg,jpg/image_05788.jpg,13,13,True,0.8790017366409302
image_05792.jpg,jpg/image_05792.jpg,13,13,True,0.9034939408302307
image_06050.jpg,jpg/image_06050.jpg,14,14,True,0.8166919946670532
image_06054.jpg,jpg/image_06054.jpg,14,14,True,0.9099363088607788
image_06056.jpg,jpg/image_06056.jpg,14,14,True,0.5960724949836731
image_06062.jpg,jpg/image_06062.jpg,14,14,True,0.8294165730476379
image_06063.jpg,jpg/image_06063.jpg,14,29,False,0.3542444705963135
image_06064.jpg,jpg/image_06064.jpg,14,14,True,0.8302013278007507
image_06067.jpg,jpg/image_06067.jpg,14,14,True,0.8716869354248047
image_06068.jpg,jpg/image_06068.jpg,14,14,True,0.8671861290931702
image_06069.jpg,jpg/image_06069.jpg,14,14,True,0.8684678077697754
image_06071.jpg,jpg/image_06071.jpg,14,14,True,0.8936392664909363
image_06072.jpg,jpg/image_06072.jpg,14,14,True,0.8559409379959106
image_06074.jpg,jpg/image_06074.jpg,14,14,True,0.8953280448913574
image_06077.jpg,jpg/image_06077.jpg,14,14,True,0.8802121877670288
image_06078.jpg,jpg/image_06078.jpg,14,14,True,0.8621529936790466
image_06079.jpg,jpg/image_06079.jpg,14,14,True,0.8531122803688049
image_06080.jpg,jpg/image_06080.jpg,14,29,False,0.6665895581245422
image_06081.jpg,jpg/image_06081.jpg,14,14,True,0.8553662300109863
image_06082.jpg,jpg/image_06082.jpg,14,14,True,0.8756537437438965
image_06084.jpg,jpg/image_06084.jpg,14,14,True,0.8869743943214417
image_06085.jpg,jpg/image_06085.jpg,14,14,True,0.6324127912521362
image_06086.jpg,jpg/image_06086.jpg,14,14,True,0.8371438980102539
image_06088.jpg,jpg/image_06088.jpg,14,14,True,0.9123318791389465
image_06089.jpg,jpg/image_06089.jpg,14,14,True,0.49346116185188293
image_06090.jpg,jpg/image_06090.jpg,14,14,True,0.8321829438209534
image_06091.jpg,jpg/image_06091.jpg,14,14,True,0.8840606808662415
image_06094.jpg,jpg/image_06094.jpg,14,14,True,0.7542868852615356
image_06095.jpg,jpg/image_06095.jpg,14,14,True,0.8541840314865112
image_06096.jpg,jpg/image_06096.jpg,14,14,True,0.8962023258209229
image_06346.jpg,jpg/image_06346.jpg,15,15,True,0.8968775868415833
image_06347.jpg,jpg/image_06347.jpg,15,15,True,0.8355673551559448
image_06351.jpg,jpg/image_06351.jpg,15,15,True,0.8865834474563599
image_06352.jpg,jpg/image_06352.jpg,15,15,True,0.7014678120613098
image_06353.jpg,jpg/image_06353.jpg,15,15,True,0.7181835770606995
image_06355.jpg,jpg/image_06355.jpg,15,15,True,0.8068385720252991
image_06358.jpg,jpg/image_06358.jpg,15,15,True,0.7940261960029602
image_06360.jpg,jpg/image_06360.jpg,15,15,True,0.8532803654670715
image_06361.jpg,jpg/image_06361.jpg,15,15,True,0.5922634601593018
image_06362.jpg,jpg/image_06362.jpg,15,15,True,0.7915071249008179
image_06363.jpg,jpg/image_06363.jpg,15,15,True,0.8237237334251404
image_06365.jpg,jpg/image_06365.jpg,15,15,True,0.7406914234161377
image_06366.jpg,jpg/image_06366.jpg,15,15,True,0.8466949462890625
image_06367.jpg,jpg/image_06367.jpg,15,15,True,0.9071594476699829
image_06369.jpg,jpg/image_06369.jpg,15,15,True,0.9152950048446655
image_06370.jpg,jpg/image_06370.jpg,15,15,True,0.8785151243209839
image_06371.jpg,jpg/image_06371.jpg,15,15,True,0.8578948378562927
image_06372.jpg,jpg/image_06372.jpg,15,15,True,0.8992639780044556
image_06373.jpg,jpg/image_06373.jpg,15,15,True,0.5788393616676331
image_06374.jpg,jpg/image_06374.jpg,15,15,True,0.1506088227033615
image_06377.jpg,jpg/image_06377.jpg,15,15,True,0.8381595015525818
image_06379.jpg,jpg/image_06379.jpg,15,15,True,0.8333261013031006
image_06380.jpg,jpg/image_06380.jpg,15,15,True,0.8260126709938049
image_06382.jpg,jpg/image_06382.jpg,15,15,True,0.8793565034866333
image_06383.jpg,jpg/image_06383.jpg,15,15,True,0.9247905015945435
image_06385.jpg,jpg/image_06385.jpg,15,15,True,0.8554943203926086
image_06389.jpg,jpg/image_06389.jpg,15,15,True,0.9075880646705627
image_06391.jpg,jpg/image_06391.jpg,15,15,True,0.6954264640808105
image_06394.jpg,jpg/image_06394.jpg,15,15,True,0.8960977792739868
image_06653.jpg,jpg/image_06653.jpg,16,16,True,0.865126371383667
image_06654.jpg,jpg/image_06654.jpg,16,16,True,0.8783406019210815
image_06655.jpg,jpg/image_06655.jpg,16,16,True,0.8564677834510803
image_06656.jpg,jpg/image_06656.jpg,16,16,True,0.887627124786377
image_06657.jpg,jpg/image_06657.jpg,16,16,True,0.849894106388092
image_06658.jpg,jpg/image_06658.jpg,16,16,True,0.8947018980979919
image_06659.jpg,jpg/image_06659.jpg,16,16,True,0.8087115287780762
image_06661.jpg,jpg/image_06661.jpg,16,16,True,0.8640605211257935
image_06664.jpg,jpg/image_06664.jpg,16,16,True,0.8594494462013245
image_06665.jpg,jpg/image_06665.jpg,16,16,True,0.8954415917396545
image_06666.jpg,jpg/image_06666.jpg,16,16,True,0.9079297184944153
image_06670.jpg,jpg/image_06670.jpg,16,16,True,0.7642354369163513
image_06671.jpg,jpg/image_06671.jpg,16,16,True,0.7635399699211121
image_06672.jpg,jpg/image_06672.jpg,16,16,True,0.6621003746986389
image_06673.jpg,jpg/image_06673.jpg,16,16,True,0.25222378969192505
image_06676.jpg,jpg/image_06676.jpg,16,16,True,0.3027211129665375
image_06677.jpg,jpg/image_06677.jpg,16,16,True,0.6231988072395325
image_06683.jpg,jpg/image_06683.jpg,16,16,True,0.7507420778274536
image_06684.jpg,jpg/image_06684.jpg,16,16,True,0.2765704393386841
image_06685.jpg,jpg/image_06685.jpg,16,16,True,0.9064778685569763
image_06687.jpg,jpg/image_06687.jpg,16,16,True,0.8381855487823486
image_06777.jpg,jpg/image_06777.jpg,21,21,True,0.7686087489128113
image_06811.jpg,jpg/image_06811.jpg,21,21,True,0.8464592099189758
image_06801.jpg,jpg/image_06801.jpg,21,21,True,0.34517014026641846
image_06776.jpg,jpg/image_06776.jpg,21,21,True,0.8964346051216125
image_06784.jpg,jpg/image_06784.jpg,21,21,True,0.8595855832099915
image_06813.jpg,jpg/image_06813.jpg,21,21,True,0.4118615388870239
image_06787.jpg,jpg/image_06787.jpg,21,21,True,0.7592644095420837
image_06805.jpg,jpg/image_06805.jpg,21,21,True,0.6541566848754883
image_06779.jpg,jpg/image_06779.jpg,21,21,True,0.896318793296814
image_06785.jpg,jpg/image_06785.jpg,21,21,True,0.9094228148460388
image_06796.jpg,jpg/image_06796.jpg,21,21,True,0.8683019876480103
image_06782.jpg,jpg/image_06782.jpg,21,21,True,0.1856045424938202
image_06810.jpg,jpg/image_06810.jpg,21,21,True,0.8331450819969177
image_06778.jpg,jpg/image_06778.jpg,21,21,True,0.7555628418922424
image_06793.jpg,jpg/image_06793.jpg,21,21,True,0.8097935318946838
image_06791.jpg,jpg/image_06791.jpg,21,21,True,0.8371366262435913
image_06786.jpg,jpg/image_06786.jpg,21,21,True,0.8877754807472229
image_06807.jpg,jpg/image_06807.jpg,21,21,True,0.8831169605255127
image_06790.jpg,jpg/image_06790.jpg,21,21,True,0.7065334916114807
image_06774.jpg,jpg/image_06774.jpg,21,21,True,0.5992806553840637
image_03828.jpg,jpg/image_03828.jpg,17,17,True,0.8224589824676514
image_03829.jpg,jpg/image_03829.jpg,17,17,True,0.7221775650978088
image_03830.jpg,jpg/image_03830.jpg,17,17,True,0.9088447690010071
image_03831.jpg,jpg/image_03831.jpg,17,17,True,0.910422682762146
image_03832.jpg,jpg/image_03832.jpg,17,17,True,0.656733512878418
image_03833.jpg,jpg/image_03833.jpg,17,17,True,0.8982287049293518
image_03834.jpg,jpg/image_03834.jpg,17,17,True,0.9209005236625671
image_03837.jpg,jpg/image_03837.jpg,17,17,True,0.9308226108551025
image_03838.jpg,jpg/image_03838.jpg,17,17,True,0.89984530210495
image_03839.jpg,jpg/image_03839.jpg,17,17,True,0.6662977933883667
image_03840.jpg,jpg/image_03840.jpg,17,17,True,0.8743285536766052
image_03841.jpg,jpg/image_03841.jpg,17,17,True,0.9258919358253479
image_03842.jpg,jpg/image_03842.jpg,17,17,True,0.4764413833618164
image_03844.jpg,jpg/image_03844.jpg,17,17,True,0.9162570238113403
image_03845.jpg,jpg/image_03845.jpg,17,17,True,0.25752347707748413
image_03846.jpg,jpg/image_03846.jpg,17,17,True,0.8710392713546753
image_03847.jpg,jpg/image_03847.jpg,17,17,True,0.914559543132782
image_03849.jpg,jpg/image_03849.jpg,17,17,True,0.898625910282135
image_03850.jpg,jpg/image_03850.jpg,17,17,True,0.3955865800380707
image_03853.jpg,jpg/image_03853.jpg,17,17,True,0.11591459810733795
image_03856.jpg,jpg/image_03856.jpg,17,17,True,0.8578370213508606
image_03857.jpg,jpg/image_03857.jpg,17,17,True,0.8735077977180481
image_03858.jpg,jpg/image_03858.jpg,17,17,True,0.9158650636672974
image_03859.jpg,jpg/image_03859.jpg,17,17,True,0.8999050259590149
image_03861.jpg,jpg/image_03861.jpg,17,17,True,0.9052990674972534
image_03862.jpg,jpg/image_03862.jpg,17,17,True,0.9290931224822998
image_03863.jpg,jpg/image_03863.jpg,17,17,True,0.9220662117004395
image_03865.jpg,jpg/image_03865.jpg,17,17,True,0.8870100975036621
image_03866.jpg,jpg/image_03866.jpg,17,17,True,0.9145324230194092
image_03868.jpg,jpg/image_03868.jpg,17,17,True,0.9115609526634216
image_03869.jpg,jpg/image_03869.jpg,17,17,True,0.8999979496002197
image_03870.jpg,jpg/image_03870.jpg,17,17,True,0.8156963586807251
image_03871.jpg,jpg/image_03871.jpg,17,17,True,0.8033801317214966
image_03872.jpg,jpg/image_03872.jpg,17,17,True,0.7678711414337158
image_03876.jpg,jpg/image_03876.jpg,17,17,True,0.836658775806427
image_03877.jpg,jpg/image_03877.jpg,17,17,True,0.9006168246269226
image_03878.jpg,jpg/image_03878.jpg,17,17,True,0.8918581604957581
image_03880.jpg,jpg/image_03880.jpg,17,17,True,0.907015860080719
image_03881.jpg,jpg/image_03881.jpg,17,17,True,0.8112906217575073
image_03882.jpg,jpg/image_03882.jpg,17,17,True,0.8549597859382629
image_03883.jpg,jpg/image_03883.jpg,17,17,True,0.9083433151245117
image_03884.jpg,jpg/image_03884.jpg,17,17,True,0.9027289748191833
image_03885.jpg,jpg/image_03885.jpg,17,17,True,0.9181407690048218
image_03888.jpg,jpg/image_03888.jpg,17,17,True,0.9250205159187317
image_03889.jpg,jpg/image_03889.jpg,17,17,True,0.9203333854675293
image_03890.jpg,jpg/image_03890.jpg,17,17,True,0.9155418276786804
image_03891.jpg,jpg/image_03891.jpg,17,17,True,0.6075115203857422
image_03892.jpg,jpg/image_03892.jpg,17,17,True,0.9006426334381104
image_03893.jpg,jpg/image_03893.jpg,17,17,True,0.9169483184814453
image_03894.jpg,jpg/image_03894.jpg,17,17,True,0.8255842328071594
image_03895.jpg,jpg/image_03895.jpg,17,17,True,0.8814435005187988
image_03896.jpg,jpg/image_03896.jpg,17,17,True,0.8911868333816528
image_03897.jpg,jpg/image_03897.jpg,17,17,True,0.9273316860198975
image_03898.jpg,jpg/image_03898.jpg,17,17,True,0.6008264422416687
image_03899.jpg,jpg/image_03899.jpg,17,17,True,0.9314330220222473
image_03900.jpg,jpg/image_03900.jpg,17,17,True,0.8698003888130188
image_03901.jpg,jpg/image_03901.jpg,17,17,True,0.9006673097610474
image_03902.jpg,jpg/image_03902.jpg,17,17,True,0.8058307766914368
image_03904.jpg,jpg/image_03904.jpg,17,17,True,0.9075167775154114
image_03905.jpg,jpg/image_03905.jpg,17,17,True,0.8392472863197327
image_03906.jpg,jpg/image_03906.jpg,17,17,True,0.8750466704368591
image_03907.jpg,jpg/image_03907.jpg,17,17,True,0.8443905711174011
image_03909.jpg,jpg/image_03909.jpg,17,17,True,0.8742754459381104
image_03910.jpg,jpg/image_03910.jpg,17,17,True,0.9079034924507141
image_03911.jpg,jpg/image_03911.jpg,17,17,True,0.9223566651344299
image_04245.jpg,jpg/image_04245.jpg,18,18,True,0.9063462615013123
image_04247.jpg,jpg/image_04247.jpg,18,18,True,0.896097719669342
image_04248.jpg,jpg/image_04248.jpg,18,18,True,0.3643859624862671
image_04249.jpg,jpg/image_04249.jpg,18,18,True,0.59478360414505
image_04250.jpg,jpg/image_04250.jpg,18,18,True,0.8210464715957642
image_04251.jpg,jpg/image_04251.jpg,18,18,True,0.8756012916564941
image_04253.jpg,jpg/image_04253.jpg,18,18,True,0.6851290464401245
image_04254.jpg,jpg/image_04254.jpg,18,18,True,0.8463519215583801
image_04255.jpg,jpg/image_04255.jpg,18,18,True,0.8134591579437256
image_04257.jpg,jpg/image_04257.jpg,18,18,True,0.8143180012702942
image_04259.jpg,jpg/image_04259.jpg,18,18,True,0.8622777462005615
image_04262.jpg,jpg/image_04262.jpg,18,18,True,0.8828126788139343
image_04263.jpg,jpg/image_04263.jpg,18,18,True,0.8951385021209717
image_04264.jpg,jpg/image_04264.jpg,18,18,True,0.8615303635597229
image_04265.jpg,jpg/image_04265.jpg,18,18,True,0.8447703123092651
image_04266.jpg,jpg/image_04266.jpg,18,18,True,0.7696676850318909
image_04268.jpg,jpg/image_04268.jpg,18,18,True,0.8547094464302063
image_04269.jpg,jpg/image_04269.jpg,18,18,True,0.89478600025177
image_04270.jpg,jpg/image_04270.jpg,18,18,True,0.7636680006980896
image_04271.jpg,jpg/image_04271.jpg,18,18,True,0.7727137207984924
image_04272.jpg,jpg/image_04272.jpg,18,18,True,0.8191611766815186
image_04273.jpg,jpg/image_04273.jpg,18,18,True,0.869852602481842
image_04274.jpg,jpg/image_04274.jpg,18,18,True,0.8025591969490051
image_04275.jpg,jpg/image_04275.jpg,18,18,True,0.8694038987159729
image_04276.jpg,jpg/image_04276.jpg,18,18,True,0.844878077507019
image_04277.jpg,jpg/image_04277.jpg,18,18,True,0.8487318158149719
image_04278.jpg,jpg/image_04278.jpg,18,18,True,0.9001337885856628
image_04280.jpg,jpg/image_04280.jpg,18,18,True,0.8832200169563293
image_04281.jpg,jpg/image_04281.jpg,18,18,True,0.38240501284599304
image_04283.jpg,jpg/image_04283.jpg,18,18,True,0.7215307354927063
image_04285.jpg,jpg/image_04285.jpg,18,18,True,0.844019889831543
image_04286.jpg,jpg/image_04286.jpg,18,18,True,0.8155287504196167
image_04288.jpg,jpg/image_04288.jpg,18,18,True,0.8122829794883728
image_04290.jpg,jpg/image_04290.jpg,18,18,True,0.8502374291419983
image_04291.jpg,jpg/image_04291.jpg,18,18,True,0.7608885169029236
image_04292.jpg,jpg/image_04292.jpg,18,18,True,0.8547624349594116
image_04293.jpg,jpg/image_04293.jpg,18,18,True,0.6948761940002441
image_04294.jpg,jpg/image_04294.jpg,18,18,True,0.6736224293708801
image_04295.jpg,jpg/image_04295.jpg,18,18,True,0.7069647312164307
image_04301.jpg,jpg/image_04301.jpg,18,18,True,0.8052314519882202
image_04302.jpg,jpg/image_04302.jpg,18,18,True,0.2395143210887909
image_04303.jpg,jpg/image_04303.jpg,18,18,True,0.8708392381668091
image_04304.jpg,jpg/image_04304.jpg,18,18,True,0.8775572180747986
image_04305.jpg,jpg/image_04305.jpg,18,18,True,0.9094310998916626
image_04306.jpg,jpg/image_04306.jpg,18,18,True,0.8775101900100708
image_04307.jpg,jpg/image_04307.jpg,18,18,True,0.9044412970542908
image_04308.jpg,jpg/image_04308.jpg,18,18,True,0.7606115341186523
image_04309.jpg,jpg/image_04309.jpg,18,18,True,0.896224856376648
image_04310.jpg,jpg/image_04310.jpg,18,18,True,0.7656088471412659
image_04311.jpg,jpg/image_04311.jpg,18,18,True,0.8036643862724304
image_04313.jpg,jpg/image_04313.jpg,18,18,True,0.8622211217880249
image_04314.jpg,jpg/image_04314.jpg,18,18,True,0.7764254808425903
image_04315.jpg,jpg/image_04315.jpg,18,18,True,0.8961120843887329
image_04316.jpg,jpg/image_04316.jpg,18,18,True,0.8609640002250671
image_04317.jpg,jpg/image_04317.jpg,18,18,True,0.888340950012207
image_04318.jpg,jpg/image_04318.jpg,18,18,True,0.8283674716949463
image_04319.jpg,jpg/image_04319.jpg,18,18,True,0.8658931255340576
image_04320.jpg,jpg/image_04320.jpg,18,18,True,0.820731520652771
image_04321.jpg,jpg/image_04321.jpg,18,18,True,0.7607478499412537
image_04322.jpg,jpg/image_04322.jpg,18,18,True,0.8015733957290649
image_04324.jpg,jpg/image_04324.jpg,18,18,True,0.6345120668411255
image_04325.jpg,jpg/image_04325.jpg,18,18,True,0.8773928284645081
image_06149.jpg,jpg/image_06149.jpg,19,19,True,0.8309189677238464
image_06150.jpg,jpg/image_06150.jpg,19,19,True,0.8296518325805664
image_06151.jpg,jpg/image_06151.jpg,19,19,True,0.7038543224334717
image_06152.jpg,jpg/image_06152.jpg,19,19,True,0.8677847385406494
image_06153.jpg,jpg/image_06153.jpg,19,97,False,0.12257427722215652
image_06154.jpg,jpg/image_06154.jpg,19,19,True,0.47594210505485535
image_06158.jpg,jpg/image_06158.jpg,19,19,True,0.8367825746536255
image_06159.jpg,jpg/image_06159.jpg,19,19,True,0.7136870622634888
image_06160.jpg,jpg/image_06160.jpg,19,19,True,0.28683990240097046
image_06162.jpg,jpg/image_06162.jpg,19,19,True,0.9022827744483948
image_06163.jpg,jpg/image_06163.jpg,19,19,True,0.8618040680885315
image_06164.jpg,jpg/image_06164.jpg,19,19,True,0.8144387006759644
image_06166.jpg,jpg/image_06166.jpg,19,19,True,0.7418421506881714
image_06167.jpg,jpg/image_06167.jpg,19,19,True,0.7370362877845764
image_06168.jpg,jpg/image_06168.jpg,19,19,True,0.8933538794517517
image_06171.jpg,jpg/image_06171.jpg,19,19,True,0.887890100479126
image_06172.jpg,jpg/image_06172.jpg,19,19,True,0.8139987587928772
image_06173.jpg,jpg/image_06173.jpg,19,19,True,0.8641682267189026
image_06176.jpg,jpg/image_06176.jpg,19,19,True,0.7222769856452942
image_06177.jpg,jpg/image_06177.jpg,19,19,True,0.8959954977035522
image_06178.jpg,jpg/image_06178.jpg,19,67,False,0.08002803474664688
image_06182.jpg,jpg/image_06182.jpg,19,19,True,0.9059638381004333
image_06184.jpg,jpg/image_06184.jpg,19,19,True,0.551579475402832
image_06187.jpg,jpg/image_06187.jpg,19,19,True,0.9243538975715637
image_06188.jpg,jpg/image_06188.jpg,19,19,True,0.8885558843612671
image_06193.jpg,jpg/image_06193.jpg,19,19,True,0.9144001007080078
image_06194.jpg,jpg/image_06194.jpg,19,19,True,0.8884328603744507
image_06195.jpg,jpg/image_06195.jpg,19,19,True,0.9183628559112549
image_06197.jpg,jpg/image_06197.jpg,19,19,True,0.8860834836959839
image_04898.jpg,jpg/image_04898.jpg,20,20,True,0.799766480922699
image_04899.jpg,jpg/image_04899.jpg,20,20,True,0.7242714762687683
image_04900.jpg,jpg/image_04900.jpg,20,20,True,0.8154273629188538
image_04901.jpg,jpg/image_04901.jpg,20,20,True,0.4462544322013855
image_04902.jpg,jpg/image_04902.jpg,20,20,True,0.6897594332695007
image_04903.jpg,jpg/image_04903.jpg,20,20,True,0.7427882552146912
image_04906.jpg,jpg/image_04906.jpg,20,20,True,0.37971121072769165
image_04907.jpg,jpg/image_04907.jpg,20,20,True,0.776654064655304
image_04908.jpg,jpg/image_04908.jpg,20,20,True,0.8005720973014832
image_04909.jpg,jpg/image_04909.jpg,20,20,True,0.5952111482620239
image_04911.jpg,jpg/image_04911.jpg,20,20,True,0.4464748203754425
image_04913.jpg,jpg/image_04913.jpg,20,20,True,0.7651709914207458
image_04914.jpg,jpg/image_04914.jpg,20,20,True,0.7329180240631104
image_04915.jpg,jpg/image_04915.jpg,20,20,True,0.7670486569404602
image_04917.jpg,jpg/image_04917.jpg,20,20,True,0.557033896446228
image_04918.jpg,jpg/image_04918.jpg,20,20,True,0.2996308207511902
image_04920.jpg,jpg/image_04920.jpg,20,20,True,0.7952394485473633
image_04921.jpg,jpg/image_04921.jpg,20,20,True,0.1823461949825287
image_04922.jpg,jpg/image_04922.jpg,20,20,True,0.3962365686893463
image_04924.jpg,jpg/image_04924.jpg,20,20,True,0.8237509727478027
image_04926.jpg,jpg/image_04926.jpg,20,20,True,0.2736918330192566
image_04928.jpg,jpg/image_04928.jpg,20,20,True,0.7437188029289246
image_04929.jpg,jpg/image_04929.jpg,20,20,True,0.7056443691253662
image_04930.jpg,jpg/image_04930.jpg,20,20,True,0.587028443813324
image_04932.jpg,jpg/image_04932.jpg,20,20,True,0.4423462450504303
image_04933.jpg,jpg/image_04933.jpg,20,20,True,0.2228647768497467
image_04934.jpg,jpg/image_04934.jpg,20,20,True,0.5919879078865051
image_04937.jpg,jpg/image_04937.jpg,20,20,True,0.6341438293457031
image_04940.jpg,jpg/image_04940.jpg,20,20,True,0.550177812576294
image_04941.jpg,jpg/image_04941.jpg,20,20,True,0.49732986092567444
image_04942.jpg,jpg/image_04942.jpg,20,20,True,0.32706934213638306
image_04943.jpg,jpg/image_04943.jpg,20,75,False,0.12916205823421478
image_04946.jpg,jpg/image_04946.jpg,20,20,True,0.2136092483997345
image_04948.jpg,jpg/image_04948.jpg,20,20,True,0.8205099105834961
image_04949.jpg,jpg/image_04949.jpg,20,20,True,0.44803568720817566
image_04951.jpg,jpg/image_04951.jpg,20,20,True,0.7809354066848755
image_05340.jpg,jpg/image_05340.jpg,22,22,True,0.8528252840042114
image_05341.jpg,jpg/image_05341.jpg,22,22,True,0.8234139084815979
image_05342.jpg,jpg/image_05342.jpg,22,22,True,0.7992687821388245
image_05347.jpg,jpg/image_05347.jpg,22,22,True,0.6727669835090637
image_05348.jpg,jpg/image_05348.jpg,22,22,True,0.859717607498169
image_05349.jpg,jpg/image_05349.jpg,22,22,True,0.8667852282524109
image_05350.jpg,jpg/image_05350.jpg,22,22,True,0.4480710029602051
image_05352.jpg,jpg/image_05352.jpg,22,22,True,0.8666718602180481
image_05353.jpg,jpg/image_05353.jpg,22,22,True,0.20964479446411133
image_05355.jpg,jpg/image_05355.jpg,22,22,True,0.8531044125556946
image_05356.jpg,jpg/image_05356.jpg,22,22,True,0.5751667618751526
image_05357.jpg,jpg/image_05357.jpg,22,22,True,0.8372443318367004
image_05358.jpg,jpg/image_05358.jpg,22,22,True,0.7017887830734253
image_05361.jpg,jpg/image_05361.jpg,22,22,True,0.8270114660263062
image_05363.jpg,jpg/image_05363.jpg,22,22,True,0.7967677116394043
image_05364.jpg,jpg/image_05364.jpg,22,22,True,0.825549304485321
image_05365.jpg,jpg/image_05365.jpg,22,22,True,0.8955109119415283
image_05368.jpg,jpg/image_05368.jpg,22,22,True,0.8737415075302124
image_05370.jpg,jpg/image_05370.jpg,22,22,True,0.9135259985923767
image_05371.jpg,jpg/image_05371.jpg,22,22,True,0.8365877270698547
image_05372.jpg,jpg/image_05372.jpg,22,22,True,0.8551241755485535
image_05375.jpg,jpg/image_05375.jpg,22,22,True,0.8042289614677429
image_05377.jpg,jpg/image_05377.jpg,22,22,True,0.8545565009117126
image_05378.jpg,jpg/image_05378.jpg,22,22,True,0.6048399209976196
image_05380.jpg,jpg/image_05380.jpg,22,22,True,0.7710258960723877
image_05381.jpg,jpg/image_05381.jpg,22,22,True,0.6022932529449463
image_05382.jpg,jpg/image_05382.jpg,22,22,True,0.9072781801223755
image_05383.jpg,jpg/image_05383.jpg,22,22,True,0.8416736721992493
image_05384.jpg,jpg/image_05384.jpg,22,22,True,0.2697799503803253
image_05385.jpg,jpg/image_05385.jpg,22,22,True,0.9046348333358765
image_05386.jpg,jpg/image_05386.jpg,22,22,True,0.7104591727256775
image_05387.jpg,jpg/image_05387.jpg,22,22,True,0.786859393119812
image_05390.jpg,jpg/image_05390.jpg,22,22,True,0.7903382778167725
image_05391.jpg,jpg/image_05391.jpg,22,22,True,0.5225158333778381
image_05393.jpg,jpg/image_05393.jpg,22,22,True,0.8586894273757935
image_05394.jpg,jpg/image_05394.jpg,22,22,True,0.8475422859191895
image_05395.jpg,jpg/image_05395.jpg,22,22,True,0.8916066288948059
image_05397.jpg,jpg/image_05397.jpg,22,22,True,0.8966289758682251
image_05398.jpg,jpg/image_05398.jpg,22,22,True,0.8609690070152283
image_03369.jpg,jpg/image_03369.jpg,23,23,True,0.8538937568664551
image_03370.jpg,jpg/image_03370.jpg,23,97,False,0.24089092016220093
image_03372.jpg,jpg/image_03372.jpg,23,97,False,0.15600460767745972
image_03374.jpg,jpg/image_03374.jpg,23,23,True,0.8004851937294006
image_03375.jpg,jpg/image_03375.jpg,23,23,True,0.8858635425567627
image_03376.jpg,jpg/image_03376.jpg,23,23,True,0.8915267586708069
image_03377.jpg,jpg/image_03377.jpg,23,23,True,0.8968944549560547
image_03378.jpg,jpg/image_03378.jpg,23,97,False,0.30594345927238464
image_03379.jpg,jpg/image_03379.jpg,23,23,True,0.8738501071929932
image_03380.jpg,jpg/image_03380.jpg,23,23,True,0.884349524974823
image_03381.jpg,jpg/image_03381.jpg,23,23,True,0.885114848613739
image_03382.jpg,jpg/image_03382.jpg,23,23,True,0.9184467792510986
image_03383.jpg,jpg/image_03383.jpg,23,23,True,0.051625244319438934
image_03384.jpg,jpg/image_03384.jpg,23,23,True,0.8699920773506165
image_03385.jpg,jpg/image_03385.jpg,23,97,False,0.1027418002486229
image_03387.jpg,jpg/image_03387.jpg,23,23,True,0.8731442093849182
image_03388.jpg,jpg/image_03388.jpg,23,23,True,0.802700400352478
image_03389.jpg,jpg/image_03389.jpg,23,20,False,0.20046678185462952
image_03390.jpg,jpg/image_03390.jpg,23,23,True,0.9144606590270996
image_03391.jpg,jpg/image_03391.jpg,23,23,True,0.9100413918495178
image_03393.jpg,jpg/image_03393.jpg,23,23,True,0.8622559309005737
image_03394.jpg,jpg/image_03394.jpg,23,23,True,0.6673606038093567
image_03396.jpg,jpg/image_03396.jpg,23,23,True,0.8990260362625122
image_03397.jpg,jpg/image_03397.jpg,23,23,True,0.8971474170684814
image_03398.jpg,jpg/image_03398.jpg,23,23,True,0.9019342064857483
image_03400.jpg,jpg/image_03400.jpg,23,23,True,0.9009870886802673
image_03401.jpg,jpg/image_03401.jpg,23,23,True,0.8993560075759888
image_03403.jpg,jpg/image_03403.jpg,23,23,True,0.8504968881607056
image_03405.jpg,jpg/image_03405.jpg,23,23,True,0.8665090203285217
image_03407.jpg,jpg/image_03407.jpg,23,23,True,0.8652452230453491
image_03408.jpg,jpg/image_03408.jpg,23,97,False,0.14910253882408142
image_03409.jpg,jpg/image_03409.jpg,23,23,True,0.8299930095672607
image_03410.jpg,jpg/image_03410.jpg,23,23,True,0.9247998595237732
image_03411.jpg,jpg/image_03411.jpg,23,23,True,0.8958156704902649
image_03412.jpg,jpg/image_03412.jpg,23,23,True,0.9068845510482788
image_03413.jpg,jpg/image_03413.jpg,23,23,True,0.8083180785179138
image_03414.jpg,jpg/image_03414.jpg,23,23,True,0.24034009873867035
image_03415.jpg,jpg/image_03415.jpg,23,23,True,0.8474739193916321
image_03416.jpg,jpg/image_03416.jpg,23,23,True,0.9216042757034302
image_03417.jpg,jpg/image_03417.jpg,23,23,True,0.2220122367143631
image_03418.jpg,jpg/image_03418.jpg,23,40,False,0.07016786932945251
image_03419.jpg,jpg/image_03419.jpg,23,23,True,0.9036465883255005
image_03421.jpg,jpg/image_03421.jpg,23,23,True,0.8650862574577332
image_03422.jpg,jpg/image_03422.jpg,23,23,True,0.8974049091339111
image_03423.jpg,jpg/image_03423.jpg,23,23,True,0.919991135597229
image_03425.jpg,jpg/image_03425.jpg,23,23,True,0.7608618140220642
image_03426.jpg,jpg/image_03426.jpg,23,23,True,0.8311870098114014
image_03428.jpg,jpg/image_03428.jpg,23,23,True,0.8962316513061523
image_03429.jpg,jpg/image_03429.jpg,23,23,True,0.8859394192695618
image_03430.jpg,jpg/image_03430.jpg,23,23,True,0.8866193294525146
image_03431.jpg,jpg/image_03431.jpg,23,23,True,0.9029297232627869
image_03432.jpg,jpg/image_03432.jpg,23,23,True,0.8096539974212646
image_03433.jpg,jpg/image_03433.jpg,23,23,True,0.8357234001159668
image_03434.jpg,jpg/image_03434.jpg,23,23,True,0.9109679460525513
image_03435.jpg,jpg/image_03435.jpg,23,23,True,0.8448910117149353
image_03436.jpg,jpg/image_03436.jpg,23,23,True,0.8793280720710754
image_03437.jpg,jpg/image_03437.jpg,23,23,True,0.8853030204772949
image_03438.jpg,jpg/image_03438.jpg,23,23,True,0.8786395192146301
image_03439.jpg,jpg/image_03439.jpg,23,23,True,0.8524892926216125
image_03444.jpg,jpg/image_03444.jpg,23,23,True,0.9191382527351379
image_03447.jpg,jpg/image_03447.jpg,23,23,True,0.23182809352874756
image_03450.jpg,jpg/image_03450.jpg,23,23,True,0.8566778302192688
image_03451.jpg,jpg/image_03451.jpg,23,23,True,0.9172961115837097
image_03452.jpg,jpg/image_03452.jpg,23,23,True,0.9163588285446167
image_03453.jpg,jpg/image_03453.jpg,23,23,True,0.8819088935852051
image_03454.jpg,jpg/image_03454.jpg,23,23,True,0.8817928433418274
image_03455.jpg,jpg/image_03455.jpg,23,23,True,0.9133954048156738
image_03456.jpg,jpg/image_03456.jpg,23,23,True,0.6784250736236572
image_03457.jpg,jpg/image_03457.jpg,23,23,True,0.8516103625297546
image_03458.jpg,jpg/image_03458.jpg,23,23,True,0.07356256991624832
image_03459.jpg,jpg/image_03459.jpg,23,23,True,0.8415417671203613
image_06815.jpg,jpg/image_06815.jpg,24,24,True,0.7202642560005188
image_06818.jpg,jpg/image_06818.jpg,24,24,True,0.8988743424415588
image_06820.jpg,jpg/image_06820.jpg,24,24,True,0.8859851360321045
image_06821.jpg,jpg/image_06821.jpg,24,24,True,0.6019353866577148
image_06822.jpg,jpg/image_06822.jpg,24,24,True,0.9115169048309326
image_06823.jpg,jpg/image_06823.jpg,24,24,True,0.8294174671173096
image_06826.jpg,jpg/image_06826.jpg,24,24,True,0.8260200023651123
image_06827.jpg,jpg/image_06827.jpg,24,24,True,0.8953645825386047
image_06829.jpg,jpg/image_06829.jpg,24,24,True,0.9028253555297852
image_06830.jpg,jpg/image_06830.jpg,24,24,True,0.899294376373291
image_06835.jpg,jpg/image_06835.jpg,24,24,True,0.9097888469696045
image_06836.jpg,jpg/image_06836.jpg,24,24,True,0.8370392322540283
image_06837.jpg,jpg/image_06837.jpg,24,24,True,0.8134505748748779
image_06838.jpg,jpg/image_06838.jpg,24,24,True,0.8691689968109131
image_06843.jpg,jpg/image_06843.jpg,24,24,True,0.3952327072620392
image_06844.jpg,jpg/image_06844.jpg,24,24,True,0.8380311727523804
image_06846.jpg,jpg/image_06846.jpg,24,24,True,0.7311213612556458
image_06847.jpg,jpg/image_06847.jpg,24,24,True,0.9089681506156921
image_08049.jpg,jpg/image_08049.jpg,24,24,True,0.21593238413333893
image_08050.jpg,jpg/image_08050.jpg,24,24,True,0.859481155872345
image_08052.jpg,jpg/image_08052.jpg,24,24,True,0.40289852023124695
image_08053.jpg,jpg/image_08053.jpg,24,24,True,0.7568669319152832
image_06571.jpg,jpg/image_06571.jpg,25,25,True,0.9059147834777832
image_06572.jpg,jpg/image_06572.jpg,25,25,True,0.832317054271698
image_06575.jpg,jpg/image_06575.jpg,25,25,True,0.9224199652671814
image_06579.jpg,jpg/image_06579.jpg,25,25,True,0.8992857933044434
image_06581.jpg,jpg/image_06581.jpg,25,25,True,0.8738735914230347
image_06583.jpg,jpg/image_06583.jpg,25,25,True,0.5923773050308228
image_06586.jpg,jpg/image_06586.jpg,25,25,True,0.9220653176307678
image_06588.jpg,jpg/image_06588.jpg,25,25,True,0.8649010062217712
image_06589.jpg,jpg/image_06589.jpg,25,25,True,0.9252084493637085
image_06595.jpg,jpg/image_06595.jpg,25,25,True,0.8668408393859863
image_06596.jpg,jpg/image_06596.jpg,25,25,True,0.7522941827774048
image_06597.jpg,jpg/image_06597.jpg,25,25,True,0.9258641600608826
image_06598.jpg,jpg/image_06598.jpg,25,25,True,0.8930333852767944
image_06600.jpg,jpg/image_06600.jpg,25,25,True,0.8959892392158508
image_06602.jpg,jpg/image_06602.jpg,25,25,True,0.9224650859832764
image_06604.jpg,jpg/image_06604.jpg,25,25,True,0.9165623784065247
image_06606.jpg,jpg/image_06606.jpg,25,25,True,0.8499405980110168
image_06607.jpg,jpg/image_06607.jpg,25,25,True,0.9281488060951233
image_06608.jpg,jpg/image_06608.jpg,25,25,True,0.8955378532409668
image_06609.jpg,jpg/image_06609.jpg,25,25,True,0.916217029094696
image_06610.jpg,jpg/image_06610.jpg,25,25,True,0.8130399584770203
image_06488.jpg,jpg/image_06488.jpg,26,26,True,0.8869098424911499
image_06489.jpg,jpg/image_06489.jpg,26,26,True,0.8255017995834351
image_06490.jpg,jpg/image_06490.jpg,26,26,True,0.5480629205703735
image_06492.jpg,jpg/image_06492.jpg,26,26,True,0.8386649489402771
image_06493.jpg,jpg/image_06493.jpg,26,26,True,0.7561110258102417
image_06495.jpg,jpg/image_06495.jpg,26,26,True,0.3265303671360016
image_06496.jpg,jpg/image_06496.jpg,26,74,False,0.20616266131401062
image_06497.jpg,jpg/image_06497.jpg,26,26,True,0.14366808533668518
image_06498.jpg,jpg/image_06498.jpg,26,26,True,0.09650977700948715
image_06499.jpg,jpg/image_06499.jpg,26,26,True,0.9011068344116211
image_06500.jpg,jpg/image_06500.jpg,26,26,True,0.6858426928520203
image_06501.jpg,jpg/image_06501.jpg,26,26,True,0.8494448065757751
image_06502.jpg,jpg/image_06502.jpg,26,26,True,0.6760514974594116
image_06503.jpg,jpg/image_06503.jpg,26,26,True,0.7698566913604736
image_06504.jpg,jpg/image_06504.jpg,26,26,True,0.22554831206798553
image_06507.jpg,jpg/image_06507.jpg,26,26,True,0.919948160648346
image_06508.jpg,jpg/image_06508.jpg,26,26,True,0.769569456577301
image_06511.jpg,jpg/image_06511.jpg,26,26,True,0.7639686465263367
image_06514.jpg,jpg/image_06514.jpg,26,26,True,0.8619325160980225
image_06526.jpg,jpg/image_06526.jpg,26,88,False,0.2889558672904968
image_06527.jpg,jpg/image_06527.jpg,26,26,True,0.7244354486465454
image_06851.jpg,jpg/image_06851.jpg,27,27,True,0.8167240619659424
image_06853.jpg,jpg/image_06853.jpg,27,27,True,0.8560838103294373
image_06862.jpg,jpg/image_06862.jpg,27,27,True,0.8728203177452087
image_06863.jpg,jpg/image_06863.jpg,27,27,True,0.9223829507827759
image_06864.jpg,jpg/image_06864.jpg,27,27,True,0.8070386052131653
image_06866.jpg,jpg/image_06866.jpg,27,27,True,0.8812159299850464
image_06868.jpg,jpg/image_06868.jpg,27,27,True,0.8867910504341125
image_06871.jpg,jpg/image_06871.jpg,27,27,True,0.8624966740608215
image_06874.jpg,jpg/image_06874.jpg,27,27,True,0.872474730014801
image_06875.jpg,jpg/image_06875.jpg,27,27,True,0.8913915753364563
image_06876.jpg,jpg/image_06876.jpg,27,27,True,0.8677294850349426
image_06877.jpg,jpg/image_06877.jpg,27,27,True,0.8425090312957764
image_06879.jpg,jpg/image_06879.jpg,27,27,True,0.8997244834899902
image_06880.jpg,jpg/image_06880.jpg,27,27,True,0.8933323621749878
image_06881.jpg,jpg/image_06881.jpg,27,27,True,0.8974592089653015
image_06882.jpg,jpg/image_06882.jpg,27,27,True,0.9008880257606506
image_06884.jpg,jpg/image_06884.jpg,27,27,True,0.8467087149620056
image_06887.jpg,jpg/image_06887.jpg,27,27,True,0.818710207939148
image_06888.jpg,jpg/image_06888.jpg,27,27,True,0.886467456817627
image_06889.jpg,jpg/image_06889.jpg,27,27,True,0.7554588913917542
image_05212.jpg,jpg/image_05212.jpg,28,28,True,0.9193457365036011
image_05213.jpg,jpg/image_05213.jpg,28,28,True,0.6402571797370911
image_05214.jpg,jpg/image_05214.jpg,28,28,True,0.8724365234375
image_05215.jpg,jpg/image_05215.jpg,28,28,True,0.6892417669296265
image_05216.jpg,jpg/image_05216.jpg,28,28,True,0.8225018978118896
image_05217.jpg,jpg/image_05217.jpg,28,28,True,0.618722140789032
image_05218.jpg,jpg/image_05218.jpg,28,28,True,0.3414156436920166
image_05219.jpg,jpg/image_05219.jpg,28,28,True,0.6661741137504578
image_05220.jpg,jpg/image_05220.jpg,28,28,True,0.875573992729187
image_05222.jpg,jpg/image_05222.jpg,28,28,True,0.8621198534965515
image_05223.jpg,jpg/image_05223.jpg,28,28,True,0.7089370489120483
image_05225.jpg,jpg/image_05225.jpg,28,28,True,0.3171639144420624
image_05227.jpg,jpg/image_05227.jpg,28,9,False,0.12409133464097977
image_05228.jpg,jpg/image_05228.jpg,28,28,True,0.8127207159996033
image_05229.jpg,jpg/image_05229.jpg,28,28,True,0.8002267479896545
image_05231.jpg,jpg/image_05231.jpg,28,28,True,0.8514710664749146
image_05236.jpg,jpg/image_05236.jpg,28,28,True,0.8519914150238037
image_05237.jpg,jpg/image_05237.jpg,28,28,True,0.7610601186752319
image_05238.jpg,jpg/image_05238.jpg,28,28,True,0.8943566083908081
image_05239.jpg,jpg/image_05239.jpg,28,28,True,0.7170896530151367
image_05241.jpg,jpg/image_05241.jpg,28,28,True,0.4426656663417816
image_05244.jpg,jpg/image_05244.jpg,28,28,True,0.6986207962036133
image_05245.jpg,jpg/image_05245.jpg,28,28,True,0.7738171219825745
image_05246.jpg,jpg/image_05246.jpg,28,28,True,0.544219434261322
image_05247.jpg,jpg/image_05247.jpg,28,28,True,0.7531131505966187
image_05248.jpg,jpg/image_05248.jpg,28,28,True,0.8232608437538147
image_05249.jpg,jpg/image_05249.jpg,28,28,True,0.7658453583717346
image_05250.jpg,jpg/image_05250.jpg,28,28,True,0.6643072366714478
image_05251.jpg,jpg/image_05251.jpg,28,28,True,0.7550792694091797
image_05252.jpg,jpg/image_05252.jpg,28,28,True,0.9381880760192871
image_05253.jpg,jpg/image_05253.jpg,28,28,True,0.7998098731040955
image_05254.jpg,jpg/image_05254.jpg,28,28,True,0.7011085152626038
image_05255.jpg,jpg/image_05255.jpg,28,28,True,0.8440371155738831
image_05257.jpg,jpg/image_05257.jpg,28,28,True,0.9048442244529724
image_05258.jpg,jpg/image_05258.jpg,28,28,True,0.7777420282363892
image_05262.jpg,jpg/image_05262.jpg,28,28,True,0.6358084082603455
image_05263.jpg,jpg/image_05263.jpg,28,28,True,0.868439793586731
image_05264.jpg,jpg/image_05264.jpg,28,28,True,0.6449986100196838
image_05267.jpg,jpg/image_05267.jpg,28,28,True,0.54758620262146
image_05269.jpg,jpg/image_05269.jpg,28,28,True,0.7663983106613159
image_05270.jpg,jpg/image_05270.jpg,28,28,True,0.5566979050636292
image_05271.jpg,jpg/image_05271.jpg,28,28,True,0.8546218872070312
image_05273.jpg,jpg/image_05273.jpg,28,28,True,0.6837013959884644
image_05274.jpg,jpg/image_05274.jpg,28,28,True,0.6583195328712463
image_05275.jpg,jpg/image_05275.jpg,28,28,True,0.7169547080993652
image_05277.jpg,jpg/image_05277.jpg,28,28,True,0.9248970150947571
image_04081.jpg,jpg/image_04081.jpg,29,29,True,0.9117398858070374
image_04082.jpg,jpg/image_04082.jpg,29,29,True,0.8913933634757996
image_04083.jpg,jpg/image_04083.jpg,29,29,True,0.8900443911552429
image_04084.jpg,jpg/image_04084.jpg,29,29,True,0.8690815567970276
image_04085.jpg,jpg/image_04085.jpg,29,29,True,0.8117173910140991
image_04086.jpg,jpg/image_04086.jpg,29,14,False,0.5487890839576721
image_04087.jpg,jpg/image_04087.jpg,29,29,True,0.9040853977203369
image_04090.jpg,jpg/image_04090.jpg,29,29,True,0.5138737559318542
image_04091.jpg,jpg/image_04091.jpg,29,29,True,0.8985242247581482
image_04092.jpg,jpg/image_04092.jpg,29,29,True,0.5812251567840576
image_04093.jpg,jpg/image_04093.jpg,29,29,True,0.8618698716163635
image_04096.jpg,jpg/image_04096.jpg,29,29,True,0.9116462469100952
image_04097.jpg,jpg/image_04097.jpg,29,29,True,0.8052452802658081
image_04098.jpg,jpg/image_04098.jpg,29,29,True,0.9214004278182983
image_04099.jpg,jpg/image_04099.jpg,29,29,True,0.9164608120918274
image_04101.jpg,jpg/image_04101.jpg,29,29,True,0.902266800403595
image_04102.jpg,jpg/image_04102.jpg,29,29,True,0.9013956785202026
image_04104.jpg,jpg/image_04104.jpg,29,29,True,0.8243722319602966
image_04106.jpg,jpg/image_04106.jpg,29,29,True,0.8354869484901428
image_04108.jpg,jpg/image_04108.jpg,29,29,True,0.910706639289856
image_04109.jpg,jpg/image_04109.jpg,29,29,True,0.8707902431488037
image_04111.jpg,jpg/image_04111.jpg,29,29,True,0.9123245477676392
image_04112.jpg,jpg/image_04112.jpg,29,29,True,0.8699283003807068
image_04114.jpg,jpg/image_04114.jpg,29,29,True,0.8734104037284851
image_04115.jpg,jpg/image_04115.jpg,29,29,True,0.8207785487174988
image_04117.jpg,jpg/image_04117.jpg,29,29,True,0.9115074872970581
image_04118.jpg,jpg/image_04118.jpg,29,29,True,0.8779891133308411
image_04119.jpg,jpg/image_04119.jpg,29,29,True,0.9080007672309875
image_04120.jpg,jpg/image_04120.jpg,29,29,True,0.903329610824585
image_04121.jpg,jpg/image_04121.jpg,29,29,True,0.9136202335357666
image_04122.jpg,jpg/image_04122.jpg,29,29,True,0.9152793884277344
image_04124.jpg,jpg/image_04124.jpg,29,29,True,0.9074892997741699
image_04125.jpg,jpg/image_04125.jpg,29,29,True,0.928685188293457
image_04126.jpg,jpg/image_04126.jpg,29,29,True,0.8260688185691833
image_04130.jpg,jpg/image_04130.jpg,29,29,True,0.9285404682159424
image_04131.jpg,jpg/image_04131.jpg,29,29,True,0.9205905795097351
image_04132.jpg,jpg/image_04132.jpg,29,29,True,0.6725638508796692
image_04133.jpg,jpg/image_04133.jpg,29,29,True,0.9016603827476501
image_04135.jpg,jpg/image_04135.jpg,29,29,True,0.9114020466804504
image_04136.jpg,jpg/image_04136.jpg,29,29,True,0.8882490396499634
image_04137.jpg,jpg/image_04137.jpg,29,29,True,0.9121259450912476
image_04138.jpg,jpg/image_04138.jpg,29,29,True,0.9187333583831787
image_04140.jpg,jpg/image_04140.jpg,29,29,True,0.9183400273323059
image_04141.jpg,jpg/image_04141.jpg,29,29,True,0.9050804972648621
image_04143.jpg,jpg/image_04143.jpg,29,29,True,0.901095986366272
image_04144.jpg,jpg/image_04144.jpg,29,29,True,0.8805223703384399
image_04145.jpg,jpg/image_04145.jpg,29,29,True,0.7717038989067078
image_04146.jpg,jpg/image_04146.jpg,29,29,True,0.8910350799560547
image_04147.jpg,jpg/image_04147.jpg,29,29,True,0.9198915362358093
image_04148.jpg,jpg/image_04148.jpg,29,29,True,0.929710328578949
image_04149.jpg,jpg/image_04149.jpg,29,29,True,0.9016909003257751
image_04150.jpg,jpg/image_04150.jpg,29,29,True,0.9110294580459595
image_04151.jpg,jpg/image_04151.jpg,29,29,True,0.5251806378364563
image_04154.jpg,jpg/image_04154.jpg,29,29,True,0.9136114120483398
image_04155.jpg,jpg/image_04155.jpg,29,29,True,0.9208539128303528
image_04156.jpg,jpg/image_04156.jpg,29,29,True,0.8908670544624329
image_04157.jpg,jpg/image_04157.jpg,29,29,True,0.9195261597633362
image_04158.jpg,jpg/image_04158.jpg,29,29,True,0.9122641086578369
image_03460.jpg,jpg/image_03460.jpg,30,30,True,0.3189835250377655
image_03461.jpg,jpg/image_03461.jpg,30,30,True,0.6847409009933472
image_03462.jpg,jpg/image_03462.jpg,30,30,True,0.8809506893157959
image_03463.jpg,jpg/image_03463.jpg,30,30,True,0.49296754598617554
image_03466.jpg,jpg/image_03466.jpg,30,30,True,0.8324846625328064
image_03467.jpg,jpg/image_03467.jpg,30,30,True,0.4121951758861542
image_03468.jpg,jpg/image_03468.jpg,30,90,False,0.07368244975805283
image_03470.jpg,jpg/image_03470.jpg,30,32,False,0.4516906440258026
image_03472.jpg,jpg/image_03472.jpg,30,30,True,0.19374114274978638
image_03474.jpg,jpg/image_03474.jpg,30,30,True,0.918298065662384
image_03475.jpg,jpg/image_03475.jpg,30,30,True,0.916458010673523
image_03476.jpg,jpg/image_03476.jpg,30,30,True,0.9042670726776123
image_03477.jpg,jpg/image_03477.jpg,30,30,True,0.8824766874313354
image_03479.jpg,jpg/image_03479.jpg,30,38,False,0.09565972536802292
image_03481.jpg,jpg/image_03481.jpg,30,30,True,0.6580559015274048
image_03482.jpg,jpg/image_03482.jpg,30,30,True,0.8841368556022644
image_03485.jpg,jpg/image_03485.jpg,30,30,True,0.5331347584724426
image_03486.jpg,jpg/image_03486.jpg,30,30,True,0.8973428010940552
image_03487.jpg,jpg/image_03487.jpg,30,30,True,0.8681407570838928
image_03490.jpg,jpg/image_03490.jpg,30,90,False,0.05569145083427429
image_03491.jpg,jpg/image_03491.jpg,30,26,False,0.07000897079706192
image_03492.jpg,jpg/image_03492.jpg,30,30,True,0.4797416031360626
image_03493.jpg,jpg/image_03493.jpg,30,72,False,0.15024641156196594
image_03494.jpg,jpg/image_03494.jpg,30,30,True,0.09586872160434723
image_03495.jpg,jpg/image_03495.jpg,30,30,True,0.1639992594718933
image_03496.jpg,jpg/image_03496.jpg,30,30,True,0.7537214159965515
image_03497.jpg,jpg/image_03497.jpg,30,30,True,0.6149543523788452
image_03498.jpg,jpg/image_03498.jpg,30,30,True,0.8155506253242493
image_03499.jpg,jpg/image_03499.jpg,30,30,True,0.49782174825668335
image_03500.jpg,jpg/image_03500.jpg,30,30,True,0.5822014212608337
image_03502.jpg,jpg/image_03502.jpg,30,30,True,0.8992596864700317
image_03503.jpg,jpg/image_03503.jpg,30,30,True,0.8068615794181824
image_03504.jpg,jpg/image_03504.jpg,30,30,True,0.9121500253677368
image_03506.jpg,jpg/image_03506.jpg,30,30,True,0.8429175019264221
image_03507.jpg,jpg/image_03507.jpg,30,30,True,0.9146817922592163
image_03509.jpg,jpg/image_03509.jpg,30,30,True,0.9235264658927917
image_03511.jpg,jpg/image_03511.jpg,30,30,True,0.9121359586715698
image_03512.jpg,jpg/image_03512.jpg,30,30,True,0.9135542511940002
image_03513.jpg,jpg/image_03513.jpg,30,30,True,0.932310163974762
image_03514.jpg,jpg/image_03514.jpg,30,30,True,0.9290953874588013
image_03515.jpg,jpg/image_03515.jpg,30,30,True,0.7441912889480591
image_03516.jpg,jpg/image_03516.jpg,30,30,True,0.7502023577690125
image_03517.jpg,jpg/image_03517.jpg,30,30,True,0.4720063805580139
image_03519.jpg,jpg/image_03519.jpg,30,30,True,0.9025012254714966
image_03520.jpg,jpg/image_03520.jpg,30,30,True,0.680339515209198
image_03522.jpg,jpg/image_03522.jpg,30,30,True,0.8929829597473145
image_03523.jpg,jpg/image_03523.jpg,30,30,True,0.32764312624931335
image_03525.jpg,jpg/image_03525.jpg,30,30,True,0.8948274254798889
image_03526.jpg,jpg/image_03526.jpg,30,30,True,0.9028546810150146
image_03527.jpg,jpg/image_03527.jpg,30,30,True,0.88512122631073
image_03529.jpg,jpg/image_03529.jpg,30,30,True,0.9127551913261414
image_03530.jpg,jpg/image_03530.jpg,30,30,True,0.8435119986534119
image_03531.jpg,jpg/image_03531.jpg,30,30,True,0.7841951847076416
image_03532.jpg,jpg/image_03532.jpg,30,30,True,0.9158483743667603
image_03533.jpg,jpg/image_03533.jpg,30,30,True,0.8785845041275024
image_03534.jpg,jpg/image_03534.jpg,30,30,True,0.3819296360015869
image_03535.jpg,jpg/image_03535.jpg,30,39,False,0.09657875448465347
image_03536.jpg,jpg/image_03536.jpg,30,30,True,0.9274665713310242
image_03537.jpg,jpg/image_03537.jpg,30,30,True,0.9158973693847656
image_03539.jpg,jpg/image_03539.jpg,30,30,True,0.8549724817276001
image_03540.jpg,jpg/image_03540.jpg,30,30,True,0.6490888595581055
image_03541.jpg,jpg/image_03541.jpg,30,51,False,0.05751469358801842
image_03542.jpg,jpg/image_03542.jpg,30,30,True,0.8900879621505737
image_03543.jpg,jpg/image_03543.jpg,30,30,True,0.9158052206039429
image_03544.jpg,jpg/image_03544.jpg,30,30,True,0.8960805535316467
image_06890.jpg,jpg/image_06890.jpg,31,31,True,0.6843546032905579
image_06891.jpg,jpg/image_06891.jpg,31,31,True,0.13695797324180603
image_06895.jpg,jpg/image_06895.jpg,31,31,True,0.60523521900177
image_06896.jpg,jpg/image_06896.jpg,31,31,True,0.7771322727203369
image_06897.jpg,jpg/image_06897.jpg,31,31,True,0.2986356317996979
image_06898.jpg,jpg/image_06898.jpg,31,31,True,0.6981251835823059
image_06899.jpg,jpg/image_06899.jpg,31,31,True,0.9036412835121155
image_06900.jpg,jpg/image_06900.jpg,31,31,True,0.8783755898475647
image_06901.jpg,jpg/image_06901.jpg,31,31,True,0.5574384927749634
image_06903.jpg,jpg/image_06903.jpg,31,31,True,0.7697983980178833
image_06905.jpg,jpg/image_06905.jpg,31,31,True,0.8183364272117615
image_06908.jpg,jpg/image_06908.jpg,31,31,True,0.6745167970657349
image_06914.jpg,jpg/image_06914.jpg,31,31,True,0.5217328071594238
image_06915.jpg,jpg/image_06915.jpg,31,31,True,0.4016176164150238
image_06916.jpg,jpg/image_06916.jpg,31,31,True,0.5755621790885925
image_06918.jpg,jpg/image_06918.jpg,31,31,True,0.782727837562561
image_06919.jpg,jpg/image_06919.jpg,31,31,True,0.7230858206748962
image_06920.jpg,jpg/image_06920.jpg,31,31,True,0.7390725016593933
image_06921.jpg,jpg/image_06921.jpg,31,31,True,0.37946075201034546
image_06923.jpg,jpg/image_06923.jpg,31,31,True,0.7772810459136963
image_06924.jpg,jpg/image_06924.jpg,31,31,True,0.8282886147499084
image_06925.jpg,jpg/image_06925.jpg,31,31,True,0.8681623339653015
image_06926.jpg,jpg/image_06926.jpg,31,31,True,0.8530387282371521
image_06927.jpg,jpg/image_06927.jpg,31,31,True,0.27803394198417664
image_06928.jpg,jpg/image_06928.jpg,31,31,True,0.8673874139785767
image_08066.jpg,jpg/image_08066.jpg,31,31,True,0.6454169750213623
image_08067.jpg,jpg/image_08067.jpg,31,31,True,0.8394346237182617
image_08068.jpg,jpg/image_08068.jpg,31,31,True,0.6086929440498352
image_08070.jpg,jpg/image_08070.jpg,31,31,True,0.5829804539680481
image_08071.jpg,jpg/image_08071.jpg,31,31,True,0.8604987263679504
image_08072.jpg,jpg/image_08072.jpg,31,31,True,0.7789055705070496
image_08073.jpg,jpg/image_08073.jpg,31,31,True,0.8379320502281189
image_05584.jpg,jpg/image_05584.jpg,32,32,True,0.8872594833374023
image_05586.jpg,jpg/image_05586.jpg,32,32,True,0.7908497452735901
image_05587.jpg,jpg/image_05587.jpg,32,32,True,0.8190094828605652
image_05591.jpg,jpg/image_05591.jpg,32,32,True,0.5205748081207275
image_05594.jpg,jpg/image_05594.jpg,32,32,True,0.4719370901584625
image_05596.jpg,jpg/image_05596.jpg,32,32,True,0.9124956130981445
image_05597.jpg,jpg/image_05597.jpg,32,32,True,0.8953291177749634
image_05602.jpg,jpg/image_05602.jpg,32,32,True,0.825408935546875
image_05604.jpg,jpg/image_05604.jpg,32,32,True,0.916449248790741
image_05605.jpg,jpg/image_05605.jpg,32,32,True,0.8609606027603149
image_05606.jpg,jpg/image_05606.jpg,32,32,True,0.8364211320877075
image_05607.jpg,jpg/image_05607.jpg,32,32,True,0.8094714879989624
image_05610.jpg,jpg/image_05610.jpg,32,32,True,0.2726498246192932
image_05611.jpg,jpg/image_05611.jpg,32,32,True,0.4058614671230316
image_05613.jpg,jpg/image_05613.jpg,32,32,True,0.7303087711334229
image_05614.jpg,jpg/image_05614.jpg,32,32,True,0.6000352501869202
image_05615.jpg,jpg/image_05615.jpg,32,32,True,0.8919103741645813
image_05617.jpg,jpg/image_05617.jpg,32,32,True,0.6687405705451965
image_05618.jpg,jpg/image_05618.jpg,32,32,True,0.9056867957115173
image_05620.jpg,jpg/image_05620.jpg,32,32,True,0.36674973368644714
image_05623.jpg,jpg/image_05623.jpg,32,32,True,0.41647347807884216
image_05624.jpg,jpg/image_05624.jpg,32,32,True,0.6859180927276611
image_05626.jpg,jpg/image_05626.jpg,32,32,True,0.924213171005249
image_05627.jpg,jpg/image_05627.jpg,32,32,True,0.853019654750824
image_05628.jpg,jpg/image_05628.jpg,32,32,True,0.8676654696464539
image_06444.jpg,jpg/image_06444.jpg,33,33,True,0.4941168427467346
image_06447.jpg,jpg/image_06447.jpg,33,33,True,0.8067933320999146
image_06448.jpg,jpg/image_06448.jpg,33,33,True,0.67170649766922
image_06452.jpg,jpg/image_06452.jpg,33,33,True,0.8593013286590576
image_06455.jpg,jpg/image_06455.jpg,33,33,True,0.7897924780845642
image_06457.jpg,jpg/image_06457.jpg,33,33,True,0.8944651484489441
image_06458.jpg,jpg/image_06458.jpg,33,33,True,0.8328931927680969
image_06461.jpg,jpg/image_06461.jpg,33,33,True,0.31279313564300537
image_06462.jpg,jpg/image_06462.jpg,33,33,True,0.7462635040283203
image_06463.jpg,jpg/image_06463.jpg,33,33,True,0.21893218159675598
image_06464.jpg,jpg/image_06464.jpg,33,33,True,0.6199085712432861
image_06466.jpg,jpg/image_06466.jpg,33,33,True,0.1189374104142189
image_06470.jpg,jpg/image_06470.jpg,33,33,True,0.7448593974113464
image_06471.jpg,jpg/image_06471.jpg,33,33,True,0.8919918537139893
image_06472.jpg,jpg/image_06472.jpg,33,33,True,0.8381097912788391
image_06473.jpg,jpg/image_06473.jpg,33,33,True,0.8742021918296814
image_06475.jpg,jpg/image_06475.jpg,33,33,True,0.626068115234375
image_06476.jpg,jpg/image_06476.jpg,33,33,True,0.8037020564079285
image_06477.jpg,jpg/image_06477.jpg,33,33,True,0.7626324892044067
image_06478.jpg,jpg/image_06478.jpg,33,33,True,0.864028811454773
image_06479.jpg,jpg/image_06479.jpg,33,33,True,0.05435413122177124
image_06482.jpg,jpg/image_06482.jpg,33,33,True,0.8071880340576172
image_06483.jpg,jpg/image_06483.jpg,33,33,True,0.9186168909072876
image_06484.jpg,jpg/image_06484.jpg,33,33,True,0.7613502144813538
image_06485.jpg,jpg/image_06485.jpg,33,33,True,0.8944309949874878
image_06486.jpg,jpg/image_06486.jpg,33,33,True,0.9015430212020874
image_06929.jpg,jpg/image_06929.jpg,34,34,True,0.8198018074035645
image_06930.jpg,jpg/image_06930.jpg,34,34,True,0.701681911945343
image_06932.jpg,jpg/image_06932.jpg,34,34,True,0.8647116422653198
image_06933.jpg,jpg/image_06933.jpg,34,34,True,0.7090166807174683
image_06935.jpg,jpg/image_06935.jpg,34,34,True,0.8848506212234497
image_06938.jpg,jpg/image_06938.jpg,34,34,True,0.891585111618042
image_06944.jpg,jpg/image_06944.jpg,34,34,True,0.771131694316864
image_06949.jpg,jpg/image_06949.jpg,34,34,True,0.3183259069919586
image_06951.jpg,jpg/image_06951.jpg,34,34,True,0.6909603476524353
image_06952.jpg,jpg/image_06952.jpg,34,34,True,0.7487528920173645
image_06953.jpg,jpg/image_06953.jpg,34,34,True,0.4160500764846802
image_06954.jpg,jpg/image_06954.jpg,34,34,True,0.7480544447898865
image_06957.jpg,jpg/image_06957.jpg,34,34,True,0.6876906752586365
image_06959.jpg,jpg/image_06959.jpg,34,34,True,0.8929130434989929
image_06960.jpg,jpg/image_06960.jpg,34,34,True,0.7497378587722778
image_06961.jpg,jpg/image_06961.jpg,34,34,True,0.7803775072097778
image_06963.jpg,jpg/image_06963.jpg,34,34,True,0.8522019982337952
image_06965.jpg,jpg/image_06965.jpg,34,34,True,0.9002987146377563
image_06967.jpg,jpg/image_06967.jpg,34,34,True,0.7026634216308594
image_06968.jpg,jpg/image_06968.jpg,34,34,True,0.8344547152519226
image_06969.jpg,jpg/image_06969.jpg,35,35,True,0.8680052757263184
image_06970.jpg,jpg/image_06970.jpg,35,35,True,0.9243357181549072
image_06974.jpg,jpg/image_06974.jpg,35,35,True,0.902678370475769
image_06975.jpg,jpg/image_06975.jpg,35,35,True,0.8618247509002686
image_06976.jpg,jpg/image_06976.jpg,35,35,True,0.8702853918075562
image_06977.jpg,jpg/image_06977.jpg,35,35,True,0.8891139626502991
image_06978.jpg,jpg/image_06978.jpg,35,35,True,0.9296309947967529
image_06986.jpg,jpg/image_06986.jpg,35,35,True,0.900786817073822
image_06987.jpg,jpg/image_06987.jpg,35,35,True,0.8781628012657166
image_06988.jpg,jpg/image_06988.jpg,35,35,True,0.9144906401634216
image_06990.jpg,jpg/image_06990.jpg,35,35,True,0.8470547795295715
image_06991.jpg,jpg/image_06991.jpg,35,35,True,0.8701209425926208
image_06992.jpg,jpg/image_06992.jpg,35,35,True,0.8957933187484741
image_06993.jpg,jpg/image_06993.jpg,35,35,True,0.8874356746673584
image_06995.jpg,jpg/image_06995.jpg,35,35,True,0.8857083320617676
image_06997.jpg,jpg/image_06997.jpg,35,35,True,0.8817651867866516
image_06998.jpg,jpg/image_06998.jpg,35,35,True,0.9348286390304565
image_06999.jpg,jpg/image_06999.jpg,35,35,True,0.8699267506599426
image_07001.jpg,jpg/image_07001.jpg,35,35,True,0.9451144337654114
image_07004.jpg,jpg/image_07004.jpg,35,35,True,0.7799923419952393
image_07005.jpg,jpg/image_07005.jpg,35,35,True,0.9218965768814087
image_08084.jpg,jpg/image_08084.jpg,35,35,True,0.8133472204208374
image_08085.jpg,jpg/image_08085.jpg,35,35,True,0.9329505562782288
image_04326.jpg,jpg/image_04326.jpg,36,36,True,0.336357444524765
image_04328.jpg,jpg/image_04328.jpg,36,36,True,0.8228049278259277
image_04330.jpg,jpg/image_04330.jpg,36,36,True,0.9337469339370728
image_04332.jpg,jpg/image_04332.jpg,36,36,True,0.9386745691299438
image_04334.jpg,jpg/image_04334.jpg,36,36,True,0.9356461763381958
image_04335.jpg,jpg/image_04335.jpg,36,36,True,0.7948102951049805
image_04336.jpg,jpg/image_04336.jpg,36,36,True,0.9540317058563232
image_04339.jpg,jpg/image_04339.jpg,36,36,True,0.5267740488052368
image_04340.jpg,jpg/image_04340.jpg,36,36,True,0.8911384344100952
image_04342.jpg,jpg/image_04342.jpg,36,36,True,0.840276837348938
image_04343.jpg,jpg/image_04343.jpg,36,36,True,0.8872977495193481
image_04344.jpg,jpg/image_04344.jpg,36,36,True,0.9301769137382507
image_04345.jpg,jpg/image_04345.jpg,36,36,True,0.8499963283538818
image_04346.jpg,jpg/image_04346.jpg,36,36,True,0.9445815682411194
image_04348.jpg,jpg/image_04348.jpg,36,36,True,0.6167031526565552
image_04349.jpg,jpg/image_04349.jpg,36,36,True,0.9452265501022339
image_04351.jpg,jpg/image_04351.jpg,36,36,True,0.9033851027488708
image_04352.jpg,jpg/image_04352.jpg,36,36,True,0.7846018671989441
image_04353.jpg,jpg/image_04353.jpg,36,36,True,0.8538632392883301
image_04354.jpg,jpg/image_04354.jpg,36,36,True,0.5731145143508911
image_04355.jpg,jpg/image_04355.jpg,36,36,True,0.2810905873775482
image_04359.jpg,jpg/image_04359.jpg,36,36,True,0.9178134799003601
image_04360.jpg,jpg/image_04360.jpg,36,36,True,0.8943942785263062
image_04362.jpg,jpg/image_04362.jpg,36,36,True,0.8527804613113403
image_04363.jpg,jpg/image_04363.jpg,36,36,True,0.842012345790863
image_04364.jpg,jpg/image_04364.jpg,36,36,True,0.8525557518005371
image_04365.jpg,jpg/image_04365.jpg,36,36,True,0.9239468574523926
image_04367.jpg,jpg/image_04367.jpg,36,36,True,0.9099739789962769
image_04368.jpg,jpg/image_04368.jpg,36,36,True,0.9384617209434509
image_04370.jpg,jpg/image_04370.jpg,36,36,True,0.9320192933082581
image_04371.jpg,jpg/image_04371.jpg,36,36,True,0.786864697933197
image_04372.jpg,jpg/image_04372.jpg,36,36,True,0.7993491291999817
image_04373.jpg,jpg/image_04373.jpg,36,36,True,0.8809431195259094
image_04375.jpg,jpg/image_04375.jpg,36,36,True,0.8195156455039978
image_04376.jpg,jpg/image_04376.jpg,36,36,True,0.15096735954284668
image_04377.jpg,jpg/image_04377.jpg,36,36,True,0.8639804124832153
image_04378.jpg,jpg/image_04378.jpg,36,36,True,0.8422151803970337
image_04379.jpg,jpg/image_04379.jpg,36,36,True,0.2888023853302002
image_04380.jpg,jpg/image_04380.jpg,36,36,True,0.5547935962677002
image_04381.jpg,jpg/image_04381.jpg,36,36,True,0.13358555734157562
image_04382.jpg,jpg/image_04382.jpg,36,36,True,0.878329336643219
image_04383.jpg,jpg/image_04383.jpg,36,36,True,0.8878682851791382
image_04384.jpg,jpg/image_04384.jpg,36,36,True,0.9190183877944946
image_04385.jpg,jpg/image_04385.jpg,36,36,True,0.8808690905570984
image_04386.jpg,jpg/image_04386.jpg,36,36,True,0.5187035202980042
image_04387.jpg,jpg/image_04387.jpg,36,36,True,0.8359135389328003
image_04389.jpg,jpg/image_04389.jpg,36,36,True,0.7954144477844238
image_04390.jpg,jpg/image_04390.jpg,36,36,True,0.8929071426391602
image_04391.jpg,jpg/image_04391.jpg,36,36,True,0.828633725643158
image_04393.jpg,jpg/image_04393.jpg,36,36,True,0.8331075310707092
image_04394.jpg,jpg/image_04394.jpg,36,36,True,0.7781538367271423
image_04396.jpg,jpg/image_04396.jpg,36,36,True,0.45797714591026306
image_04397.jpg,jpg/image_04397.jpg,36,36,True,0.8828423023223877
image_04398.jpg,jpg/image_04398.jpg,36,36,True,0.652285099029541
image_04399.jpg,jpg/image_04399.jpg,36,36,True,0.7816531658172607
image_03734.jpg,jpg/image_03734.jpg,37,37,True,0.29345059394836426
image_03735.jpg,jpg/image_03735.jpg,37,37,True,0.7569620013237
image_03736.jpg,jpg/image_03736.jpg,37,37,True,0.807232141494751
image_03737.jpg,jpg/image_03737.jpg,37,37,True,0.8824722170829773
image_03739.jpg,jpg/image_03739.jpg,37,37,True,0.7549124360084534
image_03740.jpg,jpg/image_03740.jpg,37,37,True,0.7922492623329163
image_03741.jpg,jpg/image_03741.jpg,37,37,True,0.8899210095405579
image_03742.jpg,jpg/image_03742.jpg,37,37,True,0.8615477681159973
image_03743.jpg,jpg/image_03743.jpg,37,37,True,0.8058378100395203
image_03745.jpg,jpg/image_03745.jpg,37,37,True,0.9062199592590332
image_03746.jpg,jpg/image_03746.jpg,37,37,True,0.9163212776184082
image_03747.jpg,jpg/image_03747.jpg,37,37,True,0.833429753780365
image_03748.jpg,jpg/image_03748.jpg,37,37,True,0.8615601658821106
image_03749.jpg,jpg/image_03749.jpg,37,37,True,0.9054515361785889
image_03750.jpg,jpg/image_03750.jpg,37,37,True,0.9010396599769592
image_03751.jpg,jpg/image_03751.jpg,37,37,True,0.8267433643341064
image_03752.jpg,jpg/image_03752.jpg,37,37,True,0.7669153213500977
image_03753.jpg,jpg/image_03753.jpg,37,37,True,0.9187129139900208
image_03754.jpg,jpg/image_03754.jpg,37,37,True,0.8608746528625488
image_03755.jpg,jpg/image_03755.jpg,37,37,True,0.8528540134429932
image_03756.jpg,jpg/image_03756.jpg,37,37,True,0.8721531629562378
image_03757.jpg,jpg/image_03757.jpg,37,37,True,0.8376116752624512
image_03758.jpg,jpg/image_03758.jpg,37,37,True,0.8925349712371826
image_03759.jpg,jpg/image_03759.jpg,37,37,True,0.9064961075782776
image_03760.jpg,jpg/image_03760.jpg,37,37,True,0.9122515320777893
image_03762.jpg,jpg/image_03762.jpg,37,37,True,0.8978052139282227
image_03763.jpg,jpg/image_03763.jpg,37,37,True,0.8584378361701965
image_03764.jpg,jpg/image_03764.jpg,37,37,True,0.9172784686088562
image_03765.jpg,jpg/image_03765.jpg,37,37,True,0.8646105527877808
image_03766.jpg,jpg/image_03766.jpg,37,37,True,0.8492730855941772
image_03767.jpg,jpg/image_03767.jpg,37,37,True,0.8612827658653259
image_03768.jpg,jpg/image_03768.jpg,37,37,True,0.9086021780967712
image_03771.jpg,jpg/image_03771.jpg,37,37,True,0.8671267628669739
image_03772.jpg,jpg/image_03772.jpg,37,37,True,0.889944314956665
image_03773.jpg,jpg/image_03773.jpg,37,37,True,0.9175089597702026
image_03774.jpg,jpg/image_03774.jpg,37,37,True,0.8807001113891602
image_03775.jpg,jpg/image_03775.jpg,37,37,True,0.9057657122612
image_03776.jpg,jpg/image_03776.jpg,37,37,True,0.9006170034408569
image_03777.jpg,jpg/image_03777.jpg,37,37,True,0.9137453436851501
image_03778.jpg,jpg/image_03778.jpg,37,37,True,0.938922107219696
image_03779.jpg,jpg/image_03779.jpg,37,37,True,0.9008505940437317
image_03781.jpg,jpg/image_03781.jpg,37,37,True,0.901240885257721
image_03782.jpg,jpg/image_03782.jpg,37,37,True,0.9024955630302429
image_03784.jpg,jpg/image_03784.jpg,37,37,True,0.9084576368331909
image_03785.jpg,jpg/image_03785.jpg,37,37,True,0.8742491006851196
image_03786.jpg,jpg/image_03786.jpg,37,37,True,0.9311873912811279
image_03788.jpg,jpg/image_03788.jpg,37,37,True,0.9270365238189697
image_03790.jpg,jpg/image_03790.jpg,37,37,True,0.9098755121231079
image_03792.jpg,jpg/image_03792.jpg,37,37,True,0.9277504086494446
image_03793.jpg,jpg/image_03793.jpg,37,37,True,0.9127658009529114
image_03794.jpg,jpg/image_03794.jpg,37,37,True,0.926096498966217
image_03795.jpg,jpg/image_03795.jpg,37,37,True,0.9235818982124329
image_03796.jpg,jpg/image_03796.jpg,37,37,True,0.890211284160614
image_03797.jpg,jpg/image_03797.jpg,37,37,True,0.8937025666236877
image_03798.jpg,jpg/image_03798.jpg,37,37,True,0.9225634932518005
image_03800.jpg,jpg/image_03800.jpg,37,37,True,0.8691912889480591
image_03801.jpg,jpg/image_03801.jpg,37,37,True,0.9025992751121521
image_03803.jpg,jpg/image_03803.jpg,37,37,True,0.9105547666549683
image_03804.jpg,jpg/image_03804.jpg,37,37,True,0.8601905107498169
image_03805.jpg,jpg/image_03805.jpg,37,37,True,0.8453639149665833
image_03806.jpg,jpg/image_03806.jpg,37,37,True,0.9250338077545166
image_03807.jpg,jpg/image_03807.jpg,37,37,True,0.9108373522758484
image_03808.jpg,jpg/image_03808.jpg,37,37,True,0.893235445022583
image_03809.jpg,jpg/image_03809.jpg,37,37,True,0.908760666847229
image_03810.jpg,jpg/image_03810.jpg,37,37,True,0.9183378219604492
image_03812.jpg,jpg/image_03812.jpg,37,37,True,0.9116016626358032
image_03813.jpg,jpg/image_03813.jpg,37,37,True,0.8975037932395935
image_03815.jpg,jpg/image_03815.jpg,37,37,True,0.890763521194458
image_03816.jpg,jpg/image_03816.jpg,37,37,True,0.8787758350372314
image_03817.jpg,jpg/image_03817.jpg,37,37,True,0.9125303626060486
image_03818.jpg,jpg/image_03818.jpg,37,37,True,0.9074096083641052
image_03819.jpg,jpg/image_03819.jpg,37,37,True,0.9136928915977478
image_03820.jpg,jpg/image_03820.jpg,37,37,True,0.8216188549995422
image_03823.jpg,jpg/image_03823.jpg,37,37,True,0.8849868178367615
image_03824.jpg,jpg/image_03824.jpg,37,37,True,0.7286144495010376
image_03825.jpg,jpg/image_03825.jpg,37,37,True,0.9020470380783081
image_03826.jpg,jpg/image_03826.jpg,37,37,True,0.8414950966835022
image_03827.jpg,jpg/image_03827.jpg,37,37,True,0.7850751280784607
image_07286.jpg,jpg/image_07286.jpg,37,37,True,0.8897952437400818
image_07287.jpg,jpg/image_07287.jpg,37,37,True,0.8889147639274597
image_07289.jpg,jpg/image_07289.jpg,37,37,True,0.9087831377983093
image_07291.jpg,jpg/image_07291.jpg,37,37,True,0.8746801018714905
image_07292.jpg,jpg/image_07292.jpg,37,37,True,0.9142324328422546
image_07293.jpg,jpg/image_07293.jpg,37,37,True,0.8328438401222229
image_07295.jpg,jpg/image_07295.jpg,37,37,True,0.927514910697937
image_07296.jpg,jpg/image_07296.jpg,37,37,True,0.8869315385818481
image_07297.jpg,jpg/image_07297.jpg,37,37,True,0.7717136740684509
image_07298.jpg,jpg/image_07298.jpg,37,37,True,0.8962457180023193
image_05793.jpg,jpg/image_05793.jpg,38,38,True,0.8047199845314026
image_05795.jpg,jpg/image_05795.jpg,38,38,True,0.7026787996292114
image_05799.jpg,jpg/image_05799.jpg,38,38,True,0.9138514399528503
image_05801.jpg,jpg/image_05801.jpg,38,38,True,0.8636112213134766
image_05802.jpg,jpg/image_05802.jpg,38,38,True,0.8435783982276917
image_05803.jpg,jpg/image_05803.jpg,38,38,True,0.7592493891716003
image_05804.jpg,jpg/image_05804.jpg,38,38,True,0.8931402564048767
image_05806.jpg,jpg/image_05806.jpg,38,38,True,0.8386070132255554
image_05807.jpg,jpg/image_05807.jpg,38,38,True,0.8574999570846558
image_05808.jpg,jpg/image_05808.jpg,38,38,True,0.9113222360610962
image_05810.jpg,jpg/image_05810.jpg,38,38,True,0.8677148222923279
image_05811.jpg,jpg/image_05811.jpg,38,38,True,0.8971642851829529
image_05812.jpg,jpg/image_05812.jpg,38,38,True,0.7845234274864197
image_05813.jpg,jpg/image_05813.jpg,38,38,True,0.8735537528991699
image_05816.jpg,jpg/image_05816.jpg,38,38,True,0.8228623867034912
image_05817.jpg,jpg/image_05817.jpg,38,38,True,0.8359103798866272
image_05818.jpg,jpg/image_05818.jpg,38,38,True,0.9130424857139587
image_05820.jpg,jpg/image_05820.jpg,38,38,True,0.9200993180274963
image_05821.jpg,jpg/image_05821.jpg,38,38,True,0.8932383060455322
image_05822.jpg,jpg/image_05822.jpg,38,38,True,0.9212448000907898
image_05825.jpg,jpg/image_05825.jpg,38,38,True,0.7515609264373779
image_05826.jpg,jpg/image_05826.jpg,38,38,True,0.9187789559364319
image_05827.jpg,jpg/image_05827.jpg,38,38,True,0.6617404222488403
image_05830.jpg,jpg/image_05830.jpg,38,38,True,0.9139177799224854
image_05831.jpg,jpg/image_05831.jpg,38,38,True,0.693964958190918
image_05835.jpg,jpg/image_05835.jpg,38,38,True,0.8717173933982849
image_05836.jpg,jpg/image_05836.jpg,38,38,True,0.8436501026153564
image_05837.jpg,jpg/image_05837.jpg,38,38,True,0.92732173204422
image_05838.jpg,jpg/image_05838.jpg,38,38,True,0.8526497483253479
image_05840.jpg,jpg/image_05840.jpg,38,38,True,0.8953699469566345
image_05841.jpg,jpg/image_05841.jpg,38,38,True,0.8904286623001099
image_05843.jpg,jpg/image_05843.jpg,38,38,True,0.913588285446167
image_05844.jpg,jpg/image_05844.jpg,38,38,True,0.915102481842041
image_05846.jpg,jpg/image_05846.jpg,38,38,True,0.8729367852210999
image_05847.jpg,jpg/image_05847.jpg,38,38,True,0.8800461888313293
image_05848.jpg,jpg/image_05848.jpg,38,38,True,0.9290759563446045
image_07007.jpg,jpg/image_07007.jpg,39,39,True,0.5039985775947571
image_07009.jpg,jpg/image_07009.jpg,39,39,True,0.6143591403961182
image_07014.jpg,jpg/image_07014.jpg,39,39,True,0.6279042959213257
image_07016.jpg,jpg/image_07016.jpg,39,39,True,0.7625436186790466
image_07017.jpg,jpg/image_07017.jpg,39,39,True,0.7689571976661682
image_07018.jpg,jpg/image_07018.jpg,39,39,True,0.7890657782554626
image_07020.jpg,jpg/image_07020.jpg,39,39,True,0.7841741442680359
image_07021.jpg,jpg/image_07021.jpg,39,39,True,0.529017448425293
image_07022.jpg,jpg/image_07022.jpg,39,39,True,0.5979747772216797
image_07024.jpg,jpg/image_07024.jpg,39,39,True,0.7060683369636536
image_07027.jpg,jpg/image_07027.jpg,39,39,True,0.4412381052970886
image_07031.jpg,jpg/image_07031.jpg,39,39,True,0.9153327345848083
image_07034.jpg,jpg/image_07034.jpg,39,39,True,0.5631870627403259
image_07036.jpg,jpg/image_07036.jpg,39,39,True,0.729964017868042
image_07037.jpg,jpg/image_07037.jpg,39,39,True,0.8128811717033386
image_07038.jpg,jpg/image_07038.jpg,39,39,True,0.3257666826248169
image_07040.jpg,jpg/image_07040.jpg,39,39,True,0.580298662185669
image_07042.jpg,jpg/image_07042.jpg,39,39,True,0.6414492726325989
image_07044.jpg,jpg/image_07044.jpg,39,39,True,0.5783633589744568
image_08080.jpg,jpg/image_08080.jpg,39,39,True,0.5421483516693115
image_08081.jpg,jpg/image_08081.jpg,39,39,True,0.7059862613677979
image_04561.jpg,jpg/image_04561.jpg,40,40,True,0.6986662149429321
image_04562.jpg,jpg/image_04562.jpg,40,40,True,0.6936008334159851
image_04564.jpg,jpg/image_04564.jpg,40,40,True,0.34072259068489075
image_04565.jpg,jpg/image_04565.jpg,40,40,True,0.7762483954429626
image_04569.jpg,jpg/image_04569.jpg,40,40,True,0.2737307548522949
image_04574.jpg,jpg/image_04574.jpg,40,40,True,0.6280194520950317
image_04575.jpg,jpg/image_04575.jpg,40,40,True,0.7442219257354736
image_04576.jpg,jpg/image_04576.jpg,40,40,True,0.6180572509765625
image_04577.jpg,jpg/image_04577.jpg,40,40,True,0.8511798977851868
image_04578.jpg,jpg/image_04578.jpg,40,40,True,0.7560108304023743
image_04579.jpg,jpg/image_04579.jpg,40,40,True,0.37841492891311646
image_04580.jpg,jpg/image_04580.jpg,40,40,True,0.8545299768447876
image_04584.jpg,jpg/image_04584.jpg,40,40,True,0.7830902338027954
image_04585.jpg,jpg/image_04585.jpg,40,40,True,0.5243415832519531
image_04587.jpg,jpg/image_04587.jpg,40,40,True,0.17928655445575714
image_04588.jpg,jpg/image_04588.jpg,40,40,True,0.8530421257019043
image_04589.jpg,jpg/image_04589.jpg,40,40,True,0.56691974401474
image_04590.jpg,jpg/image_04590.jpg,40,40,True,0.40877681970596313
image_04591.jpg,jpg/image_04591.jpg,40,40,True,0.08928671479225159
image_04592.jpg,jpg/image_04592.jpg,40,40,True,0.876364529132843
image_04593.jpg,jpg/image_04593.jpg,40,40,True,0.2608206868171692
image_04594.jpg,jpg/image_04594.jpg,40,40,True,0.8730950951576233
image_04595.jpg,jpg/image_04595.jpg,40,40,True,0.5369082093238831
image_04596.jpg,jpg/image_04596.jpg,40,40,True,0.5687777400016785
image_04597.jpg,jpg/image_04597.jpg,40,40,True,0.323897123336792
image_04598.jpg,jpg/image_04598.jpg,40,40,True,0.17115208506584167
image_04599.jpg,jpg/image_04599.jpg,40,40,True,0.8880541324615479
image_04600.jpg,jpg/image_04600.jpg,40,40,True,0.6119177341461182
image_04601.jpg,jpg/image_04601.jpg,40,40,True,0.15173393487930298
image_04602.jpg,jpg/image_04602.jpg,40,40,True,0.8504396080970764
image_04604.jpg,jpg/image_04604.jpg,40,40,True,0.6693398952484131
image_04606.jpg,jpg/image_04606.jpg,40,40,True,0.6416884064674377
image_04607.jpg,jpg/image_04607.jpg,40,40,True,0.6882742643356323
image_04609.jpg,jpg/image_04609.jpg,40,40,True,0.5603947639465332
image_04610.jpg,jpg/image_04610.jpg,40,40,True,0.6124851107597351
image_04611.jpg,jpg/image_04611.jpg,40,40,True,0.40914538502693176
image_04612.jpg,jpg/image_04612.jpg,40,40,True,0.8200558423995972
image_04613.jpg,jpg/image_04613.jpg,40,40,True,0.649426281452179
image_04615.jpg,jpg/image_04615.jpg,40,40,True,0.13570675253868103
image_04617.jpg,jpg/image_04617.jpg,40,40,True,0.14203211665153503
image_04618.jpg,jpg/image_04618.jpg,40,40,True,0.4048546850681305
image_04619.jpg,jpg/image_04619.jpg,40,40,True,0.4180661141872406
image_04620.jpg,jpg/image_04620.jpg,40,40,True,0.5996707081794739
image_04621.jpg,jpg/image_04621.jpg,40,40,True,0.2415555864572525
image_04622.jpg,jpg/image_04622.jpg,40,40,True,0.8090633153915405
image_04623.jpg,jpg/image_04623.jpg,40,40,True,0.3654753267765045
image_04624.jpg,jpg/image_04624.jpg,40,40,True,0.7164027690887451
image_02189.jpg,jpg/image_02189.jpg,41,41,True,0.8674898743629456
image_02190.jpg,jpg/image_02190.jpg,41,41,True,0.893317699432373
image_02192.jpg,jpg/image_02192.jpg,41,41,True,0.8754372000694275
image_02193.jpg,jpg/image_02193.jpg,41,41,True,0.9346447587013245
image_02194.jpg,jpg/image_02194.jpg,41,41,True,0.917438805103302
image_02195.jpg,jpg/image_02195.jpg,41,41,True,0.9445928335189819
image_02196.jpg,jpg/image_02196.jpg,41,41,True,0.8912222385406494
image_02198.jpg,jpg/image_02198.jpg,41,41,True,0.8912107944488525
image_02199.jpg,jpg/image_02199.jpg,41,41,True,0.9245359897613525
image_02200.jpg,jpg/image_02200.jpg,41,41,True,0.8625695705413818
image_02202.jpg,jpg/image_02202.jpg,41,41,True,0.7170709371566772
image_02203.jpg,jpg/image_02203.jpg,41,41,True,0.9324726462364197
image_02206.jpg,jpg/image_02206.jpg,41,41,True,0.8982851505279541
image_02207.jpg,jpg/image_02207.jpg,41,41,True,0.7380777597427368
image_02208.jpg,jpg/image_02208.jpg,41,41,True,0.8699305653572083
image_02210.jpg,jpg/image_02210.jpg,41,41,True,0.9076603651046753
image_02212.jpg,jpg/image_02212.jpg,41,41,True,0.5385133624076843
image_02213.jpg,jpg/image_02213.jpg,41,41,True,0.8652287125587463
image_02214.jpg,jpg/image_02214.jpg,41,41,True,0.8449478149414062
image_02216.jpg,jpg/image_02216.jpg,41,41,True,0.876753568649292
image_02217.jpg,jpg/image_02217.jpg,41,41,True,0.9132496118545532
image_02218.jpg,jpg/image_02218.jpg,41,41,True,0.5494974255561829
image_02219.jpg,jpg/image_02219.jpg,41,41,True,0.9182501435279846
image_02220.jpg,jpg/image_02220.jpg,41,41,True,0.9057921171188354
image_02221.jpg,jpg/image_02221.jpg,41,41,True,0.8540979027748108
image_02222.jpg,jpg/image_02222.jpg,41,41,True,0.6467424631118774
image_02223.jpg,jpg/image_02223.jpg,41,41,True,0.906136155128479
image_02224.jpg,jpg/image_02224.jpg,41,41,True,0.91546231508255
image_02225.jpg,jpg/image_02225.jpg,41,41,True,0.9531534314155579
image_02226.jpg,jpg/image_02226.jpg,41,41,True,0.8788637518882751
image_02228.jpg,jpg/image_02228.jpg,41,41,True,0.8689321875572205
image_02229.jpg,jpg/image_02229.jpg,41,41,True,0.8531041145324707
image_02230.jpg,jpg/image_02230.jpg,41,41,True,0.919758141040802
image_02232.jpg,jpg/image_02232.jpg,41,41,True,0.8253002762794495
image_02233.jpg,jpg/image_02233.jpg,41,41,True,0.7980166077613831
image_02234.jpg,jpg/image_02234.jpg,41,41,True,0.7626333236694336
image_02235.jpg,jpg/image_02235.jpg,41,41,True,0.8143916130065918
image_02236.jpg,jpg/image_02236.jpg,41,41,True,0.8809731602668762
image_02237.jpg,jpg/image_02237.jpg,41,41,True,0.8173429369926453
image_02238.jpg,jpg/image_02238.jpg,41,41,True,0.9268079400062561
image_02240.jpg,jpg/image_02240.jpg,41,41,True,0.7835893034934998
image_02241.jpg,jpg/image_02241.jpg,41,41,True,0.9020453095436096
image_02243.jpg,jpg/image_02243.jpg,41,41,True,0.795589804649353
image_02244.jpg,jpg/image_02244.jpg,41,41,True,0.4635870158672333
image_02245.jpg,jpg/image_02245.jpg,41,41,True,0.9047150015830994
image_02246.jpg,jpg/image_02246.jpg,41,41,True,0.9037187099456787
image_02247.jpg,jpg/image_02247.jpg,41,41,True,0.8912238478660583
image_02248.jpg,jpg/image_02248.jpg,41,41,True,0.8924654722213745
image_02249.jpg,jpg/image_02249.jpg,41,41,True,0.702768087387085
image_02251.jpg,jpg/image_02251.jpg,41,41,True,0.9196550846099854
image_02252.jpg,jpg/image_02252.jpg,41,41,True,0.9328867197036743
image_02253.jpg,jpg/image_02253.jpg,41,41,True,0.899483859539032
image_02254.jpg,jpg/image_02254.jpg,41,41,True,0.9325061440467834
image_02255.jpg,jpg/image_02255.jpg,41,41,True,0.8979393839836121
image_02256.jpg,jpg/image_02256.jpg,41,41,True,0.8905645608901978
image_02258.jpg,jpg/image_02258.jpg,41,41,True,0.9239687919616699
image_02260.jpg,jpg/image_02260.jpg,41,41,True,0.4595685601234436
image_02261.jpg,jpg/image_02261.jpg,41,41,True,0.9278774857521057
image_02262.jpg,jpg/image_02262.jpg,41,41,True,0.8448493480682373
image_02263.jpg,jpg/image_02263.jpg,41,41,True,0.8708110451698303
image_02264.jpg,jpg/image_02264.jpg,41,41,True,0.839616596698761
image_02265.jpg,jpg/image_02265.jpg,41,41,True,0.906924307346344
image_02266.jpg,jpg/image_02266.jpg,41,41,True,0.14464665949344635
image_02267.jpg,jpg/image_02267.jpg,41,41,True,0.8299551606178284
image_02268.jpg,jpg/image_02268.jpg,41,41,True,0.7281433343887329
image_02269.jpg,jpg/image_02269.jpg,41,41,True,0.8203714489936829
image_02270.jpg,jpg/image_02270.jpg,41,41,True,0.8808679580688477
image_02271.jpg,jpg/image_02271.jpg,41,41,True,0.8947123289108276
image_02272.jpg,jpg/image_02272.jpg,41,41,True,0.8800438642501831
image_02273.jpg,jpg/image_02273.jpg,41,41,True,0.8699337244033813
image_02274.jpg,jpg/image_02274.jpg,41,41,True,0.8833144903182983
image_02276.jpg,jpg/image_02276.jpg,41,41,True,0.9271472692489624
image_02278.jpg,jpg/image_02278.jpg,41,41,True,0.6317218542098999
image_02280.jpg,jpg/image_02280.jpg,41,41,True,0.9205148816108704
image_02281.jpg,jpg/image_02281.jpg,41,41,True,0.875347375869751
image_02282.jpg,jpg/image_02282.jpg,41,41,True,0.87336665391922
image_02283.jpg,jpg/image_02283.jpg,41,41,True,0.8788334131240845
image_02284.jpg,jpg/image_02284.jpg,41,41,True,0.8925786018371582
image_02285.jpg,jpg/image_02285.jpg,41,41,True,0.8091652393341064
image_02286.jpg,jpg/image_02286.jpg,41,41,True,0.9481903910636902
image_02287.jpg,jpg/image_02287.jpg,41,41,True,0.8902803659439087
image_02288.jpg,jpg/image_02288.jpg,41,41,True,0.22717109322547913
image_02289.jpg,jpg/image_02289.jpg,41,66,False,0.6976678967475891
image_02290.jpg,jpg/image_02290.jpg,41,41,True,0.9246084094047546
image_02291.jpg,jpg/image_02291.jpg,41,41,True,0.9200419783592224
image_02292.jpg,jpg/image_02292.jpg,41,41,True,0.764248788356781
image_02293.jpg,jpg/image_02293.jpg,41,41,True,0.6396146416664124
image_02294.jpg,jpg/image_02294.jpg,41,41,True,0.8800324201583862
image_02295.jpg,jpg/image_02295.jpg,41,41,True,0.7755388021469116
image_02296.jpg,jpg/image_02296.jpg,41,41,True,0.7362766265869141
image_02297.jpg,jpg/image_02297.jpg,41,41,True,0.7075539827346802
image_02298.jpg,jpg/image_02298.jpg,41,41,True,0.8887214660644531
image_02299.jpg,jpg/image_02299.jpg,41,41,True,0.19690504670143127
image_02300.jpg,jpg/image_02300.jpg,41,41,True,0.9191269874572754
image_02301.jpg,jpg/image_02301.jpg,41,41,True,0.8730844259262085
image_02302.jpg,jpg/image_02302.jpg,41,41,True,0.9155176281929016
image_02303.jpg,jpg/image_02303.jpg,41,41,True,0.9211336970329285
image_02304.jpg,jpg/image_02304.jpg,41,41,True,0.7827431559562683
image_02305.jpg,jpg/image_02305.jpg,41,41,True,0.5232153534889221
image_02306.jpg,jpg/image_02306.jpg,41,41,True,0.8835513591766357
image_02308.jpg,jpg/image_02308.jpg,41,41,True,0.8753717541694641
image_02309.jpg,jpg/image_02309.jpg,41,41,True,0.7793697714805603
image_02311.jpg,jpg/image_02311.jpg,41,41,True,0.909338653087616
image_02312.jpg,jpg/image_02312.jpg,41,41,True,0.924479603767395
image_02313.jpg,jpg/image_02313.jpg,41,41,True,0.8529291749000549
image_02314.jpg,jpg/image_02314.jpg,41,41,True,0.26194101572036743
image_02315.jpg,jpg/image_02315.jpg,41,41,True,0.9090424180030823
image_05686.jpg,jpg/image_05686.jpg,42,42,True,0.5224325060844421
image_05687.jpg,jpg/image_05687.jpg,42,42,True,0.747007429599762
image_05688.jpg,jpg/image_05688.jpg,42,42,True,0.6070269346237183
image_05690.jpg,jpg/image_05690.jpg,42,42,True,0.2796561121940613
image_05692.jpg,jpg/image_05692.jpg,42,42,True,0.3023102879524231
image_05693.jpg,jpg/image_05693.jpg,42,42,True,0.8350816965103149
image_05695.jpg,jpg/image_05695.jpg,42,42,True,0.4739812910556793
image_05696.jpg,jpg/image_05696.jpg,42,42,True,0.669762372970581
image_05697.jpg,jpg/image_05697.jpg,42,42,True,0.8258680105209351
image_05700.jpg,jpg/image_05700.jpg,42,42,True,0.862652599811554
image_05701.jpg,jpg/image_05701.jpg,42,42,True,0.7332668900489807
image_05702.jpg,jpg/image_05702.jpg,42,42,True,0.25058531761169434
image_05703.jpg,jpg/image_05703.jpg,42,42,True,0.9189397692680359
image_05704.jpg,jpg/image_05704.jpg,42,42,True,0.6496124267578125
image_05705.jpg,jpg/image_05705.jpg,42,42,True,0.5778414607048035
image_05706.jpg,jpg/image_05706.jpg,42,42,True,0.6887511014938354
image_05707.jpg,jpg/image_05707.jpg,42,42,True,0.8584833145141602
image_05708.jpg,jpg/image_05708.jpg,42,42,True,0.4613018035888672
image_05710.jpg,jpg/image_05710.jpg,42,16,False,0.4809351861476898
image_05712.jpg,jpg/image_05712.jpg,42,42,True,0.6738719344139099
image_05713.jpg,jpg/image_05713.jpg,42,42,True,0.8245129585266113
image_05714.jpg,jpg/image_05714.jpg,42,42,True,0.820378839969635
image_05715.jpg,jpg/image_05715.jpg,42,42,True,0.7345375418663025
image_05716.jpg,jpg/image_05716.jpg,42,42,True,0.49844133853912354
image_05717.jpg,jpg/image_05717.jpg,42,42,True,0.7539768815040588
image_05723.jpg,jpg/image_05723.jpg,42,42,True,0.8184521198272705
image_05725.jpg,jpg/image_05725.jpg,42,42,True,0.657922089099884
image_05726.jpg,jpg/image_05726.jpg,42,42,True,0.5640267729759216
image_05729.jpg,jpg/image_05729.jpg,42,42,True,0.6630893349647522
image_05732.jpg,jpg/image_05732.jpg,42,42,True,0.44862696528434753
image_05733.jpg,jpg/image_05733.jpg,42,42,True,0.6777835488319397
image_05734.jpg,jpg/image_05734.jpg,42,42,True,0.734582245349884
image_05735.jpg,jpg/image_05735.jpg,42,42,True,0.7919521927833557
image_05736.jpg,jpg/image_05736.jpg,42,42,True,0.7145814895629883
image_05737.jpg,jpg/image_05737.jpg,42,42,True,0.48518988490104675
image_05738.jpg,jpg/image_05738.jpg,42,42,True,0.32498636841773987
image_05739.jpg,jpg/image_05739.jpg,42,42,True,0.38066843152046204
image_05742.jpg,jpg/image_05742.jpg,42,42,True,0.6833238005638123
image_05743.jpg,jpg/image_05743.jpg,42,42,True,0.8535271883010864
image_02316.jpg,jpg/image_02316.jpg,43,43,True,0.6639090776443481
image_02317.jpg,jpg/image_02317.jpg,43,43,True,0.7822307348251343
image_02318.jpg,jpg/image_02318.jpg,43,43,True,0.8356735706329346
image_02319.jpg,jpg/image_02319.jpg,43,43,True,0.7782112956047058
image_02320.jpg,jpg/image_02320.jpg,43,43,True,0.23150385916233063
image_02321.jpg,jpg/image_02321.jpg,43,31,False,0.3409368395805359
image_02322.jpg,jpg/image_02322.jpg,43,43,True,0.8106609582901001
image_02323.jpg,jpg/image_02323.jpg,43,43,True,0.30506929755210876
image_02324.jpg,jpg/image_02324.jpg,43,89,False,0.09441316872835159
image_02325.jpg,jpg/image_02325.jpg,43,43,True,0.8748937249183655
image_02328.jpg,jpg/image_02328.jpg,43,43,True,0.9027325510978699
image_02329.jpg,jpg/image_02329.jpg,43,43,True,0.8490753173828125
image_02330.jpg,jpg/image_02330.jpg,43,43,True,0.801592230796814
image_02331.jpg,jpg/image_02331.jpg,43,18,False,0.06292904913425446
image_02332.jpg,jpg/image_02332.jpg,43,43,True,0.7241123914718628
image_02333.jpg,jpg/image_02333.jpg,43,43,True,0.5543994307518005
image_02335.jpg,jpg/image_02335.jpg,43,43,True,0.32987454533576965
image_02336.jpg,jpg/image_02336.jpg,43,43,True,0.8317075967788696
image_02337.jpg,jpg/image_02337.jpg,43,43,True,0.4179733395576477
image_02338.jpg,jpg/image_02338.jpg,43,43,True,0.831066906452179
image_02339.jpg,jpg/image_02339.jpg,43,43,True,0.8346030712127686
image_02341.jpg,jpg/image_02341.jpg,43,7,False,0.22717946767807007
image_02342.jpg,jpg/image_02342.jpg,43,43,True,0.6414092779159546
image_02343.jpg,jpg/image_02343.jpg,43,43,True,0.7220653891563416
image_02344.jpg,jpg/image_02344.jpg,43,43,True,0.21251818537712097
image_02345.jpg,jpg/image_02345.jpg,43,43,True,0.1629936546087265
image_02346.jpg,jpg/image_02346.jpg,43,43,True,0.09999970346689224
image_02347.jpg,jpg/image_02347.jpg,43,43,True,0.6176719069480896
image_02348.jpg,jpg/image_02348.jpg,43,26,False,0.17016948759555817
image_02349.jpg,jpg/image_02349.jpg,43,43,True,0.8666931986808777
image_02351.jpg,jpg/image_02351.jpg,43,43,True,0.3669636845588684
image_02352.jpg,jpg/image_02352.jpg,43,43,True,0.6098878383636475
image_02355.jpg,jpg/image_02355.jpg,43,43,True,0.8705528378486633
image_02356.jpg,jpg/image_02356.jpg,43,43,True,0.22317838668823242
image_02358.jpg,jpg/image_02358.jpg,43,43,True,0.7376048564910889
image_02359.jpg,jpg/image_02359.jpg,43,43,True,0.460018515586853
image_02360.jpg,jpg/image_02360.jpg,43,43,True,0.8654258251190186
image_02362.jpg,jpg/image_02362.jpg,43,43,True,0.8045940399169922
image_02363.jpg,jpg/image_02363.jpg,43,43,True,0.6583852171897888
image_02364.jpg,jpg/image_02364.jpg,43,43,True,0.7059021592140198
image_02365.jpg,jpg/image_02365.jpg,43,43,True,0.8565216064453125
image_02366.jpg,jpg/image_02366.jpg,43,43,True,0.8997088074684143
image_02367.jpg,jpg/image_02367.jpg,43,43,True,0.7902297973632812
image_02368.jpg,jpg/image_02368.jpg,43,43,True,0.8580621480941772
image_02369.jpg,jpg/image_02369.jpg,43,43,True,0.32418736815452576
image_02370.jpg,jpg/image_02370.jpg,43,43,True,0.4039200246334076
image_02371.jpg,jpg/image_02371.jpg,43,43,True,0.4370133578777313
image_02372.jpg,jpg/image_02372.jpg,43,43,True,0.1518588811159134
image_02374.jpg,jpg/image_02374.jpg,43,43,True,0.8192329406738281
image_02376.jpg,jpg/image_02376.jpg,43,43,True,0.28463342785835266
image_02377.jpg,jpg/image_02377.jpg,43,45,False,0.13012699782848358
image_02379.jpg,jpg/image_02379.jpg,43,43,True,0.5812340378761292
image_02380.jpg,jpg/image_02380.jpg,43,43,True,0.253924161195755
image_02381.jpg,jpg/image_02381.jpg,43,43,True,0.4553109109401703
image_02382.jpg,jpg/image_02382.jpg,43,43,True,0.6978320479393005
image_02383.jpg,jpg/image_02383.jpg,43,75,False,0.12797260284423828
image_02384.jpg,jpg/image_02384.jpg,43,43,True,0.8536335229873657
image_02385.jpg,jpg/image_02385.jpg,43,32,False,0.18718351423740387
image_02387.jpg,jpg/image_02387.jpg,43,43,True,0.8943866491317749
image_02388.jpg,jpg/image_02388.jpg,43,75,False,0.26441729068756104
image_02389.jpg,jpg/image_02389.jpg,43,43,True,0.5781468749046326
image_02390.jpg,jpg/image_02390.jpg,43,39,False,0.14009889960289001
image_02391.jpg,jpg/image_02391.jpg,43,43,True,0.7154855728149414
image_02392.jpg,jpg/image_02392.jpg,43,43,True,0.80476313829422
image_02393.jpg,jpg/image_02393.jpg,43,43,True,0.14566737413406372
image_02394.jpg,jpg/image_02394.jpg,43,43,True,0.7898410558700562
image_02395.jpg,jpg/image_02395.jpg,43,43,True,0.5975865125656128
image_02396.jpg,jpg/image_02396.jpg,43,43,True,0.7938839197158813
image_02397.jpg,jpg/image_02397.jpg,43,43,True,0.3228784203529358
image_02399.jpg,jpg/image_02399.jpg,43,43,True,0.13348743319511414
image_02401.jpg,jpg/image_02401.jpg,43,43,True,0.8364331126213074
image_02402.jpg,jpg/image_02402.jpg,43,43,True,0.38805586099624634
image_02403.jpg,jpg/image_02403.jpg,43,43,True,0.617861270904541
image_02405.jpg,jpg/image_02405.jpg,43,43,True,0.19761495292186737
image_02406.jpg,jpg/image_02406.jpg,43,43,True,0.6775034666061401
image_02407.jpg,jpg/image_02407.jpg,43,43,True,0.720635712146759
image_02409.jpg,jpg/image_02409.jpg,43,75,False,0.7282849550247192
image_02410.jpg,jpg/image_02410.jpg,43,43,True,0.8834978342056274
image_02411.jpg,jpg/image_02411.jpg,43,43,True,0.7889440655708313
image_02412.jpg,jpg/image_02412.jpg,43,80,False,0.12272101640701294
image_02413.jpg,jpg/image_02413.jpg,43,43,True,0.7855691313743591
image_02414.jpg,jpg/image_02414.jpg,43,43,True,0.7614873051643372
image_02415.jpg,jpg/image_02415.jpg,43,43,True,0.4557431936264038
image_02416.jpg,jpg/image_02416.jpg,43,43,True,0.8499960899353027
image_02417.jpg,jpg/image_02417.jpg,43,43,True,0.4721820652484894
image_02418.jpg,jpg/image_02418.jpg,43,43,True,0.1781131774187088
image_02419.jpg,jpg/image_02419.jpg,43,43,True,0.19325384497642517
image_02422.jpg,jpg/image_02422.jpg,43,43,True,0.11836033314466476
image_02423.jpg,jpg/image_02423.jpg,43,43,True,0.10440342128276825
image_02424.jpg,jpg/image_02424.jpg,43,43,True,0.881355345249176
image_02425.jpg,jpg/image_02425.jpg,43,43,True,0.23088306188583374
image_02426.jpg,jpg/image_02426.jpg,43,43,True,0.606478750705719
image_02427.jpg,jpg/image_02427.jpg,43,43,True,0.21895958483219147
image_02428.jpg,jpg/image_02428.jpg,43,39,False,0.11180496215820312
image_02429.jpg,jpg/image_02429.jpg,43,43,True,0.3175228536128998
image_02430.jpg,jpg/image_02430.jpg,43,90,False,0.13595108687877655
image_02431.jpg,jpg/image_02431.jpg,43,43,True,0.6864391565322876
image_02432.jpg,jpg/image_02432.jpg,43,43,True,0.35808902978897095
image_02433.jpg,jpg/image_02433.jpg,43,85,False,0.19186754524707794
image_02434.jpg,jpg/image_02434.jpg,43,43,True,0.7417898774147034
image_02435.jpg,jpg/image_02435.jpg,43,43,True,0.13589578866958618
image_02436.jpg,jpg/image_02436.jpg,43,53,False,0.19613872468471527
image_02437.jpg,jpg/image_02437.jpg,43,43,True,0.8329095840454102
image_02438.jpg,jpg/image_02438.jpg,43,43,True,0.561355710029602
image_02439.jpg,jpg/image_02439.jpg,43,43,True,0.48984628915786743
image_02440.jpg,jpg/image_02440.jpg,43,43,True,0.6067318916320801
image_02441.jpg,jpg/image_02441.jpg,43,43,True,0.44579222798347473
image_02442.jpg,jpg/image_02442.jpg,43,72,False,0.11012940853834152
image_02443.jpg,jpg/image_02443.jpg,43,43,True,0.8033381700515747
image_02444.jpg,jpg/image_02444.jpg,43,53,False,0.206567645072937
image_01491.jpg,jpg/image_01491.jpg,44,44,True,0.652468204498291
image_01492.jpg,jpg/image_01492.jpg,44,44,True,0.696384847164154
image_01493.jpg,jpg/image_01493.jpg,44,44,True,0.85237717628479
image_01494.jpg,jpg/image_01494.jpg,44,44,True,0.802726149559021
image_01495.jpg,jpg/image_01495.jpg,44,44,True,0.5778447389602661
image_01496.jpg,jpg/image_01496.jpg,44,44,True,0.7661667466163635
image_01497.jpg,jpg/image_01497.jpg,44,44,True,0.9094316959381104
image_01499.jpg,jpg/image_01499.jpg,44,44,True,0.8241650462150574
image_01501.jpg,jpg/image_01501.jpg,44,44,True,0.8290815949440002
image_01502.jpg,jpg/image_01502.jpg,44,44,True,0.9049249291419983
image_01503.jpg,jpg/image_01503.jpg,44,44,True,0.8537046909332275
image_01504.jpg,jpg/image_01504.jpg,44,44,True,0.8562347292900085
image_01505.jpg,jpg/image_01505.jpg,44,44,True,0.8440042734146118
image_01506.jpg,jpg/image_01506.jpg,44,44,True,0.9071970582008362
image_01507.jpg,jpg/image_01507.jpg,44,44,True,0.9265310168266296
image_01508.jpg,jpg/image_01508.jpg,44,44,True,0.9208842515945435
image_01509.jpg,jpg/image_01509.jpg,44,44,True,0.9103997349739075
image_01510.jpg,jpg/image_01510.jpg,44,44,True,0.8009165525436401
image_01511.jpg,jpg/image_01511.jpg,44,44,True,0.8463872075080872
image_01512.jpg,jpg/image_01512.jpg,44,44,True,0.6533467769622803
image_01513.jpg,jpg/image_01513.jpg,44,44,True,0.828856348991394
image_01514.jpg,jpg/image_01514.jpg,44,44,True,0.9187268018722534
image_01515.jpg,jpg/image_01515.jpg,44,44,True,0.8914585709571838
image_01516.jpg,jpg/image_01516.jpg,44,44,True,0.8844754099845886
image_01517.jpg,jpg/image_01517.jpg,44,44,True,0.8236910700798035
image_01518.jpg,jpg/image_01518.jpg,44,44,True,0.924985945224762
image_01519.jpg,jpg/image_01519.jpg,44,44,True,0.9161965847015381
image_01520.jpg,jpg/image_01520.jpg,44,44,True,0.8963828682899475
image_01523.jpg,jpg/image_01523.jpg,44,44,True,0.9179250597953796
image_01524.jpg,jpg/image_01524.jpg,44,44,True,0.8982706069946289
image_01526.jpg,jpg/image_01526.jpg,44,44,True,0.8700337409973145
image_01527.jpg,jpg/image_01527.jpg,44,44,True,0.9115850329399109
image_01529.jpg,jpg/image_01529.jpg,44,44,True,0.8225416541099548
image_01530.jpg,jpg/image_01530.jpg,44,44,True,0.9021568298339844
image_01531.jpg,jpg/image_01531.jpg,44,44,True,0.9000474810600281
image_01532.jpg,jpg/image_01532.jpg,44,44,True,0.8561944365501404
image_01535.jpg,jpg/image_01535.jpg,44,44,True,0.7019424438476562
image_01536.jpg,jpg/image_01536.jpg,44,44,True,0.8408945202827454
image_01537.jpg,jpg/image_01537.jpg,44,44,True,0.913963258266449
image_01538.jpg,jpg/image_01538.jpg,44,44,True,0.8946077227592468
image_01540.jpg,jpg/image_01540.jpg,44,44,True,0.9032709002494812
image_01541.jpg,jpg/image_01541.jpg,44,44,True,0.5879441499710083
image_01543.jpg,jpg/image_01543.jpg,44,44,True,0.8173198699951172
image_01544.jpg,jpg/image_01544.jpg,44,44,True,0.9121600389480591
image_01547.jpg,jpg/image_01547.jpg,44,44,True,0.8024210333824158
image_01548.jpg,jpg/image_01548.jpg,44,44,True,0.8876726031303406
image_01549.jpg,jpg/image_01549.jpg,44,44,True,0.9229567646980286
image_01550.jpg,jpg/image_01550.jpg,44,44,True,0.8691269159317017
image_01551.jpg,jpg/image_01551.jpg,44,44,True,0.8605658411979675
image_01554.jpg,jpg/image_01554.jpg,44,44,True,0.9220699667930603
image_01555.jpg,jpg/image_01555.jpg,44,44,True,0.8861215710639954
image_01557.jpg,jpg/image_01557.jpg,44,44,True,0.9120815396308899
image_01559.jpg,jpg/image_01559.jpg,44,44,True,0.9226709604263306
image_01560.jpg,jpg/image_01560.jpg,44,44,True,0.6774879097938538
image_01561.jpg,jpg/image_01561.jpg,44,44,True,0.7393728494644165
image_01562.jpg,jpg/image_01562.jpg,44,44,True,0.8968585133552551
image_01563.jpg,jpg/image_01563.jpg,44,44,True,0.9265320301055908
image_01564.jpg,jpg/image_01564.jpg,44,44,True,0.7943584322929382
image_01565.jpg,jpg/image_01565.jpg,44,44,True,0.8717411160469055
image_01567.jpg,jpg/image_01567.jpg,44,44,True,0.8901110887527466
image_01568.jpg,jpg/image_01568.jpg,44,44,True,0.9078775644302368
image_01569.jpg,jpg/image_01569.jpg,44,44,True,0.7975531816482544
image_01570.jpg,jpg/image_01570.jpg,44,44,True,0.8759206533432007
image_01572.jpg,jpg/image_01572.jpg,44,44,True,0.7497587203979492
image_01573.jpg,jpg/image_01573.jpg,44,44,True,0.8695433139801025
image_01574.jpg,jpg/image_01574.jpg,44,44,True,0.8876059055328369
image_01575.jpg,jpg/image_01575.jpg,44,44,True,0.8486218452453613
image_01576.jpg,jpg/image_01576.jpg,44,44,True,0.9040648341178894
image_01577.jpg,jpg/image_01577.jpg,44,44,True,0.8975781202316284
image_01578.jpg,jpg/image_01578.jpg,44,44,True,0.9060704112052917
image_01579.jpg,jpg/image_01579.jpg,44,44,True,0.8967065215110779
image_01581.jpg,jpg/image_01581.jpg,44,44,True,0.8793649673461914
image_01583.jpg,jpg/image_01583.jpg,44,44,True,0.7566424012184143
image_07123.jpg,jpg/image_07123.jpg,45,45,True,0.7818898558616638
image_07126.jpg,jpg/image_07126.jpg,45,45,True,0.5359818935394287
image_07134.jpg,jpg/image_07134.jpg,45,45,True,0.7415644526481628
image_07137.jpg,jpg/image_07137.jpg,45,45,True,0.5811629891395569
image_07138.jpg,jpg/image_07138.jpg,45,45,True,0.7930969595909119
image_07143.jpg,jpg/image_07143.jpg,45,45,True,0.8400354981422424
image_07145.jpg,jpg/image_07145.jpg,45,45,True,0.6707263588905334
image_07146.jpg,jpg/image_07146.jpg,45,45,True,0.7960684299468994
image_07147.jpg,jpg/image_07147.jpg,45,45,True,0.45717936754226685
image_07148.jpg,jpg/image_07148.jpg,45,45,True,0.7994049787521362
image_07149.jpg,jpg/image_07149.jpg,45,45,True,0.8026744723320007
image_07150.jpg,jpg/image_07150.jpg,45,45,True,0.6300265192985535
image_07151.jpg,jpg/image_07151.jpg,45,45,True,0.5698562860488892
image_07155.jpg,jpg/image_07155.jpg,45,45,True,0.7587052583694458
image_07157.jpg,jpg/image_07157.jpg,45,45,True,0.8244926333427429
image_07158.jpg,jpg/image_07158.jpg,45,45,True,0.6000307202339172
image_07159.jpg,jpg/image_07159.jpg,45,45,True,0.6982419490814209
image_07160.jpg,jpg/image_07160.jpg,45,45,True,0.6978493332862854
image_07161.jpg,jpg/image_07161.jpg,45,45,True,0.727073609828949
image_08098.jpg,jpg/image_08098.jpg,45,45,True,0.6914623379707336
image_00947.jpg,jpg/image_00947.jpg,46,46,True,0.8864396214485168
image_00948.jpg,jpg/image_00948.jpg,46,46,True,0.844584047794342
image_00949.jpg,jpg/image_00949.jpg,46,46,True,0.37221813201904297
image_00950.jpg,jpg/image_00950.jpg,46,46,True,0.6368820667266846
image_00951.jpg,jpg/image_00951.jpg,46,46,True,0.8088759183883667
image_00952.jpg,jpg/image_00952.jpg,46,46,True,0.5368987917900085
image_00953.jpg,jpg/image_00953.jpg,46,46,True,0.57158362865448
image_00954.jpg,jpg/image_00954.jpg,46,46,True,0.8778021335601807
image_00955.jpg,jpg/image_00955.jpg,46,46,True,0.7356565594673157
image_00956.jpg,jpg/image_00956.jpg,46,46,True,0.8590033054351807
image_00957.jpg,jpg/image_00957.jpg,46,46,True,0.8821427822113037
image_00958.jpg,jpg/image_00958.jpg,46,46,True,0.6851714253425598
image_00959.jpg,jpg/image_00959.jpg,46,46,True,0.6960486173629761
image_00960.jpg,jpg/image_00960.jpg,46,46,True,0.8575066924095154
image_00961.jpg,jpg/image_00961.jpg,46,46,True,0.6445320844650269
image_00962.jpg,jpg/image_00962.jpg,46,46,True,0.7941341400146484
image_00963.jpg,jpg/image_00963.jpg,46,46,True,0.8865705132484436
image_00965.jpg,jpg/image_00965.jpg,46,46,True,0.8917527794837952
image_00966.jpg,jpg/image_00966.jpg,46,46,True,0.8725601434707642
image_00967.jpg,jpg/image_00967.jpg,46,46,True,0.9229898452758789
image_00968.jpg,jpg/image_00968.jpg,46,46,True,0.9186788201332092
image_00970.jpg,jpg/image_00970.jpg,46,46,True,0.8356379270553589
image_00971.jpg,jpg/image_00971.jpg,46,46,True,0.9155991077423096
image_00972.jpg,jpg/image_00972.jpg,46,46,True,0.5576867461204529
image_00973.jpg,jpg/image_00973.jpg,46,46,True,0.867046594619751
image_00975.jpg,jpg/image_00975.jpg,46,46,True,0.6585830450057983
image_00976.jpg,jpg/image_00976.jpg,46,46,True,0.8335154056549072
image_00977.jpg,jpg/image_00977.jpg,46,46,True,0.7827154994010925
image_00978.jpg,jpg/image_00978.jpg,46,56,False,0.1331135481595993
image_00980.jpg,jpg/image_00980.jpg,46,46,True,0.7228468060493469
image_00981.jpg,jpg/image_00981.jpg,46,46,True,0.8859513998031616
image_00982.jpg,jpg/image_00982.jpg,46,46,True,0.9159802794456482
image_00983.jpg,jpg/image_00983.jpg,46,46,True,0.6727650165557861
image_00984.jpg,jpg/image_00984.jpg,46,46,True,0.8701485395431519
image_00985.jpg,jpg/image_00985.jpg,46,46,True,0.7823454141616821
image_00987.jpg,jpg/image_00987.jpg,46,46,True,0.7457168698310852
image_00988.jpg,jpg/image_00988.jpg,46,46,True,0.7727730870246887
image_00989.jpg,jpg/image_00989.jpg,46,46,True,0.857952892780304
image_00990.jpg,jpg/image_00990.jpg,46,46,True,0.7163616418838501
image_00991.jpg,jpg/image_00991.jpg,46,46,True,0.827007532119751
image_00992.jpg,jpg/image_00992.jpg,46,46,True,0.8887396454811096
image_00993.jpg,jpg/image_00993.jpg,46,46,True,0.2445603311061859
image_00994.jpg,jpg/image_00994.jpg,46,46,True,0.9105629920959473
image_00995.jpg,jpg/image_00995.jpg,46,46,True,0.8734639286994934
image_00996.jpg,jpg/image_00996.jpg,46,46,True,0.8444843888282776
image_00997.jpg,jpg/image_00997.jpg,46,46,True,0.8589522838592529
image_00998.jpg,jpg/image_00998.jpg,46,46,True,0.8309829831123352
image_00999.jpg,jpg/image_00999.jpg,46,46,True,0.8546950221061707
image_01000.jpg,jpg/image_01000.jpg,46,46,True,0.8805559873580933
image_01001.jpg,jpg/image_01001.jpg,46,46,True,0.7012225389480591
image_01002.jpg,jpg/image_01002.jpg,46,46,True,0.8731489181518555
image_01003.jpg,jpg/image_01003.jpg,46,46,True,0.8738024234771729
image_01004.jpg,jpg/image_01004.jpg,46,46,True,0.7109861373901367
image_01005.jpg,jpg/image_01005.jpg,46,46,True,0.851489245891571
image_01006.jpg,jpg/image_01006.jpg,46,46,True,0.7563214898109436
image_01007.jpg,jpg/image_01007.jpg,46,46,True,0.8358294367790222
image_01008.jpg,jpg/image_01008.jpg,46,46,True,0.9065943956375122
image_01009.jpg,jpg/image_01009.jpg,46,46,True,0.901136040687561
image_01011.jpg,jpg/image_01011.jpg,46,46,True,0.9116024971008301
image_01012.jpg,jpg/image_01012.jpg,46,46,True,0.5393413305282593
image_01013.jpg,jpg/image_01013.jpg,46,46,True,0.8054288029670715
image_01014.jpg,jpg/image_01014.jpg,46,46,True,0.45446375012397766
image_01015.jpg,jpg/image_01015.jpg,46,46,True,0.7952285408973694
image_01016.jpg,jpg/image_01016.jpg,46,46,True,0.8560831546783447
image_01017.jpg,jpg/image_01017.jpg,46,46,True,0.5383566617965698
image_01018.jpg,jpg/image_01018.jpg,46,46,True,0.5678872466087341
image_01020.jpg,jpg/image_01020.jpg,46,46,True,0.8319660425186157
image_01021.jpg,jpg/image_01021.jpg,46,46,True,0.9051796793937683
image_01022.jpg,jpg/image_01022.jpg,46,46,True,0.8874948024749756
image_01023.jpg,jpg/image_01023.jpg,46,46,True,0.9099181294441223
image_01025.jpg,jpg/image_01025.jpg,46,46,True,0.9391914010047913
image_01026.jpg,jpg/image_01026.jpg,46,46,True,0.899269700050354
image_01027.jpg,jpg/image_01027.jpg,46,46,True,0.8951879143714905
image_01029.jpg,jpg/image_01029.jpg,46,46,True,0.822910726070404
image_01030.jpg,jpg/image_01030.jpg,46,46,True,0.8916794061660767
image_01031.jpg,jpg/image_01031.jpg,46,46,True,0.8750467896461487
image_01032.jpg,jpg/image_01032.jpg,46,46,True,0.9001454710960388
image_01033.jpg,jpg/image_01033.jpg,46,46,True,0.14689846336841583
image_01034.jpg,jpg/image_01034.jpg,46,11,False,0.10785908252000809
image_01036.jpg,jpg/image_01036.jpg,46,46,True,0.8658478856086731
image_01037.jpg,jpg/image_01037.jpg,46,46,True,0.9174178242683411
image_01038.jpg,jpg/image_01038.jpg,46,46,True,0.4319661855697632
image_01039.jpg,jpg/image_01039.jpg,46,46,True,0.787485659122467
image_01040.jpg,jpg/image_01040.jpg,46,46,True,0.7036566138267517
image_01041.jpg,jpg/image_01041.jpg,46,46,True,0.867012619972229
image_01042.jpg,jpg/image_01042.jpg,46,46,True,0.8009828925132751
image_01043.jpg,jpg/image_01043.jpg,46,46,True,0.9093088507652283
image_01044.jpg,jpg/image_01044.jpg,46,46,True,0.7951927185058594
image_01045.jpg,jpg/image_01045.jpg,46,46,True,0.9118765592575073
image_01046.jpg,jpg/image_01046.jpg,46,46,True,0.3372029662132263
image_01047.jpg,jpg/image_01047.jpg,46,46,True,0.8859124779701233
image_01048.jpg,jpg/image_01048.jpg,46,46,True,0.8353126645088196
image_01050.jpg,jpg/image_01050.jpg,46,46,True,0.9186903238296509
image_01051.jpg,jpg/image_01051.jpg,46,46,True,0.8583627939224243
image_01053.jpg,jpg/image_01053.jpg,46,46,True,0.90030837059021
image_01054.jpg,jpg/image_01054.jpg,46,46,True,0.7927142977714539
image_01055.jpg,jpg/image_01055.jpg,46,46,True,0.9139286875724792
image_01056.jpg,jpg/image_01056.jpg,46,46,True,0.9006861448287964
image_01057.jpg,jpg/image_01057.jpg,46,46,True,0.5787391662597656
image_01058.jpg,jpg/image_01058.jpg,46,46,True,0.730436384677887
image_01059.jpg,jpg/image_01059.jpg,46,46,True,0.843250572681427
image_01060.jpg,jpg/image_01060.jpg,46,46,True,0.8016200065612793
image_01061.jpg,jpg/image_01061.jpg,46,46,True,0.8713209629058838
image_01062.jpg,jpg/image_01062.jpg,46,46,True,0.9075449705123901
image_01063.jpg,jpg/image_01063.jpg,46,46,True,0.8679780960083008
image_01064.jpg,jpg/image_01064.jpg,46,46,True,0.8593527674674988
image_01065.jpg,jpg/image_01065.jpg,46,46,True,0.8585084676742554
image_01066.jpg,jpg/image_01066.jpg,46,46,True,0.8124359846115112
image_01067.jpg,jpg/image_01067.jpg,46,46,True,0.8850540518760681
image_01068.jpg,jpg/image_01068.jpg,46,46,True,0.8659741878509521
image_01069.jpg,jpg/image_01069.jpg,46,46,True,0.803852379322052
image_01070.jpg,jpg/image_01070.jpg,46,46,True,0.8881970643997192
image_01071.jpg,jpg/image_01071.jpg,46,46,True,0.8999403119087219
image_01072.jpg,jpg/image_01072.jpg,46,46,True,0.8748507499694824
image_01073.jpg,jpg/image_01073.jpg,46,46,True,0.8106400966644287
image_01074.jpg,jpg/image_01074.jpg,46,46,True,0.8704103231430054
image_01075.jpg,jpg/image_01075.jpg,46,46,True,0.7917805910110474
image_01076.jpg,jpg/image_01076.jpg,46,46,True,0.8351013660430908
image_01077.jpg,jpg/image_01077.jpg,46,46,True,0.8890624046325684
image_01078.jpg,jpg/image_01078.jpg,46,46,True,0.8479279279708862
image_01079.jpg,jpg/image_01079.jpg,46,46,True,0.8008992671966553
image_01080.jpg,jpg/image_01080.jpg,46,46,True,0.8942201733589172
image_01081.jpg,jpg/image_01081.jpg,46,46,True,0.6583558320999146
image_01082.jpg,jpg/image_01082.jpg,46,46,True,0.9294716715812683
image_01083.jpg,jpg/image_01083.jpg,46,46,True,0.851651132106781
image_01084.jpg,jpg/image_01084.jpg,46,46,True,0.8248964548110962
image_01085.jpg,jpg/image_01085.jpg,46,46,True,0.883470892906189
image_01086.jpg,jpg/image_01086.jpg,46,46,True,0.8231461048126221
image_01088.jpg,jpg/image_01088.jpg,46,46,True,0.8264681696891785
image_01090.jpg,jpg/image_01090.jpg,46,46,True,0.7294586300849915
image_01091.jpg,jpg/image_01091.jpg,46,46,True,0.7582000494003296
image_01092.jpg,jpg/image_01092.jpg,46,46,True,0.8600290417671204
image_01093.jpg,jpg/image_01093.jpg,46,46,True,0.8393709659576416
image_01094.jpg,jpg/image_01094.jpg,46,46,True,0.8906453251838684
image_01095.jpg,jpg/image_01095.jpg,46,46,True,0.8986008763313293
image_01096.jpg,jpg/image_01096.jpg,46,46,True,0.8803138732910156
image_01097.jpg,jpg/image_01097.jpg,46,46,True,0.8959044814109802
image_01098.jpg,jpg/image_01098.jpg,46,46,True,0.8559582233428955
image_01099.jpg,jpg/image_01099.jpg,46,46,True,0.889502227306366
image_01100.jpg,jpg/image_01100.jpg,46,46,True,0.8812893033027649
image_01102.jpg,jpg/image_01102.jpg,46,46,True,0.6963138580322266
image_01103.jpg,jpg/image_01103.jpg,46,46,True,0.6294892430305481
image_01104.jpg,jpg/image_01104.jpg,46,46,True,0.8973744511604309
image_01105.jpg,jpg/image_01105.jpg,46,46,True,0.8730748295783997
image_01106.jpg,jpg/image_01106.jpg,46,46,True,0.877206027507782
image_01107.jpg,jpg/image_01107.jpg,46,46,True,0.8987966179847717
image_01108.jpg,jpg/image_01108.jpg,46,46,True,0.853614330291748
image_01109.jpg,jpg/image_01109.jpg,46,46,True,0.8676484227180481
image_01110.jpg,jpg/image_01110.jpg,46,46,True,0.8942012190818787
image_01112.jpg,jpg/image_01112.jpg,46,46,True,0.8486188054084778
image_01113.jpg,jpg/image_01113.jpg,46,46,True,0.896320104598999
image_01114.jpg,jpg/image_01114.jpg,46,46,True,0.8577758073806763
image_01115.jpg,jpg/image_01115.jpg,46,46,True,0.8760494589805603
image_01116.jpg,jpg/image_01116.jpg,46,46,True,0.9115749597549438
image_01117.jpg,jpg/image_01117.jpg,46,46,True,0.6819303631782532
image_01118.jpg,jpg/image_01118.jpg,46,46,True,0.5352780818939209
image_01119.jpg,jpg/image_01119.jpg,46,46,True,0.8795577883720398
image_01120.jpg,jpg/image_01120.jpg,46,46,True,0.8890569806098938
image_01121.jpg,jpg/image_01121.jpg,46,46,True,0.7523612380027771
image_01123.jpg,jpg/image_01123.jpg,46,46,True,0.7818785905838013
image_01124.jpg,jpg/image_01124.jpg,46,46,True,0.8906568884849548
image_01125.jpg,jpg/image_01125.jpg,46,46,True,0.8054632544517517
image_01127.jpg,jpg/image_01127.jpg,46,46,True,0.8776695132255554
image_01128.jpg,jpg/image_01128.jpg,46,46,True,0.5793315768241882
image_01129.jpg,jpg/image_01129.jpg,46,46,True,0.8549679517745972
image_01130.jpg,jpg/image_01130.jpg,46,46,True,0.9005641937255859
image_01132.jpg,jpg/image_01132.jpg,46,46,True,0.8920640349388123
image_01133.jpg,jpg/image_01133.jpg,46,46,True,0.8663966059684753
image_01134.jpg,jpg/image_01134.jpg,46,46,True,0.8993368744850159
image_01135.jpg,jpg/image_01135.jpg,46,46,True,0.8737832903862
image_01136.jpg,jpg/image_01136.jpg,46,46,True,0.1392812728881836
image_01137.jpg,jpg/image_01137.jpg,46,46,True,0.916236937046051
image_01138.jpg,jpg/image_01138.jpg,46,46,True,0.7019901871681213
image_01139.jpg,jpg/image_01139.jpg,46,46,True,0.8631020784378052
image_01140.jpg,jpg/image_01140.jpg,46,46,True,0.842292070388794
image_01141.jpg,jpg/image_01141.jpg,46,46,True,0.6885881423950195
image_04953.jpg,jpg/image_04953.jpg,47,47,True,0.8366232514381409
image_04954.jpg,jpg/image_04954.jpg,47,47,True,0.9474748373031616
image_04955.jpg,jpg/image_04955.jpg,47,47,True,0.94123774766922
image_04956.jpg,jpg/image_04956.jpg,47,47,True,0.9356123805046082
image_04957.jpg,jpg/image_04957.jpg,47,47,True,0.9491390585899353
image_04958.jpg,jpg/image_04958.jpg,47,47,True,0.8216304183006287
image_04959.jpg,jpg/image_04959.jpg,47,47,True,0.9352508187294006
image_04960.jpg,jpg/image_04960.jpg,47,47,True,0.9310432076454163
image_04962.jpg,jpg/image_04962.jpg,47,47,True,0.9352574348449707
image_04963.jpg,jpg/image_04963.jpg,47,47,True,0.9114043116569519
image_04966.jpg,jpg/image_04966.jpg,47,47,True,0.9342659115791321
image_04967.jpg,jpg/image_04967.jpg,47,47,True,0.8948720693588257
image_04971.jpg,jpg/image_04971.jpg,47,47,True,0.8611128926277161
image_04972.jpg,jpg/image_04972.jpg,47,47,True,0.9098737239837646
image_04973.jpg,jpg/image_04973.jpg,47,47,True,0.9218380451202393
image_04974.jpg,jpg/image_04974.jpg,47,47,True,0.9100394248962402
image_04976.jpg,jpg/image_04976.jpg,47,47,True,0.9338935017585754
image_04977.jpg,jpg/image_04977.jpg,47,47,True,0.9113023281097412
image_04979.jpg,jpg/image_04979.jpg,47,47,True,0.8772950768470764
image_04980.jpg,jpg/image_04980.jpg,47,47,True,0.9510534405708313
image_04981.jpg,jpg/image_04981.jpg,47,47,True,0.9359433054924011
image_04982.jpg,jpg/image_04982.jpg,47,47,True,0.9218974113464355
image_04983.jpg,jpg/image_04983.jpg,47,47,True,0.936886191368103
image_04984.jpg,jpg/image_04984.jpg,47,47,True,0.8786536455154419
image_04987.jpg,jpg/image_04987.jpg,47,47,True,0.9183704853057861
image_04989.jpg,jpg/image_04989.jpg,47,47,True,0.9274231195449829
image_04990.jpg,jpg/image_04990.jpg,47,47,True,0.9255117177963257
image_04992.jpg,jpg/image_04992.jpg,47,47,True,0.9349226951599121
image_04994.jpg,jpg/image_04994.jpg,47,47,True,0.9032473564147949
image_04995.jpg,jpg/image_04995.jpg,47,47,True,0.9119169116020203
image_04996.jpg,jpg/image_04996.jpg,47,47,True,0.9119306206703186
image_04997.jpg,jpg/image_04997.jpg,47,47,True,0.9196271300315857
image_04998.jpg,jpg/image_04998.jpg,47,47,True,0.9120081663131714
image_04999.jpg,jpg/image_04999.jpg,47,47,True,0.8761024475097656
image_05001.jpg,jpg/image_05001.jpg,47,47,True,0.40308114886283875
image_05003.jpg,jpg/image_05003.jpg,47,47,True,0.8939981460571289
image_05005.jpg,jpg/image_05005.jpg,47,47,True,0.9118397235870361
image_05006.jpg,jpg/image_05006.jpg,47,47,True,0.9188790917396545
image_05007.jpg,jpg/image_05007.jpg,47,47,True,0.932431697845459
image_05008.jpg,jpg/image_05008.jpg,47,47,True,0.904712975025177
image_05011.jpg,jpg/image_05011.jpg,47,47,True,0.8915331959724426
image_05012.jpg,jpg/image_05012.jpg,47,47,True,0.8455512523651123
image_05013.jpg,jpg/image_05013.jpg,47,47,True,0.9323539733886719
image_05014.jpg,jpg/image_05014.jpg,47,47,True,0.9338251948356628
image_05016.jpg,jpg/image_05016.jpg,47,47,True,0.9256817102432251
image_05017.jpg,jpg/image_05017.jpg,47,47,True,0.6377012729644775
image_05018.jpg,jpg/image_05018.jpg,47,47,True,0.7163258790969849
image_04626.jpg,jpg/image_04626.jpg,48,48,True,0.728541374206543
image_04627.jpg,jpg/image_04627.jpg,48,48,True,0.8834398984909058
image_04629.jpg,jpg/image_04629.jpg,48,48,True,0.6551895141601562
image_04630.jpg,jpg/image_04630.jpg,48,48,True,0.6396781802177429
image_04631.jpg,jpg/image_04631.jpg,48,48,True,0.9104284048080444
image_04632.jpg,jpg/image_04632.jpg,48,48,True,0.9176188111305237
image_04633.jpg,jpg/image_04633.jpg,48,48,True,0.364805668592453
image_04634.jpg,jpg/image_04634.jpg,48,48,True,0.8605196475982666
image_04635.jpg,jpg/image_04635.jpg,48,48,True,0.5219419598579407
image_04637.jpg,jpg/image_04637.jpg,48,16,False,0.39570289850234985
image_04638.jpg,jpg/image_04638.jpg,48,48,True,0.3090205192565918
image_04639.jpg,jpg/image_04639.jpg,48,48,True,0.8866423964500427
image_04641.jpg,jpg/image_04641.jpg,48,48,True,0.7861853837966919
image_04642.jpg,jpg/image_04642.jpg,48,97,False,0.1755971610546112
image_04643.jpg,jpg/image_04643.jpg,48,48,True,0.6782915592193604
image_04644.jpg,jpg/image_04644.jpg,48,16,False,0.3492475152015686
image_04646.jpg,jpg/image_04646.jpg,48,48,True,0.8114504814147949
image_04647.jpg,jpg/image_04647.jpg,48,48,True,0.8742742538452148
image_04648.jpg,jpg/image_04648.jpg,48,48,True,0.8850960731506348
image_04649.jpg,jpg/image_04649.jpg,48,48,True,0.9145677089691162
image_04650.jpg,jpg/image_04650.jpg,48,48,True,0.8600431680679321
image_04651.jpg,jpg/image_04651.jpg,48,48,True,0.9015360474586487
image_04653.jpg,jpg/image_04653.jpg,48,48,True,0.5673424601554871
image_04655.jpg,jpg/image_04655.jpg,48,48,True,0.7726275324821472
image_04657.jpg,jpg/image_04657.jpg,48,48,True,0.7450401782989502
image_04658.jpg,jpg/image_04658.jpg,48,48,True,0.9486178755760193
image_04659.jpg,jpg/image_04659.jpg,48,48,True,0.8717895746231079
image_04661.jpg,jpg/image_04661.jpg,48,48,True,0.8759475350379944
image_04662.jpg,jpg/image_04662.jpg,48,48,True,0.9276294708251953
image_04664.jpg,jpg/image_04664.jpg,48,48,True,0.8452346324920654
image_04665.jpg,jpg/image_04665.jpg,48,48,True,0.7337555885314941
image_04666.jpg,jpg/image_04666.jpg,48,48,True,0.8997076749801636
image_04667.jpg,jpg/image_04667.jpg,48,48,True,0.9033743739128113
image_04668.jpg,jpg/image_04668.jpg,48,48,True,0.9154042601585388
image_04669.jpg,jpg/image_04669.jpg,48,48,True,0.9171010851860046
image_04671.jpg,jpg/image_04671.jpg,48,48,True,0.4887849688529968
image_04673.jpg,jpg/image_04673.jpg,48,48,True,0.5877128839492798
image_04674.jpg,jpg/image_04674.jpg,48,48,True,0.7069745659828186
image_04675.jpg,jpg/image_04675.jpg,48,48,True,0.859478771686554
image_04677.jpg,jpg/image_04677.jpg,48,48,True,0.7769035696983337
image_04678.jpg,jpg/image_04678.jpg,48,48,True,0.8730865716934204
image_04680.jpg,jpg/image_04680.jpg,48,48,True,0.8645130395889282
image_04681.jpg,jpg/image_04681.jpg,48,48,True,0.7067369222640991
image_04684.jpg,jpg/image_04684.jpg,48,48,True,0.8467585444450378
image_04685.jpg,jpg/image_04685.jpg,48,48,True,0.7883182764053345
image_04686.jpg,jpg/image_04686.jpg,48,48,True,0.7947177290916443
image_04687.jpg,jpg/image_04687.jpg,48,48,True,0.09625604748725891
image_04688.jpg,jpg/image_04688.jpg,48,48,True,0.8897958993911743
image_04691.jpg,jpg/image_04691.jpg,48,48,True,0.7911666631698608
image_04692.jpg,jpg/image_04692.jpg,48,48,True,0.8967087268829346
image_04695.jpg,jpg/image_04695.jpg,48,48,True,0.8418936133384705
image_06198.jpg,jpg/image_06198.jpg,49,49,True,0.904544472694397
image_06199.jpg,jpg/image_06199.jpg,49,49,True,0.9162456393241882
image_06201.jpg,jpg/image_06201.jpg,49,49,True,0.8623135089874268
image_06202.jpg,jpg/image_06202.jpg,49,49,True,0.747972309589386
image_06203.jpg,jpg/image_06203.jpg,49,49,True,0.9503763318061829
image_06207.jpg,jpg/image_06207.jpg,49,49,True,0.8242936134338379
image_06208.jpg,jpg/image_06208.jpg,49,49,True,0.8592441082000732
image_06210.jpg,jpg/image_06210.jpg,49,49,True,0.9238660931587219
image_06211.jpg,jpg/image_06211.jpg,49,49,True,0.9282810091972351
image_06212.jpg,jpg/image_06212.jpg,49,49,True,0.8887593150138855
image_06215.jpg,jpg/image_06215.jpg,49,49,True,0.945221483707428
image_06216.jpg,jpg/image_06216.jpg,49,49,True,0.7519553899765015
image_06219.jpg,jpg/image_06219.jpg,49,49,True,0.9307681918144226
image_06220.jpg,jpg/image_06220.jpg,49,49,True,0.9096767902374268
image_06221.jpg,jpg/image_06221.jpg,49,49,True,0.938772976398468
image_06222.jpg,jpg/image_06222.jpg,49,49,True,0.8632345795631409
image_06226.jpg,jpg/image_06226.jpg,49,49,True,0.92640221118927
image_06227.jpg,jpg/image_06227.jpg,49,49,True,0.9410114288330078
image_06228.jpg,jpg/image_06228.jpg,49,49,True,0.9362388253211975
image_06230.jpg,jpg/image_06230.jpg,49,49,True,0.9354672431945801
image_06231.jpg,jpg/image_06231.jpg,49,49,True,0.8681396842002869
image_06234.jpg,jpg/image_06234.jpg,49,49,True,0.8842017650604248
image_06235.jpg,jpg/image_06235.jpg,49,49,True,0.9460598826408386
image_06236.jpg,jpg/image_06236.jpg,49,49,True,0.9239519834518433
image_06238.jpg,jpg/image_06238.jpg,49,49,True,0.8966440558433533
image_06240.jpg,jpg/image_06240.jpg,49,49,True,0.8306187391281128
image_06244.jpg,jpg/image_06244.jpg,49,49,True,0.9456664323806763
image_06245.jpg,jpg/image_06245.jpg,49,49,True,0.8761447668075562
image_06246.jpg,jpg/image_06246.jpg,49,49,True,0.912920355796814
image_06297.jpg,jpg/image_06297.jpg,50,50,True,0.46599939465522766
image_06298.jpg,jpg/image_06298.jpg,50,50,True,0.9328742027282715
image_06299.jpg,jpg/image_06299.jpg,50,50,True,0.931481659412384
image_06301.jpg,jpg/image_06301.jpg,50,50,True,0.7475486397743225
image_06302.jpg,jpg/image_06302.jpg,50,12,False,0.2866269648075104
image_06303.jpg,jpg/image_06303.jpg,50,50,True,0.8780575394630432
image_06304.jpg,jpg/image_06304.jpg,50,50,True,0.9196894764900208
image_06305.jpg,jpg/image_06305.jpg,50,50,True,0.7440054416656494
image_06306.jpg,jpg/image_06306.jpg,50,50,True,0.8867260813713074
image_06309.jpg,jpg/image_06309.jpg,50,50,True,0.8623337745666504
image_06311.jpg,jpg/image_06311.jpg,50,50,True,0.9151197671890259
image_06312.jpg,jpg/image_06312.jpg,50,50,True,0.7687568664550781
image_06314.jpg,jpg/image_06314.jpg,50,50,True,0.8951267004013062
image_06315.jpg,jpg/image_06315.jpg,50,50,True,0.82198166847229
image_06316.jpg,jpg/image_06316.jpg,50,12,False,0.6282747983932495
image_06317.jpg,jpg/image_06317.jpg,50,50,True,0.8527305722236633
image_06318.jpg,jpg/image_06318.jpg,50,50,True,0.91875821352005
image_06319.jpg,jpg/image_06319.jpg,50,50,True,0.826178789138794
image_06320.jpg,jpg/image_06320.jpg,50,50,True,0.8546524047851562
image_06321.jpg,jpg/image_06321.jpg,50,50,True,0.887285590171814
image_06322.jpg,jpg/image_06322.jpg,50,50,True,0.8308081030845642
image_06323.jpg,jpg/image_06323.jpg,50,50,True,0.924479603767395
image_06324.jpg,jpg/image_06324.jpg,50,50,True,0.8708016276359558
image_06325.jpg,jpg/image_06325.jpg,50,50,True,0.5294467210769653
image_06326.jpg,jpg/image_06326.jpg,50,50,True,0.9398720264434814
image_06327.jpg,jpg/image_06327.jpg,50,50,True,0.8958966135978699
image_06328.jpg,jpg/image_06328.jpg,50,50,True,0.885240375995636
image_06329.jpg,jpg/image_06329.jpg,50,50,True,0.9072200059890747
image_06330.jpg,jpg/image_06330.jpg,50,50,True,0.8800517320632935
image_06331.jpg,jpg/image_06331.jpg,50,50,True,0.7541383504867554
image_06332.jpg,jpg/image_06332.jpg,50,50,True,0.9354416131973267
image_06334.jpg,jpg/image_06334.jpg,50,12,False,0.728860080242157
image_06336.jpg,jpg/image_06336.jpg,50,50,True,0.8577410578727722
image_06337.jpg,jpg/image_06337.jpg,50,50,True,0.816562294960022
image_06338.jpg,jpg/image_06338.jpg,50,50,True,0.8999166488647461
image_06339.jpg,jpg/image_06339.jpg,50,50,True,0.8825339674949646
image_06340.jpg,jpg/image_06340.jpg,50,50,True,0.8973909020423889
image_06341.jpg,jpg/image_06341.jpg,50,12,False,0.4079740047454834
image_06342.jpg,jpg/image_06342.jpg,50,50,True,0.828015148639679
image_06344.jpg,jpg/image_06344.jpg,50,50,True,0.8394914269447327
image_06345.jpg,jpg/image_06345.jpg,50,50,True,0.7992530465126038
image_06528.jpg,jpg/image_06528.jpg,50,50,True,0.8050541877746582
image_06529.jpg,jpg/image_06529.jpg,50,50,True,0.8488559126853943
image_06530.jpg,jpg/image_06530.jpg,50,50,True,0.7956447005271912
image_06532.jpg,jpg/image_06532.jpg,50,50,True,0.9361110329627991
image_06533.jpg,jpg/image_06533.jpg,50,50,True,0.9279108047485352
image_06535.jpg,jpg/image_06535.jpg,50,50,True,0.9358072280883789
image_06536.jpg,jpg/image_06536.jpg,50,50,True,0.7564042210578918
image_06537.jpg,jpg/image_06537.jpg,50,50,True,0.9249654412269592
image_06538.jpg,jpg/image_06538.jpg,50,50,True,0.9236327409744263
image_06539.jpg,jpg/image_06539.jpg,50,50,True,0.9352037906646729
image_06540.jpg,jpg/image_06540.jpg,50,50,True,0.9332443475723267
image_06541.jpg,jpg/image_06541.jpg,50,50,True,0.933485746383667
image_06542.jpg,jpg/image_06542.jpg,50,50,True,0.9314607381820679
image_06544.jpg,jpg/image_06544.jpg,50,50,True,0.9107758402824402
image_06545.jpg,jpg/image_06545.jpg,50,50,True,0.9066422581672668
image_06546.jpg,jpg/image_06546.jpg,50,50,True,0.933809220790863
image_06548.jpg,jpg/image_06548.jpg,50,50,True,0.9054216742515564
image_06551.jpg,jpg/image_06551.jpg,50,50,True,0.879806399345398
image_06552.jpg,jpg/image_06552.jpg,50,50,True,0.8985470533370972
image_06554.jpg,jpg/image_06554.jpg,50,50,True,0.9266135096549988
image_06555.jpg,jpg/image_06555.jpg,50,50,True,0.9237741231918335
image_06557.jpg,jpg/image_06557.jpg,50,50,True,0.915857195854187
image_06558.jpg,jpg/image_06558.jpg,50,50,True,0.9257642030715942
image_06559.jpg,jpg/image_06559.jpg,50,50,True,0.9282240867614746
image_06561.jpg,jpg/image_06561.jpg,50,50,True,0.9157155156135559
image_06563.jpg,jpg/image_06563.jpg,50,50,True,0.9331314563751221
image_06565.jpg,jpg/image_06565.jpg,50,50,True,0.9195451736450195
image_06566.jpg,jpg/image_06566.jpg,50,50,True,0.923819899559021
image_06568.jpg,jpg/image_06568.jpg,50,50,True,0.49606406688690186
image_06569.jpg,jpg/image_06569.jpg,50,50,True,0.854901134967804
image_06570.jpg,jpg/image_06570.jpg,50,50,True,0.8981443643569946
image_01411.jpg,jpg/image_01411.jpg,51,51,True,0.8301709890365601
image_01392.jpg,jpg/image_01392.jpg,51,51,True,0.8238279819488525
image_01487.jpg,jpg/image_01487.jpg,51,51,True,0.9363517761230469
image_01464.jpg,jpg/image_01464.jpg,51,51,True,0.8199688792228699
image_01451.jpg,jpg/image_01451.jpg,51,51,True,0.830793559551239
image_03922.jpg,jpg/image_03922.jpg,51,51,True,0.22411949932575226
image_01474.jpg,jpg/image_01474.jpg,51,51,True,0.758453369140625
image_01438.jpg,jpg/image_01438.jpg,51,51,True,0.6732383966445923
image_01384.jpg,jpg/image_01384.jpg,51,51,True,0.8696721792221069
image_03936.jpg,jpg/image_03936.jpg,51,51,True,0.357820987701416
image_01318.jpg,jpg/image_01318.jpg,51,51,True,0.6193599700927734
image_01348.jpg,jpg/image_01348.jpg,51,51,True,0.23781979084014893
image_01468.jpg,jpg/image_01468.jpg,51,51,True,0.9063032865524292
image_03944.jpg,jpg/image_03944.jpg,51,51,True,0.19683393836021423
image_03928.jpg,jpg/image_03928.jpg,51,51,True,0.23065827786922455
image_03943.jpg,jpg/image_03943.jpg,51,51,True,0.26716217398643494
image_03914.jpg,jpg/image_03914.jpg,51,83,False,0.12687429785728455
image_01378.jpg,jpg/image_01378.jpg,51,51,True,0.12725967168807983
image_03913.jpg,jpg/image_03913.jpg,51,51,True,0.376054972410202
image_01343.jpg,jpg/image_01343.jpg,51,51,True,0.0775061547756195
image_01457.jpg,jpg/image_01457.jpg,51,51,True,0.8798103332519531
image_01489.jpg,jpg/image_01489.jpg,51,51,True,0.8894073367118835
image_03945.jpg,jpg/image_03945.jpg,51,51,True,0.2469799816608429
image_01344.jpg,jpg/image_01344.jpg,51,51,True,0.10599768906831741
image_03976.jpg,jpg/image_03976.jpg,51,51,True,0.2803233861923218
image_01320.jpg,jpg/image_01320.jpg,51,75,False,0.21159078180789948
image_03963.jpg,jpg/image_03963.jpg,51,68,False,0.1495179831981659
image_01323.jpg,jpg/image_01323.jpg,51,51,True,0.7730264663696289
image_01387.jpg,jpg/image_01387.jpg,51,51,True,0.8293569684028625
image_01332.jpg,jpg/image_01332.jpg,51,86,False,0.09305466711521149
image_01319.jpg,jpg/image_01319.jpg,51,51,True,0.8230477571487427
image_01439.jpg,jpg/image_01439.jpg,51,51,True,0.8400086164474487
image_01404.jpg,jpg/image_01404.jpg,51,51,True,0.90427166223526
image_01435.jpg,jpg/image_01435.jpg,51,51,True,0.8666908740997314
image_01424.jpg,jpg/image_01424.jpg,51,51,True,0.8568620085716248
image_01399.jpg,jpg/image_01399.jpg,51,51,True,0.9133298993110657
image_01484.jpg,jpg/image_01484.jpg,51,51,True,0.6958367228507996
image_01481.jpg,jpg/image_01481.jpg,51,51,True,0.3712362051010132
image_03980.jpg,jpg/image_03980.jpg,51,1,False,0.377522736787796
image_03930.jpg,jpg/image_03930.jpg,51,51,True,0.3438088893890381
image_01485.jpg,jpg/image_01485.jpg,51,51,True,0.9112536907196045
image_01381.jpg,jpg/image_01381.jpg,51,51,True,0.8949365615844727
image_01479.jpg,jpg/image_01479.jpg,51,51,True,0.8522359728813171
image_03927.jpg,jpg/image_03927.jpg,51,19,False,0.2119838446378708
image_01431.jpg,jpg/image_01431.jpg,51,51,True,0.858281135559082
image_01380.jpg,jpg/image_01380.jpg,51,51,True,0.8535890579223633
image_01322.jpg,jpg/image_01322.jpg,51,75,False,0.27207913994789124
image_01478.jpg,jpg/image_01478.jpg,51,51,True,0.5467009544372559
image_01390.jpg,jpg/image_01390.jpg,51,51,True,0.8828185200691223
image_01361.jpg,jpg/image_01361.jpg,51,53,False,0.0558725968003273
image_03956.jpg,jpg/image_03956.jpg,51,51,True,0.12079747766256332
image_01388.jpg,jpg/image_01388.jpg,51,51,True,0.7347604036331177
image_01346.jpg,jpg/image_01346.jpg,51,51,True,0.15497073531150818
image_01342.jpg,jpg/image_01342.jpg,51,89,False,0.0709637999534607
image_01415.jpg,jpg/image_01415.jpg,51,51,True,0.8866925239562988
image_01365.jpg,jpg/image_01365.jpg,51,101,False,0.07213543355464935
image_01447.jpg,jpg/image_01447.jpg,51,51,True,0.8136736750602722
image_03918.jpg,jpg/image_03918.jpg,51,51,True,0.1432855725288391
image_01426.jpg,jpg/image_01426.jpg,51,51,True,0.8929758667945862
image_01397.jpg,jpg/image_01397.jpg,51,51,True,0.5822321176528931
image_03983.jpg,jpg/image_03983.jpg,51,51,True,0.06750105321407318
image_03917.jpg,jpg/image_03917.jpg,51,51,True,0.5269151926040649
image_01362.jpg,jpg/image_01362.jpg,51,53,False,0.11073480546474457
image_01360.jpg,jpg/image_01360.jpg,51,51,True,0.6338881254196167
image_03942.jpg,jpg/image_03942.jpg,51,19,False,0.31825801730155945
image_01315.jpg,jpg/image_01315.jpg,51,51,True,0.45052582025527954
image_01467.jpg,jpg/image_01467.jpg,51,51,True,0.8354306817054749
image_03919.jpg,jpg/image_03919.jpg,51,86,False,0.05574857071042061
image_01460.jpg,jpg/image_01460.jpg,51,51,True,0.8776865601539612
image_03973.jpg,jpg/image_03973.jpg,51,4,False,0.14447404444217682
image_01368.jpg,jpg/image_01368.jpg,51,51,True,0.10773409903049469
image_01442.jpg,jpg/image_01442.jpg,51,51,True,0.9096145033836365
image_03992.jpg,jpg/image_03992.jpg,51,51,True,0.38616037368774414
image_03966.jpg,jpg/image_03966.jpg,51,51,True,0.249795064330101
image_01350.jpg,jpg/image_01350.jpg,51,51,True,0.20941857993602753
image_01337.jpg,jpg/image_01337.jpg,51,83,False,0.09791561216115952
image_01405.jpg,jpg/image_01405.jpg,51,51,True,0.8588007688522339
image_01449.jpg,jpg/image_01449.jpg,51,51,True,0.9109991788864136
image_03985.jpg,jpg/image_03985.jpg,51,51,True,0.23293349146842957
image_03920.jpg,jpg/image_03920.jpg,51,89,False,0.08748852461576462
image_03988.jpg,jpg/image_03988.jpg,51,51,True,0.20342394709587097
image_03962.jpg,jpg/image_03962.jpg,51,83,False,0.207663893699646
image_01429.jpg,jpg/image_01429.jpg,51,51,True,0.9047428965568542
image_03953.jpg,jpg/image_03953.jpg,51,51,True,0.4394625127315521
image_03989.jpg,jpg/image_03989.jpg,51,51,True,0.7107878923416138
image_01414.jpg,jpg/image_01414.jpg,51,51,True,0.9403952956199646
image_01329.jpg,jpg/image_01329.jpg,51,51,True,0.14932256937026978
image_03968.jpg,jpg/image_03968.jpg,51,51,True,0.6102771759033203
image_03946.jpg,jpg/image_03946.jpg,51,51,True,0.4094849228858948
image_01395.jpg,jpg/image_01395.jpg,51,51,True,0.5830567479133606
image_03993.jpg,jpg/image_03993.jpg,51,51,True,0.2626628875732422
image_01341.jpg,jpg/image_01341.jpg,51,83,False,0.11767145991325378
image_03938.jpg,jpg/image_03938.jpg,51,51,True,0.29089444875717163
image_01398.jpg,jpg/image_01398.jpg,51,51,True,0.8754716515541077
image_01422.jpg,jpg/image_01422.jpg,51,51,True,0.9182116389274597
image_03916.jpg,jpg/image_03916.jpg,51,76,False,0.07811639457941055
image_01432.jpg,jpg/image_01432.jpg,51,51,True,0.8815299272537231
image_01466.jpg,jpg/image_01466.jpg,51,51,True,0.8664992451667786
image_01371.jpg,jpg/image_01371.jpg,51,51,True,0.7286887168884277
image_01326.jpg,jpg/image_01326.jpg,51,51,True,0.635138750076294
image_03952.jpg,jpg/image_03952.jpg,51,75,False,0.15389418601989746
image_01475.jpg,jpg/image_01475.jpg,51,51,True,0.8637168407440186
image_01444.jpg,jpg/image_01444.jpg,51,51,True,0.8591256737709045
image_01465.jpg,jpg/image_01465.jpg,51,51,True,0.9028742909431458
image_03951.jpg,jpg/image_03951.jpg,51,19,False,0.10654782503843307
image_03924.jpg,jpg/image_03924.jpg,51,51,True,0.3883678913116455
image_03950.jpg,jpg/image_03950.jpg,51,51,True,0.19782839715480804
image_01408.jpg,jpg/image_01408.jpg,51,51,True,0.9018406867980957
image_01328.jpg,jpg/image_01328.jpg,51,51,True,0.2477400004863739
image_01391.jpg,jpg/image_01391.jpg,51,51,True,0.7751508951187134
image_01472.jpg,jpg/image_01472.jpg,51,51,True,0.6071019172668457
image_03948.jpg,jpg/image_03948.jpg,51,51,True,0.19256798923015594
image_01354.jpg,jpg/image_01354.jpg,51,51,True,0.4167010486125946
image_01423.jpg,jpg/image_01423.jpg,51,51,True,0.9229375720024109
image_01339.jpg,jpg/image_01339.jpg,51,51,True,0.11632923036813736
image_01396.jpg,jpg/image_01396.jpg,51,51,True,0.7247589826583862
image_01376.jpg,jpg/image_01376.jpg,51,51,True,0.6298055052757263
image_01331.jpg,jpg/image_01331.jpg,51,51,True,0.10481856763362885
image_01402.jpg,jpg/image_01402.jpg,51,51,True,0.8121635913848877
image_01363.jpg,jpg/image_01363.jpg,51,80,False,0.08878639340400696
image_01347.jpg,jpg/image_01347.jpg,51,51,True,0.12197516858577728
image_01370.jpg,jpg/image_01370.jpg,51,101,False,0.11616676300764084
image_03981.jpg,jpg/image_03981.jpg,51,51,True,0.32906490564346313
image_03961.jpg,jpg/image_03961.jpg,51,51,True,0.06795796751976013
image_01473.jpg,jpg/image_01473.jpg,51,51,True,0.8744401335716248
image_01409.jpg,jpg/image_01409.jpg,51,51,True,0.8948326706886292
image_01367.jpg,jpg/image_01367.jpg,51,51,True,0.8035020232200623
image_03978.jpg,jpg/image_03978.jpg,51,51,True,0.3096088469028473
image_01443.jpg,jpg/image_01443.jpg,51,51,True,0.8608075976371765
image_01400.jpg,jpg/image_01400.jpg,51,51,True,0.8879247903823853
image_01394.jpg,jpg/image_01394.jpg,51,51,True,0.8286545276641846
image_01458.jpg,jpg/image_01458.jpg,51,51,True,0.9255496263504028
image_03921.jpg,jpg/image_03921.jpg,51,1,False,0.21710968017578125
image_01353.jpg,jpg/image_01353.jpg,51,51,True,0.5135940909385681
image_01412.jpg,jpg/image_01412.jpg,51,51,True,0.9145644307136536
image_01321.jpg,jpg/image_01321.jpg,51,51,True,0.271145761013031
image_01440.jpg,jpg/image_01440.jpg,51,51,True,0.8675158619880676
image_01454.jpg,jpg/image_01454.jpg,51,51,True,0.7402157783508301
image_01453.jpg,jpg/image_01453.jpg,51,51,True,0.7492835521697998
image_03974.jpg,jpg/image_03974.jpg,51,51,True,0.20991243422031403
image_01373.jpg,jpg/image_01373.jpg,51,51,True,0.05667613074183464
image_03964.jpg,jpg/image_03964.jpg,51,51,True,0.43009260296821594
image_03986.jpg,jpg/image_03986.jpg,51,1,False,0.33572840690612793
image_01437.jpg,jpg/image_01437.jpg,51,51,True,0.8970385789871216
image_01441.jpg,jpg/image_01441.jpg,51,51,True,0.8246634006500244
image_01461.jpg,jpg/image_01461.jpg,51,51,True,0.8871068954467773
image_03979.jpg,jpg/image_03979.jpg,51,51,True,0.17811065912246704
image_01403.jpg,jpg/image_01403.jpg,51,51,True,0.8081312775611877
image_01488.jpg,jpg/image_01488.jpg,51,51,True,0.9190869927406311
image_01425.jpg,jpg/image_01425.jpg,51,51,True,0.9029256105422974
image_01357.jpg,jpg/image_01357.jpg,51,51,True,0.505714476108551
image_03931.jpg,jpg/image_03931.jpg,51,51,True,0.5444300174713135
image_03959.jpg,jpg/image_03959.jpg,51,51,True,0.4079798758029938
image_03990.jpg,jpg/image_03990.jpg,51,51,True,0.2387010008096695
image_03984.jpg,jpg/image_03984.jpg,51,83,False,0.1337420642375946
image_01359.jpg,jpg/image_01359.jpg,51,51,True,0.23066680133342743
image_01389.jpg,jpg/image_01389.jpg,51,51,True,0.8668857216835022
image_03933.jpg,jpg/image_03933.jpg,51,19,False,0.2962658107280731
image_01333.jpg,jpg/image_01333.jpg,51,51,True,0.143390491604805
image_01469.jpg,jpg/image_01469.jpg,51,51,True,0.884891927242279
image_01407.jpg,jpg/image_01407.jpg,51,51,True,0.9143800735473633
image_01336.jpg,jpg/image_01336.jpg,51,51,True,0.4235590100288391
image_01345.jpg,jpg/image_01345.jpg,51,51,True,0.19936804473400116
image_01450.jpg,jpg/image_01450.jpg,51,51,True,0.8989506959915161
image_01434.jpg,jpg/image_01434.jpg,51,51,True,0.7916867136955261
image_03941.jpg,jpg/image_03941.jpg,51,51,True,0.2738877236843109
image_01463.jpg,jpg/image_01463.jpg,51,51,True,0.7346407771110535
image_03958.jpg,jpg/image_03958.jpg,51,51,True,0.35223570466041565
image_01372.jpg,jpg/image_01372.jpg,51,51,True,0.06888952851295471
image_01349.jpg,jpg/image_01349.jpg,51,51,True,0.07711229473352432
image_03987.jpg,jpg/image_03987.jpg,51,51,True,0.41401445865631104
image_01470.jpg,jpg/image_01470.jpg,51,51,True,0.6641254425048828
image_01369.jpg,jpg/image_01369.jpg,51,58,False,0.09358569234609604
image_01340.jpg,jpg/image_01340.jpg,51,83,False,0.25198113918304443
image_01476.jpg,jpg/image_01476.jpg,51,51,True,0.8882620334625244
image_01462.jpg,jpg/image_01462.jpg,51,51,True,0.3086901605129242
image_01428.jpg,jpg/image_01428.jpg,51,51,True,0.8585023880004883
image_01364.jpg,jpg/image_01364.jpg,51,58,False,0.11200547218322754
image_01471.jpg,jpg/image_01471.jpg,51,51,True,0.836338996887207
image_03975.jpg,jpg/image_03975.jpg,51,51,True,0.18400675058364868
image_03965.jpg,jpg/image_03965.jpg,51,51,True,0.7035554647445679
image_03940.jpg,jpg/image_03940.jpg,51,51,True,0.3103795051574707
image_01383.jpg,jpg/image_01383.jpg,51,51,True,0.9280723333358765
image_01430.jpg,jpg/image_01430.jpg,51,51,True,0.7922983765602112
image_01325.jpg,jpg/image_01325.jpg,51,51,True,0.7886670827865601
image_03969.jpg,jpg/image_03969.jpg,51,83,False,0.13043561577796936
image_01401.jpg,jpg/image_01401.jpg,51,51,True,0.9331985712051392
image_01418.jpg,jpg/image_01418.jpg,51,51,True,0.8306299448013306
image_01406.jpg,jpg/image_01406.jpg,51,51,True,0.876908540725708
image_01421.jpg,jpg/image_01421.jpg,51,51,True,0.8777616024017334
image_03970.jpg,jpg/image_03970.jpg,51,51,True,0.2580350339412689
image_01410.jpg,jpg/image_01410.jpg,51,51,True,0.9124749898910522
image_01374.jpg,jpg/image_01374.jpg,51,32,False,0.16108083724975586
image_01482.jpg,jpg/image_01482.jpg,51,86,False,0.07923908531665802
image_01316.jpg,jpg/image_01316.jpg,51,51,True,0.6427605152130127
image_03949.jpg,jpg/image_03949.jpg,51,53,False,0.0832897275686264
image_01358.jpg,jpg/image_01358.jpg,51,51,True,0.4772447943687439
image_03937.jpg,jpg/image_03937.jpg,51,89,False,0.3057830333709717
image_01356.jpg,jpg/image_01356.jpg,51,51,True,0.7520010471343994
image_01338.jpg,jpg/image_01338.jpg,51,51,True,0.07159832119941711
image_03991.jpg,jpg/image_03991.jpg,51,51,True,0.30377718806266785
image_01334.jpg,jpg/image_01334.jpg,51,51,True,0.1255892515182495
image_01366.jpg,jpg/image_01366.jpg,51,26,False,0.07504290342330933
image_01436.jpg,jpg/image_01436.jpg,51,51,True,0.4531783163547516
image_01490.jpg,jpg/image_01490.jpg,51,51,True,0.8944424390792847
image_03972.jpg,jpg/image_03972.jpg,51,51,True,0.36918702721595764
image_01330.jpg,jpg/image_01330.jpg,51,51,True,0.12290848046541214
image_01352.jpg,jpg/image_01352.jpg,51,51,True,0.44216275215148926
image_03947.jpg,jpg/image_03947.jpg,51,1,False,0.31427884101867676
image_01351.jpg,jpg/image_01351.jpg,51,51,True,0.23367086052894592
image_01480.jpg,jpg/image_01480.jpg,51,75,False,0.3443557024002075
image_03925.jpg,jpg/image_03925.jpg,51,51,True,0.26034581661224365
image_03934.jpg,jpg/image_03934.jpg,51,51,True,0.12630416452884674
image_03929.jpg,jpg/image_03929.jpg,51,101,False,0.09578952938318253
image_01416.jpg,jpg/image_01416.jpg,51,51,True,0.7647745013237
image_01382.jpg,jpg/image_01382.jpg,51,51,True,0.8700835704803467
image_01377.jpg,jpg/image_01377.jpg,51,51,True,0.6616628766059875
image_03939.jpg,jpg/image_03939.jpg,51,51,True,0.5547459721565247
image_01477.jpg,jpg/image_01477.jpg,51,51,True,0.8755829334259033
image_01386.jpg,jpg/image_01386.jpg,51,51,True,0.8840314745903015
image_01355.jpg,jpg/image_01355.jpg,51,32,False,0.10259732604026794
image_03954.jpg,jpg/image_03954.jpg,51,51,True,0.05238690227270126
image_03977.jpg,jpg/image_03977.jpg,51,51,True,0.5518711805343628
image_01483.jpg,jpg/image_01483.jpg,51,51,True,0.13180223107337952
image_03971.jpg,jpg/image_03971.jpg,51,51,True,0.13485446572303772
image_03982.jpg,jpg/image_03982.jpg,51,51,True,0.05738033726811409
image_01327.jpg,jpg/image_01327.jpg,51,51,True,0.2415386140346527
image_01433.jpg,jpg/image_01433.jpg,51,51,True,0.9001874923706055
image_03926.jpg,jpg/image_03926.jpg,51,51,True,0.2736765444278717
image_01375.jpg,jpg/image_01375.jpg,51,51,True,0.11102833598852158
image_01427.jpg,jpg/image_01427.jpg,51,51,True,0.9129549264907837
image_03932.jpg,jpg/image_03932.jpg,51,23,False,0.05883646756410599
image_01419.jpg,jpg/image_01419.jpg,51,51,True,0.8963082432746887
image_01379.jpg,jpg/image_01379.jpg,51,51,True,0.05372818559408188
image_03960.jpg,jpg/image_03960.jpg,51,51,True,0.16657383739948273
image_01393.jpg,jpg/image_01393.jpg,51,51,True,0.9042707681655884
image_01420.jpg,jpg/image_01420.jpg,51,51,True,0.8796359896659851
image_03915.jpg,jpg/image_03915.jpg,51,51,True,0.49290359020233154
image_04159.jpg,jpg/image_04159.jpg,52,52,True,0.9100321531295776
image_04160.jpg,jpg/image_04160.jpg,52,52,True,0.929923951625824
image_04161.jpg,jpg/image_04161.jpg,52,52,True,0.9199191927909851
image_04162.jpg,jpg/image_04162.jpg,52,52,True,0.9316288828849792
image_04163.jpg,jpg/image_04163.jpg,52,52,True,0.8880094885826111
image_04164.jpg,jpg/image_04164.jpg,52,52,True,0.9107764363288879
image_04165.jpg,jpg/image_04165.jpg,52,52,True,0.8617146015167236
image_04168.jpg,jpg/image_04168.jpg,52,52,True,0.9281986355781555
image_04169.jpg,jpg/image_04169.jpg,52,52,True,0.8466776013374329
image_04171.jpg,jpg/image_04171.jpg,52,52,True,0.9152097702026367
image_04172.jpg,jpg/image_04172.jpg,52,52,True,0.8867205381393433
image_04173.jpg,jpg/image_04173.jpg,52,52,True,0.9064007997512817
image_04174.jpg,jpg/image_04174.jpg,52,52,True,0.8607256412506104
image_04176.jpg,jpg/image_04176.jpg,52,52,True,0.9139420390129089
image_04177.jpg,jpg/image_04177.jpg,52,52,True,0.9253197312355042
image_04178.jpg,jpg/image_04178.jpg,52,52,True,0.9067236185073853
image_04180.jpg,jpg/image_04180.jpg,52,52,True,0.9142653942108154
image_04182.jpg,jpg/image_04182.jpg,52,52,True,0.8347856998443604
image_04183.jpg,jpg/image_04183.jpg,52,52,True,0.9300541877746582
image_04184.jpg,jpg/image_04184.jpg,52,52,True,0.9091482162475586
image_04185.jpg,jpg/image_04185.jpg,52,52,True,0.923000693321228
image_04187.jpg,jpg/image_04187.jpg,52,52,True,0.8961331844329834
image_04188.jpg,jpg/image_04188.jpg,52,52,True,0.8945743441581726
image_04190.jpg,jpg/image_04190.jpg,52,52,True,0.9393051266670227
image_04191.jpg,jpg/image_04191.jpg,52,52,True,0.721718966960907
image_04192.jpg,jpg/image_04192.jpg,52,52,True,0.9096436500549316
image_04193.jpg,jpg/image_04193.jpg,52,52,True,0.8719601631164551
image_04194.jpg,jpg/image_04194.jpg,52,52,True,0.7792669534683228
image_04195.jpg,jpg/image_04195.jpg,52,52,True,0.9211570620536804
image_04197.jpg,jpg/image_04197.jpg,52,52,True,0.860135018825531
image_04198.jpg,jpg/image_04198.jpg,52,52,True,0.9008293747901917
image_04199.jpg,jpg/image_04199.jpg,52,52,True,0.6955893039703369
image_04200.jpg,jpg/image_04200.jpg,52,52,True,0.9187694191932678
image_04201.jpg,jpg/image_04201.jpg,52,52,True,0.9235481023788452
image_04202.jpg,jpg/image_04202.jpg,52,52,True,0.9296634197235107
image_04203.jpg,jpg/image_04203.jpg,52,52,True,0.8016659021377563
image_04204.jpg,jpg/image_04204.jpg,52,52,True,0.9340477585792542
image_04206.jpg,jpg/image_04206.jpg,52,52,True,0.9341315627098083
image_04209.jpg,jpg/image_04209.jpg,52,52,True,0.9152027368545532
image_04210.jpg,jpg/image_04210.jpg,52,52,True,0.8327594995498657
image_04211.jpg,jpg/image_04211.jpg,52,52,True,0.9051840901374817
image_04212.jpg,jpg/image_04212.jpg,52,52,True,0.9407622814178467
image_04213.jpg,jpg/image_04213.jpg,52,52,True,0.9123967885971069
image_04214.jpg,jpg/image_04214.jpg,52,52,True,0.7726593613624573
image_04216.jpg,jpg/image_04216.jpg,52,52,True,0.7770665884017944
image_04217.jpg,jpg/image_04217.jpg,52,52,True,0.9344824552536011
image_04218.jpg,jpg/image_04218.jpg,52,52,True,0.2836519777774811
image_04219.jpg,jpg/image_04219.jpg,52,52,True,0.9168056845664978
image_04220.jpg,jpg/image_04220.jpg,52,52,True,0.926807701587677
image_04221.jpg,jpg/image_04221.jpg,52,52,True,0.9051160216331482
image_04222.jpg,jpg/image_04222.jpg,52,52,True,0.8415974378585815
image_04225.jpg,jpg/image_04225.jpg,52,52,True,0.9234480857849121
image_04227.jpg,jpg/image_04227.jpg,52,52,True,0.8698378801345825
image_04228.jpg,jpg/image_04228.jpg,52,52,True,0.7948404550552368
image_04229.jpg,jpg/image_04229.jpg,52,52,True,0.9184643030166626
image_04230.jpg,jpg/image_04230.jpg,52,52,True,0.7854087352752686
image_04231.jpg,jpg/image_04231.jpg,52,52,True,0.8959288001060486
image_04232.jpg,jpg/image_04232.jpg,52,52,True,0.7676303386688232
image_04233.jpg,jpg/image_04233.jpg,52,52,True,0.9004030823707581
image_04235.jpg,jpg/image_04235.jpg,52,52,True,0.5981561541557312
image_04237.jpg,jpg/image_04237.jpg,52,52,True,0.5944753885269165
image_04239.jpg,jpg/image_04239.jpg,52,52,True,0.8940451741218567
image_04240.jpg,jpg/image_04240.jpg,52,52,True,0.4157348573207855
image_04242.jpg,jpg/image_04242.jpg,52,52,True,0.8435007333755493
image_04243.jpg,jpg/image_04243.jpg,52,52,True,0.8988829851150513
image_03641.jpg,jpg/image_03641.jpg,53,46,False,0.28640398383140564
image_03642.jpg,jpg/image_03642.jpg,53,46,False,0.3702009320259094
image_03643.jpg,jpg/image_03643.jpg,53,46,False,0.3655727505683899
image_03644.jpg,jpg/image_03644.jpg,53,53,True,0.872063398361206
image_03645.jpg,jpg/image_03645.jpg,53,53,True,0.8347825407981873
image_03646.jpg,jpg/image_03646.jpg,53,53,True,0.8458511829376221
image_03647.jpg,jpg/image_03647.jpg,53,53,True,0.799433171749115
image_03648.jpg,jpg/image_03648.jpg,53,46,False,0.3670424222946167
image_03649.jpg,jpg/image_03649.jpg,53,46,False,0.2811718285083771
image_03650.jpg,jpg/image_03650.jpg,53,53,True,0.9199876189231873
image_03652.jpg,jpg/image_03652.jpg,53,53,True,0.6362574100494385
image_03653.jpg,jpg/image_03653.jpg,53,53,True,0.6925596594810486
image_03654.jpg,jpg/image_03654.jpg,53,53,True,0.8602297902107239
image_03655.jpg,jpg/image_03655.jpg,53,46,False,0.5692464113235474
image_03656.jpg,jpg/image_03656.jpg,53,53,True,0.8104541897773743
image_03657.jpg,jpg/image_03657.jpg,53,53,True,0.7990042567253113
image_03660.jpg,jpg/image_03660.jpg,53,53,True,0.7887457609176636
image_03661.jpg,jpg/image_03661.jpg,53,53,True,0.46672406792640686
image_03662.jpg,jpg/image_03662.jpg,53,53,True,0.544561505317688
image_03663.jpg,jpg/image_03663.jpg,53,53,True,0.7716518640518188
image_03664.jpg,jpg/image_03664.jpg,53,53,True,0.6136570572853088
image_03665.jpg,jpg/image_03665.jpg,53,53,True,0.45611608028411865
image_03668.jpg,jpg/image_03668.jpg,53,53,True,0.8353688716888428
image_03669.jpg,jpg/image_03669.jpg,53,53,True,0.41151103377342224
image_03670.jpg,jpg/image_03670.jpg,53,53,True,0.89310222864151
image_03671.jpg,jpg/image_03671.jpg,53,53,True,0.7105342149734497
image_03672.jpg,jpg/image_03672.jpg,53,53,True,0.36747437715530396
image_03673.jpg,jpg/image_03673.jpg,53,53,True,0.8833315968513489
image_03674.jpg,jpg/image_03674.jpg,53,46,False,0.24657216668128967
image_03676.jpg,jpg/image_03676.jpg,53,53,True,0.32743212580680847
image_03677.jpg,jpg/image_03677.jpg,53,53,True,0.6237525343894958
image_03678.jpg,jpg/image_03678.jpg,53,46,False,0.2987135350704193
image_03679.jpg,jpg/image_03679.jpg,53,53,True,0.8529969453811646
image_03680.jpg,jpg/image_03680.jpg,53,53,True,0.8006702661514282
image_03682.jpg,jpg/image_03682.jpg,53,53,True,0.7801353335380554
image_03683.jpg,jpg/image_03683.jpg,53,53,True,0.8825803995132446
image_03684.jpg,jpg/image_03684.jpg,53,53,True,0.9318128824234009
image_03685.jpg,jpg/image_03685.jpg,53,53,True,0.8619844913482666
image_03686.jpg,jpg/image_03686.jpg,53,53,True,0.8507764339447021
image_03687.jpg,jpg/image_03687.jpg,53,53,True,0.8553048968315125
image_03689.jpg,jpg/image_03689.jpg,53,53,True,0.7759265899658203
image_03692.jpg,jpg/image_03692.jpg,53,53,True,0.8947739601135254
image_03693.jpg,jpg/image_03693.jpg,53,53,True,0.17131124436855316
image_03694.jpg,jpg/image_03694.jpg,53,53,True,0.5619649291038513
image_03695.jpg,jpg/image_03695.jpg,53,53,True,0.9052409529685974
image_03696.jpg,jpg/image_03696.jpg,53,53,True,0.9244768023490906
image_03697.jpg,jpg/image_03697.jpg,53,53,True,0.8949552774429321
image_03698.jpg,jpg/image_03698.jpg,53,53,True,0.1452208012342453
image_03699.jpg,jpg/image_03699.jpg,53,53,True,0.8945910334587097
image_03701.jpg,jpg/image_03701.jpg,53,53,True,0.7982133030891418
image_03702.jpg,jpg/image_03702.jpg,53,53,True,0.740813136100769
image_03703.jpg,jpg/image_03703.jpg,53,53,True,0.45667389035224915
image_03704.jpg,jpg/image_03704.jpg,53,53,True,0.8734896779060364
image_03705.jpg,jpg/image_03705.jpg,53,53,True,0.8248706459999084
image_03706.jpg,jpg/image_03706.jpg,53,53,True,0.7724558711051941
image_03707.jpg,jpg/image_03707.jpg,53,53,True,0.8685500025749207
image_03710.jpg,jpg/image_03710.jpg,53,53,True,0.9029459357261658
image_03711.jpg,jpg/image_03711.jpg,53,53,True,0.6983003616333008
image_03712.jpg,jpg/image_03712.jpg,53,53,True,0.9009499549865723
image_03713.jpg,jpg/image_03713.jpg,53,53,True,0.856107771396637
image_03715.jpg,jpg/image_03715.jpg,53,53,True,0.7592144012451172
image_03716.jpg,jpg/image_03716.jpg,53,53,True,0.7803390622138977
image_03717.jpg,jpg/image_03717.jpg,53,53,True,0.8403348326683044
image_03718.jpg,jpg/image_03718.jpg,53,53,True,0.7946393489837646
image_03720.jpg,jpg/image_03720.jpg,53,53,True,0.08346574753522873
image_03721.jpg,jpg/image_03721.jpg,53,53,True,0.9430485367774963
image_03723.jpg,jpg/image_03723.jpg,53,53,True,0.8947328329086304
image_03724.jpg,jpg/image_03724.jpg,53,53,True,0.9084149599075317
image_03726.jpg,jpg/image_03726.jpg,53,53,True,0.8747056126594543
image_03727.jpg,jpg/image_03727.jpg,53,53,True,0.9030594825744629
image_03728.jpg,jpg/image_03728.jpg,53,53,True,0.9135628342628479
image_03732.jpg,jpg/image_03732.jpg,53,46,False,0.13664083182811737
image_03733.jpg,jpg/image_03733.jpg,53,53,True,0.8782786726951599
image_05399.jpg,jpg/image_05399.jpg,54,54,True,0.8971438407897949
image_05401.jpg,jpg/image_05401.jpg,54,54,True,0.8993799090385437
image_05402.jpg,jpg/image_05402.jpg,54,54,True,0.9094009399414062
image_05403.jpg,jpg/image_05403.jpg,54,54,True,0.8610731363296509
image_05405.jpg,jpg/image_05405.jpg,54,54,True,0.7132077217102051
image_05406.jpg,jpg/image_05406.jpg,54,54,True,0.9007903933525085
image_05408.jpg,jpg/image_05408.jpg,54,54,True,0.9007616639137268
image_05409.jpg,jpg/image_05409.jpg,54,54,True,0.9276741743087769
image_05411.jpg,jpg/image_05411.jpg,54,54,True,0.9220473766326904
image_05414.jpg,jpg/image_05414.jpg,54,54,True,0.9383853673934937
image_05415.jpg,jpg/image_05415.jpg,54,54,True,0.8869032859802246
image_05416.jpg,jpg/image_05416.jpg,54,54,True,0.9344111680984497
image_05417.jpg,jpg/image_05417.jpg,54,54,True,0.9108340740203857
image_05418.jpg,jpg/image_05418.jpg,54,54,True,0.8963633179664612
image_05420.jpg,jpg/image_05420.jpg,54,54,True,0.9249293804168701
image_05421.jpg,jpg/image_05421.jpg,54,54,True,0.9404687881469727
image_05422.jpg,jpg/image_05422.jpg,54,54,True,0.9155445098876953
image_05423.jpg,jpg/image_05423.jpg,54,54,True,0.9410467147827148
image_05426.jpg,jpg/image_05426.jpg,54,54,True,0.9239490032196045
image_05427.jpg,jpg/image_05427.jpg,54,54,True,0.9246107935905457
image_05429.jpg,jpg/image_05429.jpg,54,54,True,0.9356769919395447
image_05432.jpg,jpg/image_05432.jpg,54,54,True,0.42364802956581116
image_05433.jpg,jpg/image_05433.jpg,54,54,True,0.883241593837738
image_05434.jpg,jpg/image_05434.jpg,54,54,True,0.929198682308197
image_05435.jpg,jpg/image_05435.jpg,54,54,True,0.9282943606376648
image_05436.jpg,jpg/image_05436.jpg,54,54,True,0.9328114986419678
image_05438.jpg,jpg/image_05438.jpg,54,54,True,0.9429716467857361
image_05439.jpg,jpg/image_05439.jpg,54,54,True,0.9248613715171814
image_05440.jpg,jpg/image_05440.jpg,54,54,True,0.9178532958030701
image_05442.jpg,jpg/image_05442.jpg,54,54,True,0.9014717936515808
image_05445.jpg,jpg/image_05445.jpg,54,54,True,0.935859739780426
image_05448.jpg,jpg/image_05448.jpg,54,54,True,0.898797869682312
image_05450.jpg,jpg/image_05450.jpg,54,54,True,0.7214013934135437
image_05451.jpg,jpg/image_05451.jpg,54,54,True,0.7064512372016907
image_05452.jpg,jpg/image_05452.jpg,54,54,True,0.8687946796417236
image_05453.jpg,jpg/image_05453.jpg,54,54,True,0.9317859411239624
image_05454.jpg,jpg/image_05454.jpg,54,54,True,0.7997071146965027
image_05455.jpg,jpg/image_05455.jpg,54,54,True,0.86769700050354
image_05457.jpg,jpg/image_05457.jpg,54,54,True,0.9315066933631897
image_05458.jpg,jpg/image_05458.jpg,54,54,True,0.8802330493927002
image_05459.jpg,jpg/image_05459.jpg,54,54,True,0.9413384795188904
image_04697.jpg,jpg/image_04697.jpg,55,55,True,0.42002072930336
image_04699.jpg,jpg/image_04699.jpg,55,55,True,0.41303473711013794
image_04700.jpg,jpg/image_04700.jpg,55,55,True,0.8649125099182129
image_04701.jpg,jpg/image_04701.jpg,55,55,True,0.6849592328071594
image_04702.jpg,jpg/image_04702.jpg,55,55,True,0.6603459119796753
image_04704.jpg,jpg/image_04704.jpg,55,55,True,0.17266441881656647
image_04705.jpg,jpg/image_04705.jpg,55,74,False,0.12845319509506226
image_04706.jpg,jpg/image_04706.jpg,55,55,True,0.2659294009208679
image_04707.jpg,jpg/image_04707.jpg,55,55,True,0.8459867238998413
image_04708.jpg,jpg/image_04708.jpg,55,55,True,0.5874315500259399
image_04709.jpg,jpg/image_04709.jpg,55,55,True,0.6002517938613892
image_04710.jpg,jpg/image_04710.jpg,55,55,True,0.13163256645202637
image_04711.jpg,jpg/image_04711.jpg,55,55,True,0.8640732765197754
image_04712.jpg,jpg/image_04712.jpg,55,55,True,0.8722646236419678
image_04713.jpg,jpg/image_04713.jpg,55,55,True,0.8271340131759644
image_04714.jpg,jpg/image_04714.jpg,55,55,True,0.9102382063865662
image_04715.jpg,jpg/image_04715.jpg,55,55,True,0.7363569736480713
image_04716.jpg,jpg/image_04716.jpg,55,55,True,0.6509609222412109
image_04717.jpg,jpg/image_04717.jpg,55,55,True,0.772747814655304
image_04718.jpg,jpg/image_04718.jpg,55,55,True,0.9059205055236816
image_04722.jpg,jpg/image_04722.jpg,55,55,True,0.8695809841156006
image_04724.jpg,jpg/image_04724.jpg,55,55,True,0.5868605971336365
image_04725.jpg,jpg/image_04725.jpg,55,55,True,0.7737096548080444
image_04727.jpg,jpg/image_04727.jpg,55,55,True,0.827789306640625
image_04728.jpg,jpg/image_04728.jpg,55,55,True,0.7962763905525208
image_04729.jpg,jpg/image_04729.jpg,55,55,True,0.8191958665847778
image_04730.jpg,jpg/image_04730.jpg,55,55,True,0.8879770040512085
image_04731.jpg,jpg/image_04731.jpg,55,55,True,0.8662000894546509
image_04733.jpg,jpg/image_04733.jpg,55,55,True,0.8218466639518738
image_04734.jpg,jpg/image_04734.jpg,55,55,True,0.5680528283119202
image_04736.jpg,jpg/image_04736.jpg,55,55,True,0.609043300151825
image_04737.jpg,jpg/image_04737.jpg,55,55,True,0.9221053123474121
image_04739.jpg,jpg/image_04739.jpg,55,55,True,0.7629787921905518
image_04742.jpg,jpg/image_04742.jpg,55,55,True,0.6912419199943542
image_04744.jpg,jpg/image_04744.jpg,55,55,True,0.8964919447898865
image_04745.jpg,jpg/image_04745.jpg,55,55,True,0.870002806186676
image_04747.jpg,jpg/image_04747.jpg,55,55,True,0.839961051940918
image_04748.jpg,jpg/image_04748.jpg,55,55,True,0.07910497486591339
image_04749.jpg,jpg/image_04749.jpg,55,55,True,0.24581900238990784
image_04750.jpg,jpg/image_04750.jpg,55,55,True,0.1982412189245224
image_04751.jpg,jpg/image_04751.jpg,55,55,True,0.7552434206008911
image_04752.jpg,jpg/image_04752.jpg,55,55,True,0.7379030585289001
image_04753.jpg,jpg/image_04753.jpg,55,55,True,0.8497346639633179
image_04755.jpg,jpg/image_04755.jpg,55,55,True,0.4880942404270172
image_04756.jpg,jpg/image_04756.jpg,55,55,True,0.7321798801422119
image_04759.jpg,jpg/image_04759.jpg,55,55,True,0.9100143909454346
image_04760.jpg,jpg/image_04760.jpg,55,55,True,0.7983193397521973
image_04762.jpg,jpg/image_04762.jpg,55,55,True,0.8383683562278748
image_04764.jpg,jpg/image_04764.jpg,55,55,True,0.802260160446167
image_04765.jpg,jpg/image_04765.jpg,55,55,True,0.7877967357635498
image_04766.jpg,jpg/image_04766.jpg,55,55,True,0.7382472157478333
image_02754.jpg,jpg/image_02754.jpg,56,56,True,0.8843637108802795
image_02755.jpg,jpg/image_02755.jpg,56,56,True,0.8998842835426331
image_02756.jpg,jpg/image_02756.jpg,56,56,True,0.9164713621139526
image_02757.jpg,jpg/image_02757.jpg,56,56,True,0.9332175850868225
image_02758.jpg,jpg/image_02758.jpg,56,56,True,0.9241245985031128
image_02759.jpg,jpg/image_02759.jpg,56,56,True,0.8965608477592468
image_02760.jpg,jpg/image_02760.jpg,56,56,True,0.9347425699234009
image_02763.jpg,jpg/image_02763.jpg,56,56,True,0.8807530403137207
image_02764.jpg,jpg/image_02764.jpg,56,56,True,0.9052770137786865
image_02765.jpg,jpg/image_02765.jpg,56,56,True,0.676680326461792
image_02766.jpg,jpg/image_02766.jpg,56,56,True,0.8459614515304565
image_02767.jpg,jpg/image_02767.jpg,56,56,True,0.8715341091156006
image_02768.jpg,jpg/image_02768.jpg,56,56,True,0.8282767534255981
image_02769.jpg,jpg/image_02769.jpg,56,56,True,0.8039676547050476
image_02771.jpg,jpg/image_02771.jpg,56,56,True,0.8435236215591431
image_02772.jpg,jpg/image_02772.jpg,56,56,True,0.9110437035560608
image_02773.jpg,jpg/image_02773.jpg,56,56,True,0.9020004868507385
image_02774.jpg,jpg/image_02774.jpg,56,56,True,0.8836663961410522
image_02775.jpg,jpg/image_02775.jpg,56,56,True,0.8955045938491821
image_02777.jpg,jpg/image_02777.jpg,56,56,True,0.9110669493675232
image_02778.jpg,jpg/image_02778.jpg,56,56,True,0.9019154906272888
image_02780.jpg,jpg/image_02780.jpg,56,56,True,0.8838659524917603
image_02781.jpg,jpg/image_02781.jpg,56,56,True,0.9252650141716003
image_02783.jpg,jpg/image_02783.jpg,56,56,True,0.8787313103675842
image_02784.jpg,jpg/image_02784.jpg,56,56,True,0.8809922337532043
image_02785.jpg,jpg/image_02785.jpg,56,56,True,0.5895715951919556
image_02786.jpg,jpg/image_02786.jpg,56,56,True,0.9050808548927307
image_02787.jpg,jpg/image_02787.jpg,56,56,True,0.8888120651245117
image_02788.jpg,jpg/image_02788.jpg,56,56,True,0.9232425689697266
image_02789.jpg,jpg/image_02789.jpg,56,56,True,0.8953899145126343
image_02790.jpg,jpg/image_02790.jpg,56,56,True,0.9050277471542358
image_02791.jpg,jpg/image_02791.jpg,56,56,True,0.8119396567344666
image_02792.jpg,jpg/image_02792.jpg,56,56,True,0.8735477924346924
image_02793.jpg,jpg/image_02793.jpg,56,56,True,0.8771587014198303
image_02794.jpg,jpg/image_02794.jpg,56,56,True,0.9051322340965271
image_02795.jpg,jpg/image_02795.jpg,56,56,True,0.6825538277626038
image_02796.jpg,jpg/image_02796.jpg,56,56,True,0.8926218152046204
image_02797.jpg,jpg/image_02797.jpg,56,56,True,0.8786150813102722
image_02798.jpg,jpg/image_02798.jpg,56,56,True,0.9210699796676636
image_02799.jpg,jpg/image_02799.jpg,56,56,True,0.9245613217353821
image_02800.jpg,jpg/image_02800.jpg,56,56,True,0.8937621116638184
image_02801.jpg,jpg/image_02801.jpg,56,56,True,0.9456313848495483
image_02804.jpg,jpg/image_02804.jpg,56,56,True,0.8591853380203247
image_02805.jpg,jpg/image_02805.jpg,56,56,True,0.8726297616958618
image_02806.jpg,jpg/image_02806.jpg,56,56,True,0.925743579864502
image_02807.jpg,jpg/image_02807.jpg,56,56,True,0.9163951873779297
image_02808.jpg,jpg/image_02808.jpg,56,56,True,0.9262296557426453
image_02809.jpg,jpg/image_02809.jpg,56,56,True,0.8878706097602844
image_02810.jpg,jpg/image_02810.jpg,56,56,True,0.9381799101829529
image_02811.jpg,jpg/image_02811.jpg,56,56,True,0.9069010615348816
image_02813.jpg,jpg/image_02813.jpg,56,56,True,0.2053999900817871
image_02814.jpg,jpg/image_02814.jpg,56,56,True,0.8887748122215271
image_02815.jpg,jpg/image_02815.jpg,56,56,True,0.93082594871521
image_02816.jpg,jpg/image_02816.jpg,56,56,True,0.8955057263374329
image_02817.jpg,jpg/image_02817.jpg,56,56,True,0.904550313949585
image_02818.jpg,jpg/image_02818.jpg,56,56,True,0.912117600440979
image_02819.jpg,jpg/image_02819.jpg,56,56,True,0.8575065732002258
image_02820.jpg,jpg/image_02820.jpg,56,56,True,0.8924124240875244
image_02821.jpg,jpg/image_02821.jpg,56,56,True,0.9018080830574036
image_02822.jpg,jpg/image_02822.jpg,56,56,True,0.8804649710655212
image_02823.jpg,jpg/image_02823.jpg,56,56,True,0.9004092812538147
image_02824.jpg,jpg/image_02824.jpg,56,56,True,0.8288866281509399
image_02825.jpg,jpg/image_02825.jpg,56,56,True,0.9207013845443726
image_02826.jpg,jpg/image_02826.jpg,56,56,True,0.9329118132591248
image_02827.jpg,jpg/image_02827.jpg,56,56,True,0.6795814037322998
image_02829.jpg,jpg/image_02829.jpg,56,56,True,0.8414950370788574
image_02831.jpg,jpg/image_02831.jpg,56,56,True,0.9389426112174988
image_02835.jpg,jpg/image_02835.jpg,56,56,True,0.8165965676307678
image_02836.jpg,jpg/image_02836.jpg,56,56,True,0.884656548500061
image_02837.jpg,jpg/image_02837.jpg,56,56,True,0.9492946267127991
image_02838.jpg,jpg/image_02838.jpg,56,56,True,0.8966988921165466
image_02839.jpg,jpg/image_02839.jpg,56,56,True,0.8084231615066528
image_02840.jpg,jpg/image_02840.jpg,56,56,True,0.8936484456062317
image_02842.jpg,jpg/image_02842.jpg,56,56,True,0.8439659476280212
image_02843.jpg,jpg/image_02843.jpg,56,56,True,0.8324937224388123
image_02844.jpg,jpg/image_02844.jpg,56,56,True,0.9360595345497131
image_02845.jpg,jpg/image_02845.jpg,56,56,True,0.8850343823432922
image_02847.jpg,jpg/image_02847.jpg,56,56,True,0.6662061810493469
image_02849.jpg,jpg/image_02849.jpg,56,56,True,0.8900548815727234
image_02850.jpg,jpg/image_02850.jpg,56,56,True,0.5782178640365601
image_02851.jpg,jpg/image_02851.jpg,56,56,True,0.9269769191741943
image_02853.jpg,jpg/image_02853.jpg,56,56,True,0.8671250939369202
image_02855.jpg,jpg/image_02855.jpg,56,56,True,0.8908767104148865
image_02856.jpg,jpg/image_02856.jpg,56,56,True,0.9145828485488892
image_02857.jpg,jpg/image_02857.jpg,56,56,True,0.9277138113975525
image_02858.jpg,jpg/image_02858.jpg,56,56,True,0.9084786772727966
image_02859.jpg,jpg/image_02859.jpg,56,56,True,0.9256342053413391
image_02860.jpg,jpg/image_02860.jpg,56,56,True,0.2520851194858551
image_02861.jpg,jpg/image_02861.jpg,56,56,True,0.7935513854026794
image_07234.jpg,jpg/image_07234.jpg,57,57,True,0.9110307693481445
image_07236.jpg,jpg/image_07236.jpg,57,57,True,0.7755396962165833
image_07238.jpg,jpg/image_07238.jpg,57,57,True,0.9158607721328735
image_07240.jpg,jpg/image_07240.jpg,57,57,True,0.9180372953414917
image_07241.jpg,jpg/image_07241.jpg,57,57,True,0.8942139744758606
image_07242.jpg,jpg/image_07242.jpg,57,57,True,0.8887508511543274
image_07243.jpg,jpg/image_07243.jpg,57,57,True,0.8918036222457886
image_07244.jpg,jpg/image_07244.jpg,57,57,True,0.9112317562103271
image_07245.jpg,jpg/image_07245.jpg,57,57,True,0.9057525396347046
image_07246.jpg,jpg/image_07246.jpg,57,57,True,0.8868576288223267
image_07248.jpg,jpg/image_07248.jpg,57,57,True,0.8986958861351013
image_07249.jpg,jpg/image_07249.jpg,57,57,True,0.9158263206481934
image_07250.jpg,jpg/image_07250.jpg,57,57,True,0.8789044618606567
image_07255.jpg,jpg/image_07255.jpg,57,57,True,0.9225712418556213
image_07257.jpg,jpg/image_07257.jpg,57,57,True,0.8210504651069641
image_07259.jpg,jpg/image_07259.jpg,57,57,True,0.817246675491333
image_07260.jpg,jpg/image_07260.jpg,57,57,True,0.9114733338356018
image_07261.jpg,jpg/image_07261.jpg,57,57,True,0.9222025275230408
image_07262.jpg,jpg/image_07262.jpg,57,57,True,0.8965993523597717
image_07263.jpg,jpg/image_07263.jpg,57,57,True,0.9278373122215271
image_07265.jpg,jpg/image_07265.jpg,57,57,True,0.8866916298866272
image_07266.jpg,jpg/image_07266.jpg,57,57,True,0.9594957232475281
image_07267.jpg,jpg/image_07267.jpg,57,57,True,0.9068725109100342
image_08120.jpg,jpg/image_08120.jpg,57,57,True,0.860726535320282
image_08123.jpg,jpg/image_08123.jpg,57,57,True,0.9159926176071167
image_08124.jpg,jpg/image_08124.jpg,57,57,True,0.5615297555923462
image_08125.jpg,jpg/image_08125.jpg,57,57,True,0.8589258193969727
image_08127.jpg,jpg/image_08127.jpg,57,57,True,0.8532820343971252
image_08128.jpg,jpg/image_08128.jpg,57,57,True,0.45976555347442627
image_08129.jpg,jpg/image_08129.jpg,57,57,True,0.911800742149353
image_08130.jpg,jpg/image_08130.jpg,57,57,True,0.7514176964759827
image_08131.jpg,jpg/image_08131.jpg,57,57,True,0.7815701365470886
image_08132.jpg,jpg/image_08132.jpg,57,57,True,0.7456030249595642
image_08134.jpg,jpg/image_08134.jpg,57,57,True,0.9113074541091919
image_08136.jpg,jpg/image_08136.jpg,57,57,True,0.7966277599334717
image_08137.jpg,jpg/image_08137.jpg,57,57,True,0.7258444428443909
image_08139.jpg,jpg/image_08139.jpg,57,57,True,0.6892067790031433
image_08140.jpg,jpg/image_08140.jpg,57,57,True,0.8729824423789978
image_08141.jpg,jpg/image_08141.jpg,57,57,True,0.8144947290420532
image_08142.jpg,jpg/image_08142.jpg,57,57,True,0.8810620903968811
image_08143.jpg,jpg/image_08143.jpg,57,57,True,0.21110153198242188
image_08144.jpg,jpg/image_08144.jpg,57,57,True,0.27542364597320557
image_08145.jpg,jpg/image_08145.jpg,57,57,True,0.7838746309280396
image_08146.jpg,jpg/image_08146.jpg,57,57,True,0.7092017531394958
image_08147.jpg,jpg/image_08147.jpg,57,57,True,0.820642352104187
image_08149.jpg,jpg/image_08149.jpg,57,57,True,0.710235059261322
image_08150.jpg,jpg/image_08150.jpg,57,57,True,0.6976840496063232
image_02639.jpg,jpg/image_02639.jpg,58,58,True,0.9041374325752258
image_02640.jpg,jpg/image_02640.jpg,58,58,True,0.8446696996688843
image_02641.jpg,jpg/image_02641.jpg,58,58,True,0.8659288883209229
image_02644.jpg,jpg/image_02644.jpg,58,58,True,0.867424726486206
image_02645.jpg,jpg/image_02645.jpg,58,58,True,0.8874461650848389
image_02646.jpg,jpg/image_02646.jpg,58,58,True,0.9234290719032288
image_02647.jpg,jpg/image_02647.jpg,58,58,True,0.8753761649131775
image_02648.jpg,jpg/image_02648.jpg,58,58,True,0.8923977017402649
image_02650.jpg,jpg/image_02650.jpg,58,58,True,0.8674959540367126
image_02651.jpg,jpg/image_02651.jpg,58,58,True,0.9065075516700745
image_02652.jpg,jpg/image_02652.jpg,58,58,True,0.9004637002944946
image_02653.jpg,jpg/image_02653.jpg,58,58,True,0.890411913394928
image_02654.jpg,jpg/image_02654.jpg,58,58,True,0.8367156982421875
image_02655.jpg,jpg/image_02655.jpg,58,58,True,0.7419076561927795
image_02656.jpg,jpg/image_02656.jpg,58,58,True,0.736247181892395
image_02657.jpg,jpg/image_02657.jpg,58,58,True,0.8756725192070007
image_02658.jpg,jpg/image_02658.jpg,58,58,True,0.829717755317688
image_02659.jpg,jpg/image_02659.jpg,58,58,True,0.8398314714431763
image_02660.jpg,jpg/image_02660.jpg,58,58,True,0.7817573547363281
image_02661.jpg,jpg/image_02661.jpg,58,58,True,0.8709642887115479
image_02662.jpg,jpg/image_02662.jpg,58,58,True,0.8742876052856445
image_02663.jpg,jpg/image_02663.jpg,58,58,True,0.8522752523422241
image_02664.jpg,jpg/image_02664.jpg,58,58,True,0.8323548436164856
image_02665.jpg,jpg/image_02665.jpg,58,58,True,0.8710324764251709
image_02666.jpg,jpg/image_02666.jpg,58,58,True,0.33445414900779724
image_02667.jpg,jpg/image_02667.jpg,58,58,True,0.8669793605804443
image_02668.jpg,jpg/image_02668.jpg,58,58,True,0.8957055807113647
image_02669.jpg,jpg/image_02669.jpg,58,58,True,0.8038197755813599
image_02670.jpg,jpg/image_02670.jpg,58,58,True,0.834123969078064
image_02673.jpg,jpg/image_02673.jpg,58,58,True,0.8831751942634583
image_02674.jpg,jpg/image_02674.jpg,58,58,True,0.8427280187606812
image_02676.jpg,jpg/image_02676.jpg,58,58,True,0.825790286064148
image_02677.jpg,jpg/image_02677.jpg,58,58,True,0.867556631565094
image_02679.jpg,jpg/image_02679.jpg,58,58,True,0.8839724659919739
image_02680.jpg,jpg/image_02680.jpg,58,58,True,0.871905505657196
image_02681.jpg,jpg/image_02681.jpg,58,58,True,0.8786765336990356
image_02682.jpg,jpg/image_02682.jpg,58,58,True,0.9033260345458984
image_02683.jpg,jpg/image_02683.jpg,58,58,True,0.8834938406944275
image_02685.jpg,jpg/image_02685.jpg,58,58,True,0.8554583787918091
image_02686.jpg,jpg/image_02686.jpg,58,58,True,0.896350085735321
image_02687.jpg,jpg/image_02687.jpg,58,58,True,0.8364344835281372
image_02690.jpg,jpg/image_02690.jpg,58,58,True,0.8882576823234558
image_02691.jpg,jpg/image_02691.jpg,58,58,True,0.9004188179969788
image_02692.jpg,jpg/image_02692.jpg,58,58,True,0.9031379222869873
image_02693.jpg,jpg/image_02693.jpg,58,58,True,0.8811275362968445
image_02695.jpg,jpg/image_02695.jpg,58,58,True,0.876137375831604
image_02697.jpg,jpg/image_02697.jpg,58,58,True,0.8727322220802307
image_02698.jpg,jpg/image_02698.jpg,58,58,True,0.7850744128227234
image_02699.jpg,jpg/image_02699.jpg,58,58,True,0.9035328030586243
image_02700.jpg,jpg/image_02700.jpg,58,58,True,0.8986390829086304
image_02701.jpg,jpg/image_02701.jpg,58,58,True,0.8578312397003174
image_02702.jpg,jpg/image_02702.jpg,58,58,True,0.9013614654541016
image_02703.jpg,jpg/image_02703.jpg,58,58,True,0.8758203983306885
image_02704.jpg,jpg/image_02704.jpg,58,58,True,0.9110766649246216
image_02705.jpg,jpg/image_02705.jpg,58,58,True,0.8859806060791016
image_02707.jpg,jpg/image_02707.jpg,58,58,True,0.9075621962547302
image_02708.jpg,jpg/image_02708.jpg,58,58,True,0.8201519846916199
image_02710.jpg,jpg/image_02710.jpg,58,58,True,0.8676029443740845
image_02711.jpg,jpg/image_02711.jpg,58,58,True,0.8758799433708191
image_02712.jpg,jpg/image_02712.jpg,58,58,True,0.8590208292007446
image_02713.jpg,jpg/image_02713.jpg,58,58,True,0.8890810012817383
image_02714.jpg,jpg/image_02714.jpg,58,58,True,0.8023185729980469
image_02715.jpg,jpg/image_02715.jpg,58,58,True,0.8792674541473389
image_02717.jpg,jpg/image_02717.jpg,58,58,True,0.8917269110679626
image_02718.jpg,jpg/image_02718.jpg,58,58,True,0.7751177549362183
image_02719.jpg,jpg/image_02719.jpg,58,58,True,0.8930185437202454
image_02721.jpg,jpg/image_02721.jpg,58,58,True,0.857079029083252
image_02722.jpg,jpg/image_02722.jpg,58,58,True,0.8582288026809692
image_02723.jpg,jpg/image_02723.jpg,58,58,True,0.9059975743293762
image_02724.jpg,jpg/image_02724.jpg,58,58,True,0.8930760622024536
image_02725.jpg,jpg/image_02725.jpg,58,58,True,0.891207218170166
image_02726.jpg,jpg/image_02726.jpg,58,58,True,0.9011772871017456
image_02727.jpg,jpg/image_02727.jpg,58,58,True,0.8923192024230957
image_02728.jpg,jpg/image_02728.jpg,58,58,True,0.8968437314033508
image_02729.jpg,jpg/image_02729.jpg,58,58,True,0.8765041828155518
image_02731.jpg,jpg/image_02731.jpg,58,58,True,0.8997628688812256
image_02732.jpg,jpg/image_02732.jpg,58,58,True,0.8858901262283325
image_02733.jpg,jpg/image_02733.jpg,58,58,True,0.8805133700370789
image_02734.jpg,jpg/image_02734.jpg,58,58,True,0.8971179127693176
image_02735.jpg,jpg/image_02735.jpg,58,58,True,0.532288134098053
image_02736.jpg,jpg/image_02736.jpg,58,58,True,0.6600664854049683
image_02737.jpg,jpg/image_02737.jpg,58,58,True,0.8778082132339478
image_02739.jpg,jpg/image_02739.jpg,58,58,True,0.8867856860160828
image_02740.jpg,jpg/image_02740.jpg,58,58,True,0.8582093119621277
image_02741.jpg,jpg/image_02741.jpg,58,58,True,0.8529269099235535
image_02742.jpg,jpg/image_02742.jpg,58,58,True,0.8676849603652954
image_02743.jpg,jpg/image_02743.jpg,58,58,True,0.8103652000427246
image_02744.jpg,jpg/image_02744.jpg,58,58,True,0.5919723510742188
image_02746.jpg,jpg/image_02746.jpg,58,58,True,0.8027405738830566
image_02747.jpg,jpg/image_02747.jpg,58,58,True,0.8574267625808716
image_02749.jpg,jpg/image_02749.jpg,58,58,True,0.847918689250946
image_02750.jpg,jpg/image_02750.jpg,58,58,True,0.8395700454711914
image_02751.jpg,jpg/image_02751.jpg,58,58,True,0.9312466382980347
image_02752.jpg,jpg/image_02752.jpg,58,58,True,0.9003562331199646
image_05020.jpg,jpg/image_05020.jpg,59,59,True,0.7953440546989441
image_05021.jpg,jpg/image_05021.jpg,59,59,True,0.8839221000671387
image_05023.jpg,jpg/image_05023.jpg,59,59,True,0.587155282497406
image_05024.jpg,jpg/image_05024.jpg,59,59,True,0.8621819615364075
image_05025.jpg,jpg/image_05025.jpg,59,59,True,0.8884318470954895
image_05026.jpg,jpg/image_05026.jpg,59,59,True,0.8939328789710999
image_05027.jpg,jpg/image_05027.jpg,59,59,True,0.8466765284538269
image_05029.jpg,jpg/image_05029.jpg,59,59,True,0.8545699119567871
image_05030.jpg,jpg/image_05030.jpg,59,59,True,0.8550888299942017
image_05031.jpg,jpg/image_05031.jpg,59,59,True,0.8672444224357605
image_05032.jpg,jpg/image_05032.jpg,59,59,True,0.9012783765792847
image_05033.jpg,jpg/image_05033.jpg,59,59,True,0.8512627482414246
image_05034.jpg,jpg/image_05034.jpg,59,59,True,0.7667224407196045
image_05035.jpg,jpg/image_05035.jpg,59,59,True,0.7495660185813904
image_05037.jpg,jpg/image_05037.jpg,59,59,True,0.7726249694824219
image_05038.jpg,jpg/image_05038.jpg,59,59,True,0.8596339225769043
image_05039.jpg,jpg/image_05039.jpg,59,59,True,0.8626618981361389
image_05041.jpg,jpg/image_05041.jpg,59,59,True,0.8740435838699341
image_05043.jpg,jpg/image_05043.jpg,59,59,True,0.9011268615722656
image_05044.jpg,jpg/image_05044.jpg,59,59,True,0.8874363899230957
image_05047.jpg,jpg/image_05047.jpg,59,59,True,0.8962728381156921
image_05048.jpg,jpg/image_05048.jpg,59,59,True,0.7921899557113647
image_05049.jpg,jpg/image_05049.jpg,59,59,True,0.8622261881828308
image_05050.jpg,jpg/image_05050.jpg,59,59,True,0.7745867967605591
image_05051.jpg,jpg/image_05051.jpg,59,59,True,0.7167245745658875
image_05052.jpg,jpg/image_05052.jpg,59,59,True,0.8953450918197632
image_05053.jpg,jpg/image_05053.jpg,59,59,True,0.8684440851211548
image_05054.jpg,jpg/image_05054.jpg,59,59,True,0.9051042199134827
image_05056.jpg,jpg/image_05056.jpg,59,59,True,0.9201807379722595
image_05057.jpg,jpg/image_05057.jpg,59,59,True,0.8918304443359375
image_05058.jpg,jpg/image_05058.jpg,59,59,True,0.8877360224723816
image_05059.jpg,jpg/image_05059.jpg,59,59,True,0.9177206158638
image_05060.jpg,jpg/image_05060.jpg,59,59,True,0.9177296757698059
image_05061.jpg,jpg/image_05061.jpg,59,59,True,0.9167757630348206
image_05063.jpg,jpg/image_05063.jpg,59,59,True,0.9005616307258606
image_05067.jpg,jpg/image_05067.jpg,59,59,True,0.9130824208259583
image_05068.jpg,jpg/image_05068.jpg,59,59,True,0.918179452419281
image_05070.jpg,jpg/image_05070.jpg,59,59,True,0.8940872550010681
image_05072.jpg,jpg/image_05072.jpg,59,59,True,0.9274885654449463
image_05073.jpg,jpg/image_05073.jpg,59,59,True,0.8913259506225586
image_05075.jpg,jpg/image_05075.jpg,59,59,True,0.8723155856132507
image_05076.jpg,jpg/image_05076.jpg,59,59,True,0.9122574925422668
image_05078.jpg,jpg/image_05078.jpg,59,59,True,0.8679149746894836
image_05079.jpg,jpg/image_05079.jpg,59,59,True,0.8694169521331787
image_05080.jpg,jpg/image_05080.jpg,59,59,True,0.8591676354408264
image_05082.jpg,jpg/image_05082.jpg,59,59,True,0.9118391871452332
image_05086.jpg,jpg/image_05086.jpg,59,59,True,0.7036600112915039
image_02920.jpg,jpg/image_02920.jpg,60,60,True,0.8337400555610657
image_02921.jpg,jpg/image_02921.jpg,60,60,True,0.8414494395256042
image_02922.jpg,jpg/image_02922.jpg,60,60,True,0.8844136595726013
image_02923.jpg,jpg/image_02923.jpg,60,60,True,0.8855625987052917
image_02924.jpg,jpg/image_02924.jpg,60,60,True,0.8766288757324219
image_02925.jpg,jpg/image_02925.jpg,60,60,True,0.9047589898109436
image_02926.jpg,jpg/image_02926.jpg,60,60,True,0.8856378793716431
image_02928.jpg,jpg/image_02928.jpg,60,60,True,0.873855471611023
image_02929.jpg,jpg/image_02929.jpg,60,60,True,0.8620198965072632
image_02930.jpg,jpg/image_02930.jpg,60,60,True,0.8839678168296814
image_02931.jpg,jpg/image_02931.jpg,60,60,True,0.8979156613349915
image_02932.jpg,jpg/image_02932.jpg,60,60,True,0.8722307682037354
image_02933.jpg,jpg/image_02933.jpg,60,60,True,0.8840780258178711
image_02935.jpg,jpg/image_02935.jpg,60,60,True,0.905335009098053
image_02936.jpg,jpg/image_02936.jpg,60,60,True,0.903045117855072
image_02937.jpg,jpg/image_02937.jpg,60,60,True,0.9165971279144287
image_02938.jpg,jpg/image_02938.jpg,60,60,True,0.7905572652816772
image_02940.jpg,jpg/image_02940.jpg,60,60,True,0.8825178146362305
image_02941.jpg,jpg/image_02941.jpg,60,60,True,0.89585280418396
image_02942.jpg,jpg/image_02942.jpg,60,60,True,0.9213050603866577
image_02943.jpg,jpg/image_02943.jpg,60,60,True,0.8663681745529175
image_02946.jpg,jpg/image_02946.jpg,60,60,True,0.845451831817627
image_02947.jpg,jpg/image_02947.jpg,60,60,True,0.871048092842102
image_02948.jpg,jpg/image_02948.jpg,60,60,True,0.8960753083229065
image_02950.jpg,jpg/image_02950.jpg,60,60,True,0.8999411463737488
image_02951.jpg,jpg/image_02951.jpg,60,60,True,0.909883975982666
image_02952.jpg,jpg/image_02952.jpg,60,60,True,0.8872532844543457
image_02953.jpg,jpg/image_02953.jpg,60,60,True,0.8713088631629944
image_02954.jpg,jpg/image_02954.jpg,60,60,True,0.8489199280738831
image_02955.jpg,jpg/image_02955.jpg,60,60,True,0.9266322255134583
image_02957.jpg,jpg/image_02957.jpg,60,60,True,0.9179953932762146
image_02958.jpg,jpg/image_02958.jpg,60,60,True,0.826503574848175
image_02960.jpg,jpg/image_02960.jpg,60,60,True,0.8867284655570984
image_02961.jpg,jpg/image_02961.jpg,60,60,True,0.9188309907913208
image_02962.jpg,jpg/image_02962.jpg,60,60,True,0.8369836211204529
image_02964.jpg,jpg/image_02964.jpg,60,60,True,0.8909115195274353
image_02965.jpg,jpg/image_02965.jpg,60,60,True,0.9013639688491821
image_02967.jpg,jpg/image_02967.jpg,60,60,True,0.9315321445465088
image_02968.jpg,jpg/image_02968.jpg,60,60,True,0.8728039860725403
image_02969.jpg,jpg/image_02969.jpg,60,60,True,0.9187813401222229
image_02970.jpg,jpg/image_02970.jpg,60,60,True,0.9393557906150818
image_02971.jpg,jpg/image_02971.jpg,60,60,True,0.8659487962722778
image_02972.jpg,jpg/image_02972.jpg,60,60,True,0.6728820204734802
image_02973.jpg,jpg/image_02973.jpg,60,60,True,0.3316439092159271
image_02974.jpg,jpg/image_02974.jpg,60,60,True,0.9409897923469543
image_02975.jpg,jpg/image_02975.jpg,60,60,True,0.8877044320106506
image_02976.jpg,jpg/image_02976.jpg,60,60,True,0.7598007917404175
image_02977.jpg,jpg/image_02977.jpg,60,60,True,0.913568913936615
image_02978.jpg,jpg/image_02978.jpg,60,60,True,0.8795884847640991
image_02979.jpg,jpg/image_02979.jpg,60,60,True,0.9013054966926575
image_02980.jpg,jpg/image_02980.jpg,60,60,True,0.9177314639091492
image_02982.jpg,jpg/image_02982.jpg,60,60,True,0.9099506735801697
image_02983.jpg,jpg/image_02983.jpg,60,60,True,0.7111354470252991
image_02984.jpg,jpg/image_02984.jpg,60,60,True,0.8784323334693909
image_02985.jpg,jpg/image_02985.jpg,60,60,True,0.9006834626197815
image_02986.jpg,jpg/image_02986.jpg,60,60,True,0.8773317933082581
image_02988.jpg,jpg/image_02988.jpg,60,60,True,0.9152786135673523
image_02989.jpg,jpg/image_02989.jpg,60,60,True,0.8830373883247375
image_02990.jpg,jpg/image_02990.jpg,60,60,True,0.4969082772731781
image_02991.jpg,jpg/image_02991.jpg,60,60,True,0.9142633080482483
image_02992.jpg,jpg/image_02992.jpg,60,60,True,0.9059574604034424
image_02993.jpg,jpg/image_02993.jpg,60,60,True,0.8886199593544006
image_02994.jpg,jpg/image_02994.jpg,60,60,True,0.9127602577209473
image_02997.jpg,jpg/image_02997.jpg,60,60,True,0.8715329766273499
image_02998.jpg,jpg/image_02998.jpg,60,60,True,0.8648889660835266
image_02999.jpg,jpg/image_02999.jpg,60,60,True,0.9271941184997559
image_03001.jpg,jpg/image_03001.jpg,60,60,True,0.9016646146774292
image_03002.jpg,jpg/image_03002.jpg,60,60,True,0.9171167016029358
image_03003.jpg,jpg/image_03003.jpg,60,60,True,0.5941226482391357
image_03004.jpg,jpg/image_03004.jpg,60,60,True,0.8924268484115601
image_03005.jpg,jpg/image_03005.jpg,60,60,True,0.8972373008728027
image_03007.jpg,jpg/image_03007.jpg,60,60,True,0.8937582969665527
image_03008.jpg,jpg/image_03008.jpg,60,60,True,0.8775040507316589
image_03009.jpg,jpg/image_03009.jpg,60,60,True,0.9177771806716919
image_03010.jpg,jpg/image_03010.jpg,60,60,True,0.9015159010887146
image_03011.jpg,jpg/image_03011.jpg,60,60,True,0.9174821376800537
image_03014.jpg,jpg/image_03014.jpg,60,60,True,0.9177632927894592
image_03015.jpg,jpg/image_03015.jpg,60,60,True,0.9155975580215454
image_03016.jpg,jpg/image_03016.jpg,60,60,True,0.8218492865562439
image_03017.jpg,jpg/image_03017.jpg,60,60,True,0.8389956951141357
image_03018.jpg,jpg/image_03018.jpg,60,60,True,0.8678010106086731
image_03019.jpg,jpg/image_03019.jpg,60,60,True,0.9104398488998413
image_03020.jpg,jpg/image_03020.jpg,60,60,True,0.8665823340415955
image_03021.jpg,jpg/image_03021.jpg,60,60,True,0.6783736944198608
image_03022.jpg,jpg/image_03022.jpg,60,60,True,0.8947963118553162
image_03023.jpg,jpg/image_03023.jpg,60,60,True,0.8067730665206909
image_03024.jpg,jpg/image_03024.jpg,60,60,True,0.8207183480262756
image_03026.jpg,jpg/image_03026.jpg,60,60,True,0.9071946144104004
image_03028.jpg,jpg/image_03028.jpg,60,60,True,0.8902256488800049
image_06247.jpg,jpg/image_06247.jpg,61,61,True,0.7417169213294983
image_06250.jpg,jpg/image_06250.jpg,61,61,True,0.7758489847183228
image_06251.jpg,jpg/image_06251.jpg,61,61,True,0.8774788975715637
image_06258.jpg,jpg/image_06258.jpg,61,61,True,0.33167099952697754
image_06259.jpg,jpg/image_06259.jpg,61,61,True,0.531741738319397
image_06260.jpg,jpg/image_06260.jpg,61,61,True,0.8969354629516602
image_06262.jpg,jpg/image_06262.jpg,61,61,True,0.7576972842216492
image_06263.jpg,jpg/image_06263.jpg,61,61,True,0.8510105013847351
image_06264.jpg,jpg/image_06264.jpg,61,61,True,0.8794467449188232
image_06265.jpg,jpg/image_06265.jpg,61,61,True,0.8714029788970947
image_06266.jpg,jpg/image_06266.jpg,61,61,True,0.8716565370559692
image_06267.jpg,jpg/image_06267.jpg,61,61,True,0.868373692035675
image_06269.jpg,jpg/image_06269.jpg,61,61,True,0.883791983127594
image_06270.jpg,jpg/image_06270.jpg,61,61,True,0.8838774561882019
image_06271.jpg,jpg/image_06271.jpg,61,61,True,0.9094000458717346
image_06272.jpg,jpg/image_06272.jpg,61,61,True,0.8884076476097107
image_06277.jpg,jpg/image_06277.jpg,61,61,True,0.5829996466636658
image_06278.jpg,jpg/image_06278.jpg,61,61,True,0.7465671300888062
image_06282.jpg,jpg/image_06282.jpg,61,61,True,0.7529444694519043
image_06283.jpg,jpg/image_06283.jpg,61,61,True,0.30848002433776855
image_06284.jpg,jpg/image_06284.jpg,61,61,True,0.8816948533058167
image_06286.jpg,jpg/image_06286.jpg,61,61,True,0.7794804573059082
image_06287.jpg,jpg/image_06287.jpg,61,61,True,0.8228409886360168
image_06288.jpg,jpg/image_06288.jpg,61,61,True,0.5591947436332703
image_06289.jpg,jpg/image_06289.jpg,61,61,True,0.8894628882408142
image_06290.jpg,jpg/image_06290.jpg,61,61,True,0.8727198839187622
image_06291.jpg,jpg/image_06291.jpg,61,61,True,0.9276149868965149
image_06294.jpg,jpg/image_06294.jpg,61,61,True,0.8890551924705505
image_06295.jpg,jpg/image_06295.jpg,61,61,True,0.7863220572471619
image_06296.jpg,jpg/image_06296.jpg,61,61,True,0.8440172672271729
image_07268.jpg,jpg/image_07268.jpg,62,62,True,0.8809391260147095
image_07269.jpg,jpg/image_07269.jpg,62,62,True,0.8415865302085876
image_07270.jpg,jpg/image_07270.jpg,62,62,True,0.8308385014533997
image_07271.jpg,jpg/image_07271.jpg,62,62,True,0.8496386408805847
image_07272.jpg,jpg/image_07272.jpg,62,62,True,0.9046823978424072
image_07273.jpg,jpg/image_07273.jpg,62,62,True,0.9026647806167603
image_07275.jpg,jpg/image_07275.jpg,62,62,True,0.8664251565933228
image_07276.jpg,jpg/image_07276.jpg,62,62,True,0.814823567867279
image_07277.jpg,jpg/image_07277.jpg,62,62,True,0.941421627998352
image_07281.jpg,jpg/image_07281.jpg,62,62,True,0.903905987739563
image_07282.jpg,jpg/image_07282.jpg,62,62,True,0.9050660133361816
image_07283.jpg,jpg/image_07283.jpg,62,62,True,0.8848777413368225
image_08151.jpg,jpg/image_08151.jpg,62,62,True,0.18466338515281677
image_08152.jpg,jpg/image_08152.jpg,62,62,True,0.908945620059967
image_08153.jpg,jpg/image_08153.jpg,62,62,True,0.4460899829864502
image_08155.jpg,jpg/image_08155.jpg,62,40,False,0.13299228250980377
image_08156.jpg,jpg/image_08156.jpg,62,62,True,0.3847571015357971
image_08158.jpg,jpg/image_08158.jpg,62,62,True,0.8945390582084656
image_08159.jpg,jpg/image_08159.jpg,62,62,True,0.8344764709472656
image_08160.jpg,jpg/image_08160.jpg,62,62,True,0.5990372896194458
image_08162.jpg,jpg/image_08162.jpg,62,62,True,0.09630375355482101
image_08163.jpg,jpg/image_08163.jpg,62,62,True,0.7514989972114563
image_08168.jpg,jpg/image_08168.jpg,62,62,True,0.5287919640541077
image_08169.jpg,jpg/image_08169.jpg,62,62,True,0.49778062105178833
image_08170.jpg,jpg/image_08170.jpg,62,62,True,0.722394585609436
image_08171.jpg,jpg/image_08171.jpg,62,62,True,0.7893558740615845
image_08172.jpg,jpg/image_08172.jpg,62,62,True,0.8041749000549316
image_08178.jpg,jpg/image_08178.jpg,62,62,True,0.8476076126098633
image_08180.jpg,jpg/image_08180.jpg,62,62,True,0.4692065417766571
image_08181.jpg,jpg/image_08181.jpg,62,62,True,0.9021430015563965
image_08183.jpg,jpg/image_08183.jpg,62,62,True,0.7595348358154297
image_08184.jpg,jpg/image_08184.jpg,62,62,True,0.7341477870941162
image_08186.jpg,jpg/image_08186.jpg,62,62,True,0.10861502587795258
image_08188.jpg,jpg/image_08188.jpg,62,62,True,0.41223689913749695
image_08189.jpg,jpg/image_08189.jpg,62,62,True,0.36380302906036377
image_05849.jpg,jpg/image_05849.jpg,63,63,True,0.9237964153289795
image_05850.jpg,jpg/image_05850.jpg,63,63,True,0.9110714197158813
image_05851.jpg,jpg/image_05851.jpg,63,63,True,0.92970210313797
image_05852.jpg,jpg/image_05852.jpg,63,63,True,0.9243058562278748
image_05853.jpg,jpg/image_05853.jpg,63,63,True,0.9263535737991333
image_05854.jpg,jpg/image_05854.jpg,63,63,True,0.9374409914016724
image_05856.jpg,jpg/image_05856.jpg,63,63,True,0.9014315009117126
image_05857.jpg,jpg/image_05857.jpg,63,63,True,0.9212912917137146
image_05859.jpg,jpg/image_05859.jpg,63,63,True,0.9133485555648804
image_05861.jpg,jpg/image_05861.jpg,63,63,True,0.9111588597297668
image_05862.jpg,jpg/image_05862.jpg,63,63,True,0.9153145551681519
image_05863.jpg,jpg/image_05863.jpg,63,63,True,0.9158939123153687
image_05864.jpg,jpg/image_05864.jpg,63,63,True,0.8914315700531006
image_05865.jpg,jpg/image_05865.jpg,63,63,True,0.9055197238922119
image_05867.jpg,jpg/image_05867.jpg,63,63,True,0.8911656141281128
image_05869.jpg,jpg/image_05869.jpg,63,63,True,0.9020407199859619
image_05870.jpg,jpg/image_05870.jpg,63,63,True,0.5227853655815125
image_05871.jpg,jpg/image_05871.jpg,63,63,True,0.8619363903999329
image_05872.jpg,jpg/image_05872.jpg,63,63,True,0.8656662702560425
image_05873.jpg,jpg/image_05873.jpg,63,63,True,0.9089908003807068
image_05875.jpg,jpg/image_05875.jpg,63,63,True,0.9265400171279907
image_05877.jpg,jpg/image_05877.jpg,63,63,True,0.91510409116745
image_05878.jpg,jpg/image_05878.jpg,63,63,True,0.9189122319221497
image_05879.jpg,jpg/image_05879.jpg,63,63,True,0.9131633639335632
image_05882.jpg,jpg/image_05882.jpg,63,63,True,0.9199570417404175
image_05883.jpg,jpg/image_05883.jpg,63,63,True,0.9167013168334961
image_05884.jpg,jpg/image_05884.jpg,63,63,True,0.9240115880966187
image_05885.jpg,jpg/image_05885.jpg,63,63,True,0.9235045313835144
image_05887.jpg,jpg/image_05887.jpg,63,63,True,0.9234276413917542
image_05889.jpg,jpg/image_05889.jpg,63,63,True,0.9286958575248718
image_05890.jpg,jpg/image_05890.jpg,63,63,True,0.9279800057411194
image_05892.jpg,jpg/image_05892.jpg,63,63,True,0.9121410250663757
image_05894.jpg,jpg/image_05894.jpg,63,63,True,0.9129132032394409
image_05899.jpg,jpg/image_05899.jpg,63,63,True,0.9353456497192383
image_06099.jpg,jpg/image_06099.jpg,64,64,True,0.8952452540397644
image_06100.jpg,jpg/image_06100.jpg,64,64,True,0.8916772603988647
image_06104.jpg,jpg/image_06104.jpg,64,64,True,0.8042556643486023
image_06106.jpg,jpg/image_06106.jpg,64,64,True,0.8830642700195312
image_06107.jpg,jpg/image_06107.jpg,64,64,True,0.8510506749153137
image_06109.jpg,jpg/image_06109.jpg,64,64,True,0.8642498850822449
image_06110.jpg,jpg/image_06110.jpg,64,64,True,0.863466203212738
image_06112.jpg,jpg/image_06112.jpg,64,64,True,0.8881901502609253
image_06113.jpg,jpg/image_06113.jpg,64,64,True,0.895879864692688
image_06114.jpg,jpg/image_06114.jpg,64,64,True,0.8987365961074829
image_06115.jpg,jpg/image_06115.jpg,64,64,True,0.8460124731063843
image_06116.jpg,jpg/image_06116.jpg,64,64,True,0.8889267444610596
image_06117.jpg,jpg/image_06117.jpg,64,64,True,0.8912196159362793
image_06120.jpg,jpg/image_06120.jpg,64,64,True,0.8786073923110962
image_06121.jpg,jpg/image_06121.jpg,64,64,True,0.8857147693634033
image_06123.jpg,jpg/image_06123.jpg,64,64,True,0.8889632821083069
image_06125.jpg,jpg/image_06125.jpg,64,64,True,0.8514341711997986
image_06130.jpg,jpg/image_06130.jpg,64,64,True,0.9112577438354492
image_06131.jpg,jpg/image_06131.jpg,64,64,True,0.9019885659217834
image_06132.jpg,jpg/image_06132.jpg,64,64,True,0.8788083791732788
image_06134.jpg,jpg/image_06134.jpg,64,64,True,0.8480589985847473
image_06135.jpg,jpg/image_06135.jpg,64,64,True,0.8979724645614624
image_06136.jpg,jpg/image_06136.jpg,64,64,True,0.8672810792922974
image_06137.jpg,jpg/image_06137.jpg,64,64,True,0.9097141623497009
image_06138.jpg,jpg/image_06138.jpg,64,64,True,0.8636893630027771
image_06139.jpg,jpg/image_06139.jpg,64,64,True,0.8574672341346741
image_06140.jpg,jpg/image_06140.jpg,64,64,True,0.9001790285110474
image_06141.jpg,jpg/image_06141.jpg,64,64,True,0.8450174331665039
image_06143.jpg,jpg/image_06143.jpg,64,64,True,0.8587945103645325
image_06146.jpg,jpg/image_06146.jpg,64,64,True,0.8826348781585693
image_06147.jpg,jpg/image_06147.jpg,64,64,True,0.8941406607627869
image_06148.jpg,jpg/image_06148.jpg,64,64,True,0.8752415180206299
image_03182.jpg,jpg/image_03182.jpg,65,65,True,0.8009818196296692
image_03184.jpg,jpg/image_03184.jpg,65,65,True,0.8868386149406433
image_03185.jpg,jpg/image_03185.jpg,65,65,True,0.7130699753761292
image_03186.jpg,jpg/image_03186.jpg,65,65,True,0.8604798316955566
image_03187.jpg,jpg/image_03187.jpg,65,65,True,0.8075582981109619
image_03188.jpg,jpg/image_03188.jpg,65,65,True,0.6890314817428589
image_03189.jpg,jpg/image_03189.jpg,65,65,True,0.9135364890098572
image_03190.jpg,jpg/image_03190.jpg,65,65,True,0.57801753282547
image_03192.jpg,jpg/image_03192.jpg,65,65,True,0.8127865791320801
image_03193.jpg,jpg/image_03193.jpg,65,65,True,0.8596539497375488
image_03195.jpg,jpg/image_03195.jpg,65,65,True,0.8145760297775269
image_03196.jpg,jpg/image_03196.jpg,65,65,True,0.8786487579345703
image_03197.jpg,jpg/image_03197.jpg,65,65,True,0.750308632850647
image_03198.jpg,jpg/image_03198.jpg,65,65,True,0.7996037602424622
image_03199.jpg,jpg/image_03199.jpg,65,65,True,0.7068209052085876
image_03200.jpg,jpg/image_03200.jpg,65,65,True,0.8735418319702148
image_03201.jpg,jpg/image_03201.jpg,65,65,True,0.860564112663269
image_03203.jpg,jpg/image_03203.jpg,65,65,True,0.8189160227775574
image_03204.jpg,jpg/image_03204.jpg,65,65,True,0.4746737778186798
image_03205.jpg,jpg/image_03205.jpg,65,65,True,0.44582459330558777
image_03206.jpg,jpg/image_03206.jpg,65,65,True,0.485714316368103
image_03207.jpg,jpg/image_03207.jpg,65,65,True,0.7820598483085632
image_03208.jpg,jpg/image_03208.jpg,65,65,True,0.8316906094551086
image_03209.jpg,jpg/image_03209.jpg,65,65,True,0.8551141023635864
image_03210.jpg,jpg/image_03210.jpg,65,65,True,0.8784630298614502
image_03211.jpg,jpg/image_03211.jpg,65,65,True,0.8179172873497009
image_03212.jpg,jpg/image_03212.jpg,65,65,True,0.8763160109519958
image_03213.jpg,jpg/image_03213.jpg,65,65,True,0.6879825592041016
image_03214.jpg,jpg/image_03214.jpg,65,65,True,0.5070715546607971
image_03216.jpg,jpg/image_03216.jpg,65,65,True,0.7989604473114014
image_03217.jpg,jpg/image_03217.jpg,65,65,True,0.8912262320518494
image_03218.jpg,jpg/image_03218.jpg,65,65,True,0.8632998466491699
image_03220.jpg,jpg/image_03220.jpg,65,65,True,0.8578946590423584
image_03221.jpg,jpg/image_03221.jpg,65,65,True,0.8546662330627441
image_03222.jpg,jpg/image_03222.jpg,65,65,True,0.8732559680938721
image_03223.jpg,jpg/image_03223.jpg,65,65,True,0.8117607235908508
image_03224.jpg,jpg/image_03224.jpg,65,65,True,0.8210054636001587
image_03226.jpg,jpg/image_03226.jpg,65,65,True,0.24798744916915894
image_03227.jpg,jpg/image_03227.jpg,65,65,True,0.8484713435173035
image_03228.jpg,jpg/image_03228.jpg,65,65,True,0.47165411710739136
image_03230.jpg,jpg/image_03230.jpg,65,65,True,0.875337541103363
image_03231.jpg,jpg/image_03231.jpg,65,65,True,0.9173278212547302
image_03232.jpg,jpg/image_03232.jpg,65,65,True,0.8823705911636353
image_03233.jpg,jpg/image_03233.jpg,65,65,True,0.8874918818473816
image_03235.jpg,jpg/image_03235.jpg,65,65,True,0.8386351466178894
image_03236.jpg,jpg/image_03236.jpg,65,65,True,0.9028345942497253
image_03238.jpg,jpg/image_03238.jpg,65,65,True,0.5694521069526672
image_03239.jpg,jpg/image_03239.jpg,65,65,True,0.3485085666179657
image_03240.jpg,jpg/image_03240.jpg,65,65,True,0.27419987320899963
image_03241.jpg,jpg/image_03241.jpg,65,65,True,0.8463648557662964
image_03242.jpg,jpg/image_03242.jpg,65,65,True,0.5518460869789124
image_03243.jpg,jpg/image_03243.jpg,65,65,True,0.64715975522995
image_03244.jpg,jpg/image_03244.jpg,65,65,True,0.9017871618270874
image_03245.jpg,jpg/image_03245.jpg,65,65,True,0.406970739364624
image_03246.jpg,jpg/image_03246.jpg,65,65,True,0.8753991723060608
image_03247.jpg,jpg/image_03247.jpg,65,65,True,0.8858148455619812
image_03249.jpg,jpg/image_03249.jpg,65,65,True,0.9101487398147583
image_03250.jpg,jpg/image_03250.jpg,65,65,True,0.8680256605148315
image_03251.jpg,jpg/image_03251.jpg,65,65,True,0.8362612724304199
image_03252.jpg,jpg/image_03252.jpg,65,65,True,0.7866054773330688
image_03254.jpg,jpg/image_03254.jpg,65,65,True,0.5194014310836792
image_03255.jpg,jpg/image_03255.jpg,65,65,True,0.09747562557458878
image_03257.jpg,jpg/image_03257.jpg,65,65,True,0.30270126461982727
image_03258.jpg,jpg/image_03258.jpg,65,65,True,0.31493276357650757
image_03259.jpg,jpg/image_03259.jpg,65,65,True,0.4872981011867523
image_03260.jpg,jpg/image_03260.jpg,65,65,True,0.38353171944618225
image_03261.jpg,jpg/image_03261.jpg,65,65,True,0.6725184321403503
image_03263.jpg,jpg/image_03263.jpg,65,65,True,0.4022057354450226
image_03264.jpg,jpg/image_03264.jpg,65,65,True,0.6912292242050171
image_03265.jpg,jpg/image_03265.jpg,65,65,True,0.8110948204994202
image_03266.jpg,jpg/image_03266.jpg,65,65,True,0.8836955428123474
image_03267.jpg,jpg/image_03267.jpg,65,65,True,0.8679586052894592
image_03268.jpg,jpg/image_03268.jpg,65,65,True,0.8742337822914124
image_03271.jpg,jpg/image_03271.jpg,65,65,True,0.8051583170890808
image_03273.jpg,jpg/image_03273.jpg,65,65,True,0.8986647129058838
image_03274.jpg,jpg/image_03274.jpg,65,65,True,0.8541713356971741
image_03275.jpg,jpg/image_03275.jpg,65,65,True,0.8735342621803284
image_03277.jpg,jpg/image_03277.jpg,65,65,True,0.8691023588180542
image_03278.jpg,jpg/image_03278.jpg,65,65,True,0.7752149105072021
image_03279.jpg,jpg/image_03279.jpg,65,65,True,0.8523768782615662
image_03280.jpg,jpg/image_03280.jpg,65,65,True,0.3910765051841736
image_03282.jpg,jpg/image_03282.jpg,65,65,True,0.8121275901794434
image_05525.jpg,jpg/image_05525.jpg,66,66,True,0.9326329231262207
image_05526.jpg,jpg/image_05526.jpg,66,66,True,0.9201936721801758
image_05527.jpg,jpg/image_05527.jpg,66,66,True,0.930656909942627
image_05528.jpg,jpg/image_05528.jpg,66,66,True,0.9155048727989197
image_05531.jpg,jpg/image_05531.jpg,66,66,True,0.9177558422088623
image_05532.jpg,jpg/image_05532.jpg,66,66,True,0.9219214916229248
image_05534.jpg,jpg/image_05534.jpg,66,66,True,0.9238737225532532
image_05535.jpg,jpg/image_05535.jpg,66,66,True,0.9047938585281372
image_05536.jpg,jpg/image_05536.jpg,66,66,True,0.9004629254341125
image_05537.jpg,jpg/image_05537.jpg,66,66,True,0.8917559385299683
image_05539.jpg,jpg/image_05539.jpg,66,66,True,0.9198958277702332
image_05540.jpg,jpg/image_05540.jpg,66,66,True,0.9198550581932068
image_05542.jpg,jpg/image_05542.jpg,66,66,True,0.9176399111747742
image_05543.jpg,jpg/image_05543.jpg,66,66,True,0.9277278780937195
image_05544.jpg,jpg/image_05544.jpg,66,66,True,0.9242188930511475
image_05545.jpg,jpg/image_05545.jpg,66,66,True,0.9175955653190613
image_05546.jpg,jpg/image_05546.jpg,66,66,True,0.9262851476669312
image_05547.jpg,jpg/image_05547.jpg,66,66,True,0.8965411186218262
image_05548.jpg,jpg/image_05548.jpg,66,66,True,0.9221314787864685
image_05549.jpg,jpg/image_05549.jpg,66,66,True,0.9206278324127197
image_05551.jpg,jpg/image_05551.jpg,66,66,True,0.8991919159889221
image_05552.jpg,jpg/image_05552.jpg,66,66,True,0.9298446178436279
image_05553.jpg,jpg/image_05553.jpg,66,66,True,0.9143232107162476
image_05554.jpg,jpg/image_05554.jpg,66,66,True,0.9297405481338501
image_05555.jpg,jpg/image_05555.jpg,66,66,True,0.9360285997390747
image_05556.jpg,jpg/image_05556.jpg,66,66,True,0.8883538246154785
image_05557.jpg,jpg/image_05557.jpg,66,66,True,0.9301992058753967
image_05558.jpg,jpg/image_05558.jpg,66,66,True,0.9289866089820862
image_05559.jpg,jpg/image_05559.jpg,66,66,True,0.8629902005195618
image_05561.jpg,jpg/image_05561.jpg,66,66,True,0.9265183210372925
image_05562.jpg,jpg/image_05562.jpg,66,66,True,0.9156942367553711
image_05565.jpg,jpg/image_05565.jpg,66,66,True,0.9298906922340393
image_05566.jpg,jpg/image_05566.jpg,66,66,True,0.928469717502594
image_05569.jpg,jpg/image_05569.jpg,66,66,True,0.925112783908844
image_05570.jpg,jpg/image_05570.jpg,66,66,True,0.9206464290618896
image_05572.jpg,jpg/image_05572.jpg,66,66,True,0.8957640528678894
image_05574.jpg,jpg/image_05574.jpg,66,66,True,0.9368946552276611
image_05575.jpg,jpg/image_05575.jpg,66,66,True,0.9114579558372498
image_05577.jpg,jpg/image_05577.jpg,66,66,True,0.9332531094551086
image_05578.jpg,jpg/image_05578.jpg,66,66,True,0.8831778764724731
image_05580.jpg,jpg/image_05580.jpg,66,66,True,0.8549986481666565
image_07046.jpg,jpg/image_07046.jpg,67,67,True,0.13572829961776733
image_07047.jpg,jpg/image_07047.jpg,67,67,True,0.9039693474769592
image_07048.jpg,jpg/image_07048.jpg,67,67,True,0.529160737991333
image_07049.jpg,jpg/image_07049.jpg,67,67,True,0.6284036636352539
image_07050.jpg,jpg/image_07050.jpg,67,67,True,0.26523756980895996
image_07055.jpg,jpg/image_07055.jpg,67,67,True,0.62056565284729
image_07057.jpg,jpg/image_07057.jpg,67,67,True,0.4680594801902771
image_07060.jpg,jpg/image_07060.jpg,67,67,True,0.8860214352607727
image_07062.jpg,jpg/image_07062.jpg,67,67,True,0.8610219359397888
image_07064.jpg,jpg/image_07064.jpg,67,67,True,0.15461023151874542
image_07066.jpg,jpg/image_07066.jpg,67,67,True,0.35365232825279236
image_07067.jpg,jpg/image_07067.jpg,67,67,True,0.7974292635917664
image_07068.jpg,jpg/image_07068.jpg,67,67,True,0.8211046457290649
image_07072.jpg,jpg/image_07072.jpg,67,67,True,0.30112627148628235
image_07075.jpg,jpg/image_07075.jpg,67,67,True,0.49123281240463257
image_07076.jpg,jpg/image_07076.jpg,67,67,True,0.5065715909004211
image_07078.jpg,jpg/image_07078.jpg,67,67,True,0.6058101058006287
image_07079.jpg,jpg/image_07079.jpg,67,67,True,0.5246270895004272
image_07081.jpg,jpg/image_07081.jpg,67,67,True,0.7305490374565125
image_07084.jpg,jpg/image_07084.jpg,67,67,True,0.24065406620502472
image_07085.jpg,jpg/image_07085.jpg,67,67,True,0.35729271173477173
image_08079.jpg,jpg/image_08079.jpg,67,67,True,0.7644719481468201
image_05903.jpg,jpg/image_05903.jpg,68,68,True,0.6101390719413757
image_05904.jpg,jpg/image_05904.jpg,68,68,True,0.8562522530555725
image_05907.jpg,jpg/image_05907.jpg,68,68,True,0.9087483882904053
image_05908.jpg,jpg/image_05908.jpg,68,68,True,0.8541211485862732
image_05910.jpg,jpg/image_05910.jpg,68,68,True,0.8419836163520813
image_05911.jpg,jpg/image_05911.jpg,68,68,True,0.9080137610435486
image_05912.jpg,jpg/image_05912.jpg,68,68,True,0.8890972137451172
image_05914.jpg,jpg/image_05914.jpg,68,68,True,0.8384310007095337
image_05915.jpg,jpg/image_05915.jpg,68,68,True,0.8708804845809937
image_05917.jpg,jpg/image_05917.jpg,68,68,True,0.8720700740814209
image_05919.jpg,jpg/image_05919.jpg,68,68,True,0.8319066166877747
image_05920.jpg,jpg/image_05920.jpg,68,68,True,0.7913817167282104
image_05923.jpg,jpg/image_05923.jpg,68,68,True,0.8072032332420349
image_05924.jpg,jpg/image_05924.jpg,68,68,True,0.876802384853363
image_05927.jpg,jpg/image_05927.jpg,68,68,True,0.8274416327476501
image_05928.jpg,jpg/image_05928.jpg,68,68,True,0.8509721159934998
image_05929.jpg,jpg/image_05929.jpg,68,68,True,0.8403713703155518
image_05930.jpg,jpg/image_05930.jpg,68,68,True,0.7897645235061646
image_05932.jpg,jpg/image_05932.jpg,68,68,True,0.8550126552581787
image_05933.jpg,jpg/image_05933.jpg,68,68,True,0.6251861453056335
image_05935.jpg,jpg/image_05935.jpg,68,68,True,0.7215582728385925
image_05936.jpg,jpg/image_05936.jpg,68,68,True,0.894373893737793
image_05938.jpg,jpg/image_05938.jpg,68,68,True,0.8785063624382019
image_05939.jpg,jpg/image_05939.jpg,68,68,True,0.7394585609436035
image_05941.jpg,jpg/image_05941.jpg,68,68,True,0.2545894682407379
image_05942.jpg,jpg/image_05942.jpg,68,68,True,0.7840944528579712
image_05943.jpg,jpg/image_05943.jpg,68,68,True,0.5778170228004456
image_05944.jpg,jpg/image_05944.jpg,68,68,True,0.4219580888748169
image_05946.jpg,jpg/image_05946.jpg,68,68,True,0.7646602988243103
image_05948.jpg,jpg/image_05948.jpg,68,68,True,0.5747760534286499
image_05949.jpg,jpg/image_05949.jpg,68,68,True,0.6727709174156189
image_05952.jpg,jpg/image_05952.jpg,68,68,True,0.4247819185256958
image_05953.jpg,jpg/image_05953.jpg,68,68,True,0.5880313515663147
image_05955.jpg,jpg/image_05955.jpg,68,4,False,0.308921754360199
image_05957.jpg,jpg/image_05957.jpg,69,69,True,0.9271664619445801
image_05959.jpg,jpg/image_05959.jpg,69,69,True,0.8100237250328064
image_05960.jpg,jpg/image_05960.jpg,69,69,True,0.9010827541351318
image_05961.jpg,jpg/image_05961.jpg,69,69,True,0.9235595464706421
image_05963.jpg,jpg/image_05963.jpg,69,69,True,0.8680676221847534
image_05965.jpg,jpg/image_05965.jpg,69,69,True,0.9094401001930237
image_05966.jpg,jpg/image_05966.jpg,69,69,True,0.9255651235580444
image_05967.jpg,jpg/image_05967.jpg,69,69,True,0.9125214219093323
image_05968.jpg,jpg/image_05968.jpg,69,69,True,0.8501366972923279
image_05969.jpg,jpg/image_05969.jpg,69,69,True,0.9133616089820862
image_05970.jpg,jpg/image_05970.jpg,69,69,True,0.9523810148239136
image_05973.jpg,jpg/image_05973.jpg,69,69,True,0.9198123812675476
image_05976.jpg,jpg/image_05976.jpg,69,69,True,0.8926624655723572
image_05978.jpg,jpg/image_05978.jpg,69,69,True,0.9353381991386414
image_05979.jpg,jpg/image_05979.jpg,69,69,True,0.9187735915184021
image_05980.jpg,jpg/image_05980.jpg,69,69,True,0.9283996820449829
image_05981.jpg,jpg/image_05981.jpg,69,69,True,0.9193980693817139
image_05982.jpg,jpg/image_05982.jpg,69,69,True,0.763765811920166
image_05984.jpg,jpg/image_05984.jpg,69,69,True,0.9549222588539124
image_05985.jpg,jpg/image_05985.jpg,69,69,True,0.8276684284210205
image_05987.jpg,jpg/image_05987.jpg,69,69,True,0.7682717442512512
image_05988.jpg,jpg/image_05988.jpg,69,69,True,0.9119102954864502
image_05991.jpg,jpg/image_05991.jpg,69,69,True,0.9257126450538635
image_05992.jpg,jpg/image_05992.jpg,69,69,True,0.9156506657600403
image_05995.jpg,jpg/image_05995.jpg,69,69,True,0.9394611120223999
image_05996.jpg,jpg/image_05996.jpg,69,69,True,0.9014071226119995
image_05998.jpg,jpg/image_05998.jpg,69,69,True,0.7578519582748413
image_05999.jpg,jpg/image_05999.jpg,69,69,True,0.9386606216430664
image_06001.jpg,jpg/image_06001.jpg,69,69,True,0.8811858296394348
image_06003.jpg,jpg/image_06003.jpg,69,69,True,0.8864312171936035
image_06005.jpg,jpg/image_06005.jpg,69,69,True,0.850313663482666
image_06007.jpg,jpg/image_06007.jpg,69,69,True,0.9320618510246277
image_06008.jpg,jpg/image_06008.jpg,69,69,True,0.8909628987312317
image_06009.jpg,jpg/image_06009.jpg,69,69,True,0.9450486302375793
image_05278.jpg,jpg/image_05278.jpg,70,70,True,0.6170665621757507
image_05280.jpg,jpg/image_05280.jpg,70,70,True,0.9252724647521973
image_05281.jpg,jpg/image_05281.jpg,70,70,True,0.8699008822441101
image_05282.jpg,jpg/image_05282.jpg,70,70,True,0.9165922403335571
image_05283.jpg,jpg/image_05283.jpg,70,70,True,0.9122273921966553
image_05284.jpg,jpg/image_05284.jpg,70,70,True,0.871407687664032
image_05286.jpg,jpg/image_05286.jpg,70,70,True,0.8733640909194946
image_05287.jpg,jpg/image_05287.jpg,70,70,True,0.910559356212616
image_05288.jpg,jpg/image_05288.jpg,70,70,True,0.8690032362937927
image_05290.jpg,jpg/image_05290.jpg,70,70,True,0.8734704852104187
image_05294.jpg,jpg/image_05294.jpg,70,70,True,0.5580751299858093
image_05295.jpg,jpg/image_05295.jpg,70,70,True,0.6651027202606201
image_05296.jpg,jpg/image_05296.jpg,70,70,True,0.8302593231201172
image_05297.jpg,jpg/image_05297.jpg,70,70,True,0.9337270855903625
image_05298.jpg,jpg/image_05298.jpg,70,70,True,0.8782536387443542
image_05299.jpg,jpg/image_05299.jpg,70,70,True,0.7394416928291321
image_05300.jpg,jpg/image_05300.jpg,70,70,True,0.7664755582809448
image_05301.jpg,jpg/image_05301.jpg,70,70,True,0.9179732799530029
image_05302.jpg,jpg/image_05302.jpg,70,70,True,0.8235294818878174
image_05304.jpg,jpg/image_05304.jpg,70,70,True,0.8272286653518677
image_05307.jpg,jpg/image_05307.jpg,70,70,True,0.858076810836792
image_05308.jpg,jpg/image_05308.jpg,70,70,True,0.8893927931785583
image_05311.jpg,jpg/image_05311.jpg,70,70,True,0.8868625164031982
image_05312.jpg,jpg/image_05312.jpg,70,70,True,0.8942474722862244
image_05313.jpg,jpg/image_05313.jpg,70,70,True,0.882733166217804
image_05314.jpg,jpg/image_05314.jpg,70,70,True,0.8776909112930298
image_05315.jpg,jpg/image_05315.jpg,70,70,True,0.9139132499694824
image_05316.jpg,jpg/image_05316.jpg,70,70,True,0.8716586828231812
image_05318.jpg,jpg/image_05318.jpg,70,70,True,0.9278090000152588
image_05319.jpg,jpg/image_05319.jpg,70,70,True,0.8713878989219666
image_05322.jpg,jpg/image_05322.jpg,70,70,True,0.6738733053207397
image_05324.jpg,jpg/image_05324.jpg,70,70,True,0.8873987793922424
image_05325.jpg,jpg/image_05325.jpg,70,70,True,0.9035534858703613
image_05326.jpg,jpg/image_05326.jpg,70,70,True,0.7063361406326294
image_05328.jpg,jpg/image_05328.jpg,70,70,True,0.873328447341919
image_05329.jpg,jpg/image_05329.jpg,70,70,True,0.9186568856239319
image_05331.jpg,jpg/image_05331.jpg,70,70,True,0.8757111430168152
image_05332.jpg,jpg/image_05332.jpg,70,70,True,0.44920217990875244
image_05334.jpg,jpg/image_05334.jpg,70,70,True,0.8133634924888611
image_05335.jpg,jpg/image_05335.jpg,70,70,True,0.8303599953651428
image_05337.jpg,jpg/image_05337.jpg,70,70,True,0.8369805812835693
image_05338.jpg,jpg/image_05338.jpg,70,70,True,0.8848448395729065
image_04481.jpg,jpg/image_04481.jpg,71,71,True,0.7550188899040222
image_04482.jpg,jpg/image_04482.jpg,71,71,True,0.8832542300224304
image_04483.jpg,jpg/image_04483.jpg,71,71,True,0.4349369406700134
image_04484.jpg,jpg/image_04484.jpg,71,71,True,0.7732328772544861
image_04485.jpg,jpg/image_04485.jpg,71,71,True,0.9003778696060181
image_04486.jpg,jpg/image_04486.jpg,71,71,True,0.8668683767318726
image_04492.jpg,jpg/image_04492.jpg,71,71,True,0.7051074504852295
image_04493.jpg,jpg/image_04493.jpg,71,71,True,0.7917417287826538
image_04494.jpg,jpg/image_04494.jpg,71,71,True,0.8074918389320374
image_04495.jpg,jpg/image_04495.jpg,71,71,True,0.9092848300933838
image_04496.jpg,jpg/image_04496.jpg,71,71,True,0.8941212296485901
image_04497.jpg,jpg/image_04497.jpg,71,71,True,0.7457045912742615
image_04499.jpg,jpg/image_04499.jpg,71,71,True,0.9118203520774841
image_04501.jpg,jpg/image_04501.jpg,71,71,True,0.7583712339401245
image_04502.jpg,jpg/image_04502.jpg,71,71,True,0.7319018244743347
image_04503.jpg,jpg/image_04503.jpg,71,71,True,0.8207573294639587
image_04504.jpg,jpg/image_04504.jpg,71,71,True,0.7276073694229126
image_04505.jpg,jpg/image_04505.jpg,71,71,True,0.8722644448280334
image_04506.jpg,jpg/image_04506.jpg,71,71,True,0.727027416229248
image_04508.jpg,jpg/image_04508.jpg,71,71,True,0.861918032169342
image_04509.jpg,jpg/image_04509.jpg,71,71,True,0.8758226037025452
image_04510.jpg,jpg/image_04510.jpg,71,71,True,0.898852527141571
image_04511.jpg,jpg/image_04511.jpg,71,71,True,0.8338156342506409
image_04513.jpg,jpg/image_04513.jpg,71,71,True,0.8728345036506653
image_04514.jpg,jpg/image_04514.jpg,71,71,True,0.8777990937232971
image_04517.jpg,jpg/image_04517.jpg,71,71,True,0.8240200281143188
image_04519.jpg,jpg/image_04519.jpg,71,71,True,0.9156806468963623
image_04520.jpg,jpg/image_04520.jpg,71,71,True,0.8756812810897827
image_04521.jpg,jpg/image_04521.jpg,71,71,True,0.8018368482589722
image_04522.jpg,jpg/image_04522.jpg,71,71,True,0.8143561482429504
image_04525.jpg,jpg/image_04525.jpg,71,71,True,0.8271443247795105
image_04526.jpg,jpg/image_04526.jpg,71,71,True,0.4661954343318939
image_04527.jpg,jpg/image_04527.jpg,71,71,True,0.8339096903800964
image_04528.jpg,jpg/image_04528.jpg,71,71,True,0.43378207087516785
image_04530.jpg,jpg/image_04530.jpg,71,71,True,0.8265514373779297
image_04531.jpg,jpg/image_04531.jpg,71,71,True,0.7542669177055359
image_04532.jpg,jpg/image_04532.jpg,71,71,True,0.6910958886146545
image_04533.jpg,jpg/image_04533.jpg,71,71,True,0.8711801767349243
image_04535.jpg,jpg/image_04535.jpg,71,71,True,0.6776566505432129
image_04536.jpg,jpg/image_04536.jpg,71,71,True,0.8763166069984436
image_04539.jpg,jpg/image_04539.jpg,71,71,True,0.7515807747840881
image_04541.jpg,jpg/image_04541.jpg,71,71,True,0.8704131841659546
image_04542.jpg,jpg/image_04542.jpg,71,100,False,0.09993778169155121
image_04543.jpg,jpg/image_04543.jpg,71,71,True,0.3660094738006592
image_04544.jpg,jpg/image_04544.jpg,71,71,True,0.7275434136390686
image_04545.jpg,jpg/image_04545.jpg,71,71,True,0.556912899017334
image_04546.jpg,jpg/image_04546.jpg,71,71,True,0.8648989200592041
image_04547.jpg,jpg/image_04547.jpg,71,71,True,0.9331768751144409
image_04548.jpg,jpg/image_04548.jpg,71,71,True,0.7971068024635315
image_04549.jpg,jpg/image_04549.jpg,71,71,True,0.7195388674736023
image_04550.jpg,jpg/image_04550.jpg,71,71,True,0.9202006459236145
image_04551.jpg,jpg/image_04551.jpg,71,71,True,0.8776981830596924
image_04552.jpg,jpg/image_04552.jpg,71,71,True,0.7951886653900146
image_04553.jpg,jpg/image_04553.jpg,71,71,True,0.8243145942687988
image_04555.jpg,jpg/image_04555.jpg,71,71,True,0.7272990345954895
image_04556.jpg,jpg/image_04556.jpg,71,71,True,0.8595048785209656
image_04557.jpg,jpg/image_04557.jpg,71,71,True,0.8783307671546936
image_08089.jpg,jpg/image_08089.jpg,71,71,True,0.7143599987030029
image_03545.jpg,jpg/image_03545.jpg,72,72,True,0.796018123626709
image_03546.jpg,jpg/image_03546.jpg,72,72,True,0.49627384543418884
image_03547.jpg,jpg/image_03547.jpg,72,31,False,0.1926083117723465
image_03549.jpg,jpg/image_03549.jpg,72,72,True,0.9010739922523499
image_03550.jpg,jpg/image_03550.jpg,72,72,True,0.8816466927528381
image_03551.jpg,jpg/image_03551.jpg,72,72,True,0.7739044427871704
image_03552.jpg,jpg/image_03552.jpg,72,72,True,0.8924224972724915
image_03553.jpg,jpg/image_03553.jpg,72,72,True,0.2296110987663269
image_03554.jpg,jpg/image_03554.jpg,72,72,True,0.21925216913223267
image_03556.jpg,jpg/image_03556.jpg,72,72,True,0.9073638916015625
image_03557.jpg,jpg/image_03557.jpg,72,90,False,0.2568075358867645
image_03558.jpg,jpg/image_03558.jpg,72,72,True,0.7180603742599487
image_03559.jpg,jpg/image_03559.jpg,72,72,True,0.8981971144676208
image_03560.jpg,jpg/image_03560.jpg,72,72,True,0.7971776723861694
image_03562.jpg,jpg/image_03562.jpg,72,72,True,0.8674733638763428
image_03563.jpg,jpg/image_03563.jpg,72,72,True,0.8390874266624451
image_03565.jpg,jpg/image_03565.jpg,72,90,False,0.13415919244289398
image_03567.jpg,jpg/image_03567.jpg,72,72,True,0.10820495337247849
image_03569.jpg,jpg/image_03569.jpg,72,72,True,0.9359392523765564
image_03571.jpg,jpg/image_03571.jpg,72,72,True,0.8584526777267456
image_03572.jpg,jpg/image_03572.jpg,72,72,True,0.43611031770706177
image_03573.jpg,jpg/image_03573.jpg,72,72,True,0.9119347929954529
image_03574.jpg,jpg/image_03574.jpg,72,72,True,0.689132809638977
image_03575.jpg,jpg/image_03575.jpg,72,72,True,0.8832049369812012
image_03576.jpg,jpg/image_03576.jpg,72,72,True,0.7601823806762695
image_03577.jpg,jpg/image_03577.jpg,72,72,True,0.5022217035293579
image_03578.jpg,jpg/image_03578.jpg,72,72,True,0.8199321031570435
image_03580.jpg,jpg/image_03580.jpg,72,96,False,0.038379546254873276
image_03584.jpg,jpg/image_03584.jpg,72,72,True,0.9235722422599792
image_03585.jpg,jpg/image_03585.jpg,72,72,True,0.8510738015174866
image_03586.jpg,jpg/image_03586.jpg,72,72,True,0.2997497618198395
image_03587.jpg,jpg/image_03587.jpg,72,72,True,0.6408153176307678
image_03588.jpg,jpg/image_03588.jpg,72,72,True,0.9134767055511475
image_03589.jpg,jpg/image_03589.jpg,72,72,True,0.7245308756828308
image_03590.jpg,jpg/image_03590.jpg,72,72,True,0.8938680291175842
image_03591.jpg,jpg/image_03591.jpg,72,72,True,0.8813899159431458
image_03592.jpg,jpg/image_03592.jpg,72,72,True,0.8793965578079224
image_03593.jpg,jpg/image_03593.jpg,72,72,True,0.9159767031669617
image_03594.jpg,jpg/image_03594.jpg,72,72,True,0.3265797197818756
image_03595.jpg,jpg/image_03595.jpg,72,72,True,0.897023618221283
image_03596.jpg,jpg/image_03596.jpg,72,72,True,0.8981566429138184
image_03598.jpg,jpg/image_03598.jpg,72,72,True,0.23482070863246918
image_03599.jpg,jpg/image_03599.jpg,72,72,True,0.8816550374031067
image_03602.jpg,jpg/image_03602.jpg,72,72,True,0.9412376284599304
image_03603.jpg,jpg/image_03603.jpg,72,72,True,0.9169643521308899
image_03604.jpg,jpg/image_03604.jpg,72,72,True,0.6414784789085388
image_03606.jpg,jpg/image_03606.jpg,72,72,True,0.5098450779914856
image_03607.jpg,jpg/image_03607.jpg,72,72,True,0.6920092105865479
image_03608.jpg,jpg/image_03608.jpg,72,72,True,0.21373377740383148
image_03610.jpg,jpg/image_03610.jpg,72,72,True,0.6941835284233093
image_03611.jpg,jpg/image_03611.jpg,72,72,True,0.9323418736457825
image_03613.jpg,jpg/image_03613.jpg,72,72,True,0.8485881686210632
image_03614.jpg,jpg/image_03614.jpg,72,72,True,0.5040481090545654
image_03615.jpg,jpg/image_03615.jpg,72,72,True,0.9086464047431946
image_03616.jpg,jpg/image_03616.jpg,72,72,True,0.47917449474334717
image_03618.jpg,jpg/image_03618.jpg,72,72,True,0.3435239791870117
image_03620.jpg,jpg/image_03620.jpg,72,72,True,0.3849419057369232
image_03621.jpg,jpg/image_03621.jpg,72,72,True,0.9099157452583313
image_03622.jpg,jpg/image_03622.jpg,72,72,True,0.8447476029396057
image_03623.jpg,jpg/image_03623.jpg,72,72,True,0.894086480140686
image_03624.jpg,jpg/image_03624.jpg,72,72,True,0.9033744931221008
image_03625.jpg,jpg/image_03625.jpg,72,72,True,0.13873478770256042
image_03626.jpg,jpg/image_03626.jpg,72,72,True,0.42004653811454773
image_03627.jpg,jpg/image_03627.jpg,72,72,True,0.8996285200119019
image_03628.jpg,jpg/image_03628.jpg,72,72,True,0.8280298113822937
image_03629.jpg,jpg/image_03629.jpg,72,72,True,0.7813366651535034
image_03630.jpg,jpg/image_03630.jpg,72,72,True,0.7903140187263489
image_03631.jpg,jpg/image_03631.jpg,72,72,True,0.9249259233474731
image_03632.jpg,jpg/image_03632.jpg,72,72,True,0.9091541171073914
image_03633.jpg,jpg/image_03633.jpg,72,72,True,0.6214253902435303
image_03634.jpg,jpg/image_03634.jpg,72,72,True,0.10488640516996384
image_03635.jpg,jpg/image_03635.jpg,72,58,False,0.2185867875814438
image_03636.jpg,jpg/image_03636.jpg,72,72,True,0.8934585452079773
image_03638.jpg,jpg/image_03638.jpg,72,72,True,0.8752498626708984
image_03639.jpg,jpg/image_03639.jpg,72,72,True,0.853287935256958
image_03640.jpg,jpg/image_03640.jpg,72,72,True,0.892517626285553
image_00252.jpg,jpg/image_00252.jpg,73,73,True,0.874880313873291
image_00253.jpg,jpg/image_00253.jpg,73,73,True,0.6678517460823059
image_00254.jpg,jpg/image_00254.jpg,73,73,True,0.5211625695228577
image_00256.jpg,jpg/image_00256.jpg,73,73,True,0.9265692830085754
image_00257.jpg,jpg/image_00257.jpg,73,73,True,0.8300610184669495
image_00258.jpg,jpg/image_00258.jpg,73,73,True,0.738344132900238
image_00259.jpg,jpg/image_00259.jpg,73,73,True,0.8571265935897827
image_00260.jpg,jpg/image_00260.jpg,73,73,True,0.7570687532424927
image_00261.jpg,jpg/image_00261.jpg,73,73,True,0.7948302030563354
image_00262.jpg,jpg/image_00262.jpg,73,73,True,0.9196487069129944
image_00263.jpg,jpg/image_00263.jpg,73,73,True,0.8616087436676025
image_00264.jpg,jpg/image_00264.jpg,73,73,True,0.9263321161270142
image_00265.jpg,jpg/image_00265.jpg,73,73,True,0.6610440611839294
image_00266.jpg,jpg/image_00266.jpg,73,73,True,0.869077205657959
image_00267.jpg,jpg/image_00267.jpg,73,73,True,0.8643407225608826
image_00268.jpg,jpg/image_00268.jpg,73,73,True,0.7060701847076416
image_00270.jpg,jpg/image_00270.jpg,73,73,True,0.8794978857040405
image_00271.jpg,jpg/image_00271.jpg,73,73,True,0.1922663003206253
image_00272.jpg,jpg/image_00272.jpg,73,73,True,0.6568683385848999
image_00273.jpg,jpg/image_00273.jpg,73,73,True,0.8535299897193909
image_00275.jpg,jpg/image_00275.jpg,73,73,True,0.4128434956073761
image_00276.jpg,jpg/image_00276.jpg,73,73,True,0.3266109228134155
image_00277.jpg,jpg/image_00277.jpg,73,73,True,0.6685686111450195
image_00278.jpg,jpg/image_00278.jpg,73,73,True,0.9208610653877258
image_00279.jpg,jpg/image_00279.jpg,73,73,True,0.8819969892501831
image_00280.jpg,jpg/image_00280.jpg,73,73,True,0.806058406829834
image_00281.jpg,jpg/image_00281.jpg,73,73,True,0.8445013165473938
image_00282.jpg,jpg/image_00282.jpg,73,73,True,0.35459083318710327
image_00283.jpg,jpg/image_00283.jpg,73,73,True,0.15716086328029633
image_00284.jpg,jpg/image_00284.jpg,73,73,True,0.8076773285865784
image_00286.jpg,jpg/image_00286.jpg,73,73,True,0.7917482852935791
image_00287.jpg,jpg/image_00287.jpg,73,73,True,0.6829946041107178
image_00288.jpg,jpg/image_00288.jpg,73,73,True,0.8689284324645996
image_00289.jpg,jpg/image_00289.jpg,73,73,True,0.5854042172431946
image_00290.jpg,jpg/image_00290.jpg,73,73,True,0.839625895023346
image_00292.jpg,jpg/image_00292.jpg,73,73,True,0.6205707788467407
image_00293.jpg,jpg/image_00293.jpg,73,73,True,0.3540370762348175
image_00294.jpg,jpg/image_00294.jpg,73,73,True,0.842496395111084
image_00295.jpg,jpg/image_00295.jpg,73,73,True,0.8026029467582703
image_00296.jpg,jpg/image_00296.jpg,73,73,True,0.4974682927131653
image_00298.jpg,jpg/image_00298.jpg,73,73,True,0.3504878878593445
image_00299.jpg,jpg/image_00299.jpg,73,73,True,0.7272326350212097
image_00300.jpg,jpg/image_00300.jpg,73,73,True,0.8802357316017151
image_00301.jpg,jpg/image_00301.jpg,73,73,True,0.36717841029167175
image_00302.jpg,jpg/image_00302.jpg,73,73,True,0.851414144039154
image_00303.jpg,jpg/image_00303.jpg,73,73,True,0.866354763507843
image_00305.jpg,jpg/image_00305.jpg,73,73,True,0.9168974757194519
image_00306.jpg,jpg/image_00306.jpg,73,73,True,0.9312919974327087
image_00307.jpg,jpg/image_00307.jpg,73,73,True,0.8206691741943359
image_00308.jpg,jpg/image_00308.jpg,73,73,True,0.7848897576332092
image_00309.jpg,jpg/image_00309.jpg,73,73,True,0.9045557975769043
image_00310.jpg,jpg/image_00310.jpg,73,73,True,0.5537455081939697
image_00311.jpg,jpg/image_00311.jpg,73,50,False,0.15720206499099731
image_00312.jpg,jpg/image_00312.jpg,73,73,True,0.9389992356300354
image_00313.jpg,jpg/image_00313.jpg,73,73,True,0.8803232312202454
image_00314.jpg,jpg/image_00314.jpg,73,73,True,0.9507361054420471
image_00315.jpg,jpg/image_00315.jpg,73,73,True,0.39683377742767334
image_00316.jpg,jpg/image_00316.jpg,73,73,True,0.9469456672668457
image_00317.jpg,jpg/image_00317.jpg,73,73,True,0.8153513669967651
image_00318.jpg,jpg/image_00318.jpg,73,73,True,0.8961525559425354
image_00320.jpg,jpg/image_00320.jpg,73,73,True,0.8242827653884888
image_00321.jpg,jpg/image_00321.jpg,73,73,True,0.8089240789413452
image_00322.jpg,jpg/image_00322.jpg,73,73,True,0.7782137393951416
image_00323.jpg,jpg/image_00323.jpg,73,73,True,0.3406374752521515
image_00324.jpg,jpg/image_00324.jpg,73,73,True,0.6819800138473511
image_00325.jpg,jpg/image_00325.jpg,73,73,True,0.37462568283081055
image_00326.jpg,jpg/image_00326.jpg,73,73,True,0.8467569947242737
image_00327.jpg,jpg/image_00327.jpg,73,73,True,0.8850314617156982
image_00328.jpg,jpg/image_00328.jpg,73,73,True,0.898738443851471
image_00329.jpg,jpg/image_00329.jpg,73,73,True,0.5093961954116821
image_00330.jpg,jpg/image_00330.jpg,73,73,True,0.6843257546424866
image_00331.jpg,jpg/image_00331.jpg,73,73,True,0.8281514644622803
image_00332.jpg,jpg/image_00332.jpg,73,73,True,0.5516929626464844
image_00333.jpg,jpg/image_00333.jpg,73,73,True,0.8605151176452637
image_00334.jpg,jpg/image_00334.jpg,73,73,True,0.9080047011375427
image_00335.jpg,jpg/image_00335.jpg,73,73,True,0.8991318345069885
image_00336.jpg,jpg/image_00336.jpg,73,73,True,0.8664751648902893
image_00337.jpg,jpg/image_00337.jpg,73,73,True,0.9120815992355347
image_00338.jpg,jpg/image_00338.jpg,73,73,True,0.6916873455047607
image_00339.jpg,jpg/image_00339.jpg,73,73,True,0.9031264781951904
image_00340.jpg,jpg/image_00340.jpg,73,73,True,0.8530383706092834
image_00341.jpg,jpg/image_00341.jpg,73,73,True,0.9232779741287231
image_00342.jpg,jpg/image_00342.jpg,73,73,True,0.48274534940719604
image_00343.jpg,jpg/image_00343.jpg,73,73,True,0.770272433757782
image_00344.jpg,jpg/image_00344.jpg,73,73,True,0.9071424007415771
image_00345.jpg,jpg/image_00345.jpg,73,73,True,0.8710600733757019
image_00346.jpg,jpg/image_00346.jpg,73,73,True,0.6957724094390869
image_00347.jpg,jpg/image_00347.jpg,73,73,True,0.7157608270645142
image_00348.jpg,jpg/image_00348.jpg,73,73,True,0.9276710152626038
image_00349.jpg,jpg/image_00349.jpg,73,73,True,0.43424853682518005
image_00350.jpg,jpg/image_00350.jpg,73,73,True,0.8729803562164307
image_00351.jpg,jpg/image_00351.jpg,73,73,True,0.9233739972114563
image_00352.jpg,jpg/image_00352.jpg,73,73,True,0.8727434277534485
image_00353.jpg,jpg/image_00353.jpg,73,73,True,0.80520099401474
image_00354.jpg,jpg/image_00354.jpg,73,73,True,0.7970633506774902
image_00355.jpg,jpg/image_00355.jpg,73,73,True,0.689484179019928
image_00356.jpg,jpg/image_00356.jpg,73,73,True,0.5897123217582703
image_00357.jpg,jpg/image_00357.jpg,73,73,True,0.5762197971343994
image_00358.jpg,jpg/image_00358.jpg,73,73,True,0.3679545819759369
image_00359.jpg,jpg/image_00359.jpg,73,73,True,0.6792559027671814
image_00360.jpg,jpg/image_00360.jpg,73,73,True,0.7797848582267761
image_00361.jpg,jpg/image_00361.jpg,73,73,True,0.36175546050071716
image_00362.jpg,jpg/image_00362.jpg,73,73,True,0.8975778222084045
image_00363.jpg,jpg/image_00363.jpg,73,73,True,0.25000378489494324
image_00365.jpg,jpg/image_00365.jpg,73,13,False,0.14464862644672394
image_00367.jpg,jpg/image_00367.jpg,73,73,True,0.8684488534927368
image_00368.jpg,jpg/image_00368.jpg,73,73,True,0.7239538431167603
image_00369.jpg,jpg/image_00369.jpg,73,73,True,0.4903552234172821
image_00370.jpg,jpg/image_00370.jpg,73,73,True,0.16924555599689484
image_00371.jpg,jpg/image_00371.jpg,73,73,True,0.9205256104469299
image_00372.jpg,jpg/image_00372.jpg,73,73,True,0.6602659225463867
image_00373.jpg,jpg/image_00373.jpg,73,73,True,0.8491694331169128
image_00374.jpg,jpg/image_00374.jpg,73,73,True,0.8667424321174622
image_00376.jpg,jpg/image_00376.jpg,73,73,True,0.9592689275741577
image_00377.jpg,jpg/image_00377.jpg,73,73,True,0.5698190331459045
image_00378.jpg,jpg/image_00378.jpg,73,73,True,0.9326156973838806
image_00379.jpg,jpg/image_00379.jpg,73,73,True,0.5138648152351379
image_00382.jpg,jpg/image_00382.jpg,73,73,True,0.8210393190383911
image_00384.jpg,jpg/image_00384.jpg,73,73,True,0.9058598279953003
image_00385.jpg,jpg/image_00385.jpg,73,73,True,0.9095864295959473
image_00386.jpg,jpg/image_00386.jpg,73,73,True,0.689848005771637
image_00387.jpg,jpg/image_00387.jpg,73,73,True,0.9129860401153564
image_00388.jpg,jpg/image_00388.jpg,73,73,True,0.8105836510658264
image_00389.jpg,jpg/image_00389.jpg,73,73,True,0.8338809609413147
image_00390.jpg,jpg/image_00390.jpg,73,73,True,0.9111517667770386
image_00391.jpg,jpg/image_00391.jpg,73,73,True,0.8820347189903259
image_00392.jpg,jpg/image_00392.jpg,73,73,True,0.8110517263412476
image_00393.jpg,jpg/image_00393.jpg,73,73,True,0.8941221833229065
image_00394.jpg,jpg/image_00394.jpg,73,73,True,0.8266561031341553
image_00395.jpg,jpg/image_00395.jpg,73,73,True,0.5818241238594055
image_00396.jpg,jpg/image_00396.jpg,73,73,True,0.896694540977478
image_00397.jpg,jpg/image_00397.jpg,73,73,True,0.37846890091896057
image_00398.jpg,jpg/image_00398.jpg,73,73,True,0.8821721076965332
image_00399.jpg,jpg/image_00399.jpg,73,73,True,0.24867956340312958
image_00402.jpg,jpg/image_00402.jpg,73,73,True,0.6939796209335327
image_00403.jpg,jpg/image_00403.jpg,73,73,True,0.793376624584198
image_00404.jpg,jpg/image_00404.jpg,73,73,True,0.4607275724411011
image_00405.jpg,jpg/image_00405.jpg,73,73,True,0.8841827511787415
image_00406.jpg,jpg/image_00406.jpg,73,73,True,0.7347323298454285
image_00407.jpg,jpg/image_00407.jpg,73,73,True,0.8455929160118103
image_00408.jpg,jpg/image_00408.jpg,73,73,True,0.6673462986946106
image_00409.jpg,jpg/image_00409.jpg,73,73,True,0.7388342618942261
image_00410.jpg,jpg/image_00410.jpg,73,73,True,0.8315890431404114
image_00412.jpg,jpg/image_00412.jpg,73,73,True,0.83244788646698
image_00413.jpg,jpg/image_00413.jpg,73,73,True,0.6434925198554993
image_00414.jpg,jpg/image_00414.jpg,73,73,True,0.6343502402305603
image_00415.jpg,jpg/image_00415.jpg,73,73,True,0.9389536380767822
image_00416.jpg,jpg/image_00416.jpg,73,73,True,0.7316171526908875
image_00417.jpg,jpg/image_00417.jpg,73,73,True,0.8359994888305664
image_00418.jpg,jpg/image_00418.jpg,73,73,True,0.9186887145042419
image_00419.jpg,jpg/image_00419.jpg,73,73,True,0.2148895263671875
image_00420.jpg,jpg/image_00420.jpg,73,73,True,0.8789718151092529
image_00421.jpg,jpg/image_00421.jpg,73,73,True,0.8861892223358154
image_00422.jpg,jpg/image_00422.jpg,73,73,True,0.6608574390411377
image_00423.jpg,jpg/image_00423.jpg,73,73,True,0.858515739440918
image_00424.jpg,jpg/image_00424.jpg,73,73,True,0.8066366910934448
image_00425.jpg,jpg/image_00425.jpg,73,73,True,0.7084073424339294
image_00426.jpg,jpg/image_00426.jpg,73,73,True,0.9202125668525696
image_00427.jpg,jpg/image_00427.jpg,73,73,True,0.7582793831825256
image_00428.jpg,jpg/image_00428.jpg,73,73,True,0.47493886947631836
image_00429.jpg,jpg/image_00429.jpg,73,73,True,0.3450242280960083
image_00430.jpg,jpg/image_00430.jpg,73,73,True,0.7424662709236145
image_00431.jpg,jpg/image_00431.jpg,73,73,True,0.8529568314552307
image_00432.jpg,jpg/image_00432.jpg,73,73,True,0.8914327025413513
image_00434.jpg,jpg/image_00434.jpg,73,73,True,0.7971024513244629
image_00435.jpg,jpg/image_00435.jpg,73,73,True,0.9290726184844971
image_00436.jpg,jpg/image_00436.jpg,73,73,True,0.4785100817680359
image_00437.jpg,jpg/image_00437.jpg,73,73,True,0.8269545435905457
image_00438.jpg,jpg/image_00438.jpg,73,73,True,0.9195288419723511
image_00439.jpg,jpg/image_00439.jpg,73,73,True,0.947769045829773
image_00440.jpg,jpg/image_00440.jpg,73,73,True,0.7307831048965454
image_00441.jpg,jpg/image_00441.jpg,73,73,True,0.7345223426818848
image_00443.jpg,jpg/image_00443.jpg,73,73,True,0.8560794591903687
image_00445.jpg,jpg/image_00445.jpg,73,73,True,0.8555746078491211
image_01143.jpg,jpg/image_01143.jpg,74,74,True,0.2121773213148117
image_01144.jpg,jpg/image_01144.jpg,74,74,True,0.8776389956474304
image_01145.jpg,jpg/image_01145.jpg,74,74,True,0.4962272644042969
image_01146.jpg,jpg/image_01146.jpg,74,74,True,0.7716066837310791
image_01148.jpg,jpg/image_01148.jpg,74,74,True,0.3341640532016754
image_01149.jpg,jpg/image_01149.jpg,74,74,True,0.604137122631073
image_01150.jpg,jpg/image_01150.jpg,74,74,True,0.48132196068763733
image_01151.jpg,jpg/image_01151.jpg,74,74,True,0.7924382090568542
image_01153.jpg,jpg/image_01153.jpg,74,74,True,0.8117287755012512
image_01154.jpg,jpg/image_01154.jpg,74,74,True,0.8149263858795166
image_01155.jpg,jpg/image_01155.jpg,74,74,True,0.9106718301773071
image_01156.jpg,jpg/image_01156.jpg,74,74,True,0.7094432711601257
image_01157.jpg,jpg/image_01157.jpg,74,74,True,0.8146167993545532
image_01158.jpg,jpg/image_01158.jpg,74,74,True,0.6569122672080994
image_01160.jpg,jpg/image_01160.jpg,74,74,True,0.7783271074295044
image_01161.jpg,jpg/image_01161.jpg,74,74,True,0.5606493949890137
image_01163.jpg,jpg/image_01163.jpg,74,74,True,0.2021694928407669
image_01164.jpg,jpg/image_01164.jpg,74,74,True,0.8902584314346313
image_01165.jpg,jpg/image_01165.jpg,74,74,True,0.845369815826416
image_01166.jpg,jpg/image_01166.jpg,74,74,True,0.8959283232688904
image_01167.jpg,jpg/image_01167.jpg,74,74,True,0.5983516573905945
image_01168.jpg,jpg/image_01168.jpg,74,74,True,0.8823972344398499
image_01169.jpg,jpg/image_01169.jpg,74,74,True,0.23985283076763153
image_01170.jpg,jpg/image_01170.jpg,74,74,True,0.5121346712112427
image_01171.jpg,jpg/image_01171.jpg,74,74,True,0.4347636103630066
image_01172.jpg,jpg/image_01172.jpg,74,74,True,0.7180131077766418
image_01173.jpg,jpg/image_01173.jpg,74,74,True,0.8036070466041565
image_01174.jpg,jpg/image_01174.jpg,74,74,True,0.7394207715988159
image_01175.jpg,jpg/image_01175.jpg,74,74,True,0.6499622464179993
image_01177.jpg,jpg/image_01177.jpg,74,74,True,0.13362689316272736
image_01178.jpg,jpg/image_01178.jpg,74,16,False,0.2703971266746521
image_01179.jpg,jpg/image_01179.jpg,74,74,True,0.5644466280937195
image_01180.jpg,jpg/image_01180.jpg,74,74,True,0.8976428508758545
image_01181.jpg,jpg/image_01181.jpg,74,74,True,0.8199421167373657
image_01182.jpg,jpg/image_01182.jpg,74,74,True,0.8327770233154297
image_01183.jpg,jpg/image_01183.jpg,74,74,True,0.22591519355773926
image_01184.jpg,jpg/image_01184.jpg,74,74,True,0.7179009318351746
image_01185.jpg,jpg/image_01185.jpg,74,74,True,0.8832029700279236
image_01186.jpg,jpg/image_01186.jpg,74,74,True,0.7922060489654541
image_01187.jpg,jpg/image_01187.jpg,74,74,True,0.12072943896055222
image_01188.jpg,jpg/image_01188.jpg,74,74,True,0.15943478047847748
image_01189.jpg,jpg/image_01189.jpg,74,74,True,0.49689245223999023
image_01191.jpg,jpg/image_01191.jpg,74,74,True,0.9052013754844666
image_01192.jpg,jpg/image_01192.jpg,74,74,True,0.44189244508743286
image_01193.jpg,jpg/image_01193.jpg,74,74,True,0.7244450449943542
image_01194.jpg,jpg/image_01194.jpg,74,74,True,0.9105551838874817
image_01195.jpg,jpg/image_01195.jpg,74,74,True,0.8324251770973206
image_01197.jpg,jpg/image_01197.jpg,74,74,True,0.7088380455970764
image_01198.jpg,jpg/image_01198.jpg,74,74,True,0.4197241961956024
image_01199.jpg,jpg/image_01199.jpg,74,74,True,0.6260532736778259
image_01200.jpg,jpg/image_01200.jpg,74,74,True,0.8985216617584229
image_01201.jpg,jpg/image_01201.jpg,74,74,True,0.806199312210083
image_01202.jpg,jpg/image_01202.jpg,74,74,True,0.6279377341270447
image_01203.jpg,jpg/image_01203.jpg,74,74,True,0.6525239944458008
image_01204.jpg,jpg/image_01204.jpg,74,74,True,0.8495112061500549
image_01205.jpg,jpg/image_01205.jpg,74,74,True,0.4364039897918701
image_01206.jpg,jpg/image_01206.jpg,74,74,True,0.7984943389892578
image_01207.jpg,jpg/image_01207.jpg,74,74,True,0.812617301940918
image_01208.jpg,jpg/image_01208.jpg,74,74,True,0.6553056240081787
image_01209.jpg,jpg/image_01209.jpg,74,74,True,0.4681367576122284
image_01210.jpg,jpg/image_01210.jpg,74,74,True,0.6774009466171265
image_01211.jpg,jpg/image_01211.jpg,74,74,True,0.8859390616416931
image_01214.jpg,jpg/image_01214.jpg,74,74,True,0.8799268007278442
image_01215.jpg,jpg/image_01215.jpg,74,74,True,0.208744615316391
image_01216.jpg,jpg/image_01216.jpg,74,74,True,0.8269713521003723
image_01217.jpg,jpg/image_01217.jpg,74,74,True,0.42913511395454407
image_01218.jpg,jpg/image_01218.jpg,74,74,True,0.853600263595581
image_01219.jpg,jpg/image_01219.jpg,74,74,True,0.5787835717201233
image_01220.jpg,jpg/image_01220.jpg,74,74,True,0.7920207977294922
image_01222.jpg,jpg/image_01222.jpg,74,74,True,0.9008148908615112
image_01223.jpg,jpg/image_01223.jpg,74,24,False,0.12305677682161331
image_01224.jpg,jpg/image_01224.jpg,74,74,True,0.2901648283004761
image_01225.jpg,jpg/image_01225.jpg,74,74,True,0.6290257573127747
image_01226.jpg,jpg/image_01226.jpg,74,74,True,0.8426674008369446
image_01227.jpg,jpg/image_01227.jpg,74,74,True,0.28676748275756836
image_01228.jpg,jpg/image_01228.jpg,74,88,False,0.516525387763977
image_01229.jpg,jpg/image_01229.jpg,74,74,True,0.8461989760398865
image_01230.jpg,jpg/image_01230.jpg,74,74,True,0.28684911131858826
image_01231.jpg,jpg/image_01231.jpg,74,74,True,0.7560309767723083
image_01232.jpg,jpg/image_01232.jpg,74,74,True,0.49687331914901733
image_01233.jpg,jpg/image_01233.jpg,74,74,True,0.2589651346206665
image_01235.jpg,jpg/image_01235.jpg,74,74,True,0.5461322665214539
image_01237.jpg,jpg/image_01237.jpg,74,74,True,0.20280101895332336
image_01238.jpg,jpg/image_01238.jpg,74,74,True,0.6586904525756836
image_01239.jpg,jpg/image_01239.jpg,74,74,True,0.8826485276222229
image_01240.jpg,jpg/image_01240.jpg,74,74,True,0.2796195447444916
image_01241.jpg,jpg/image_01241.jpg,74,74,True,0.13288432359695435
image_01242.jpg,jpg/image_01242.jpg,74,74,True,0.142652228474617
image_01243.jpg,jpg/image_01243.jpg,74,74,True,0.8434499502182007
image_01244.jpg,jpg/image_01244.jpg,74,74,True,0.7592169642448425
image_01245.jpg,jpg/image_01245.jpg,74,74,True,0.05922269821166992
image_01246.jpg,jpg/image_01246.jpg,74,74,True,0.7955836653709412
image_01247.jpg,jpg/image_01247.jpg,74,74,True,0.403536856174469
image_01248.jpg,jpg/image_01248.jpg,74,74,True,0.7135685086250305
image_01249.jpg,jpg/image_01249.jpg,74,74,True,0.9053710103034973
image_01250.jpg,jpg/image_01250.jpg,74,74,True,0.843724250793457
image_01252.jpg,jpg/image_01252.jpg,74,74,True,0.5652658939361572
image_01253.jpg,jpg/image_01253.jpg,74,74,True,0.8576845526695251
image_01255.jpg,jpg/image_01255.jpg,74,74,True,0.16248606145381927
image_01256.jpg,jpg/image_01256.jpg,74,74,True,0.2155030071735382
image_01257.jpg,jpg/image_01257.jpg,74,74,True,0.8875601887702942
image_01258.jpg,jpg/image_01258.jpg,74,74,True,0.7879679799079895
image_01259.jpg,jpg/image_01259.jpg,74,74,True,0.2851754128932953
image_01260.jpg,jpg/image_01260.jpg,74,74,True,0.8731957077980042
image_01262.jpg,jpg/image_01262.jpg,74,74,True,0.8988295197486877
image_01263.jpg,jpg/image_01263.jpg,74,74,True,0.8705581426620483
image_01264.jpg,jpg/image_01264.jpg,74,74,True,0.2253103256225586
image_01265.jpg,jpg/image_01265.jpg,74,74,True,0.8752783536911011
image_01266.jpg,jpg/image_01266.jpg,74,74,True,0.3125598132610321
image_01267.jpg,jpg/image_01267.jpg,74,74,True,0.7891889214515686
image_01268.jpg,jpg/image_01268.jpg,74,74,True,0.48680198192596436
image_01269.jpg,jpg/image_01269.jpg,74,74,True,0.8626734614372253
image_01272.jpg,jpg/image_01272.jpg,74,74,True,0.829883873462677
image_01273.jpg,jpg/image_01273.jpg,74,74,True,0.813657820224762
image_01274.jpg,jpg/image_01274.jpg,74,16,False,0.07074861228466034
image_01275.jpg,jpg/image_01275.jpg,74,74,True,0.8973437547683716
image_01276.jpg,jpg/image_01276.jpg,74,74,True,0.17331457138061523
image_01277.jpg,jpg/image_01277.jpg,74,74,True,0.8299551606178284
image_01278.jpg,jpg/image_01278.jpg,74,74,True,0.643519401550293
image_01279.jpg,jpg/image_01279.jpg,74,74,True,0.8356245160102844
image_01280.jpg,jpg/image_01280.jpg,74,74,True,0.07887021452188492
image_01281.jpg,jpg/image_01281.jpg,74,74,True,0.3004070222377777
image_01282.jpg,jpg/image_01282.jpg,74,4,False,0.09086183458566666
image_01283.jpg,jpg/image_01283.jpg,74,74,True,0.4300251007080078
image_01284.jpg,jpg/image_01284.jpg,74,74,True,0.7453922629356384
image_01286.jpg,jpg/image_01286.jpg,74,74,True,0.8362545967102051
image_01287.jpg,jpg/image_01287.jpg,74,74,True,0.8041459918022156
image_01288.jpg,jpg/image_01288.jpg,74,74,True,0.5985903739929199
image_01289.jpg,jpg/image_01289.jpg,74,74,True,0.7547168731689453
image_01290.jpg,jpg/image_01290.jpg,74,74,True,0.567575216293335
image_01291.jpg,jpg/image_01291.jpg,74,74,True,0.746924102306366
image_01292.jpg,jpg/image_01292.jpg,74,74,True,0.8350698351860046
image_01293.jpg,jpg/image_01293.jpg,74,74,True,0.8607054948806763
image_01294.jpg,jpg/image_01294.jpg,74,74,True,0.8069881796836853
image_01296.jpg,jpg/image_01296.jpg,74,74,True,0.32756784558296204
image_01297.jpg,jpg/image_01297.jpg,74,74,True,0.10656199604272842
image_01298.jpg,jpg/image_01298.jpg,74,74,True,0.83836430311203
image_01299.jpg,jpg/image_01299.jpg,74,74,True,0.9097471833229065
image_01300.jpg,jpg/image_01300.jpg,74,74,True,0.3027099072933197
image_01301.jpg,jpg/image_01301.jpg,74,74,True,0.7462223768234253
image_01302.jpg,jpg/image_01302.jpg,74,74,True,0.1356169581413269
image_01303.jpg,jpg/image_01303.jpg,74,74,True,0.7691097259521484
image_01305.jpg,jpg/image_01305.jpg,74,75,False,0.09127835184335709
image_01306.jpg,jpg/image_01306.jpg,74,74,True,0.4484407901763916
image_01307.jpg,jpg/image_01307.jpg,74,74,True,0.7327263355255127
image_01308.jpg,jpg/image_01308.jpg,74,74,True,0.6211152076721191
image_01309.jpg,jpg/image_01309.jpg,74,74,True,0.8517578840255737
image_01310.jpg,jpg/image_01310.jpg,74,74,True,0.5711340308189392
image_01311.jpg,jpg/image_01311.jpg,74,74,True,0.38747021555900574
image_01312.jpg,jpg/image_01312.jpg,74,74,True,0.6771726012229919
image_01313.jpg,jpg/image_01313.jpg,74,74,True,0.14803311228752136
image_02069.jpg,jpg/image_02069.jpg,75,75,True,0.7284693717956543
image_02070.jpg,jpg/image_02070.jpg,75,75,True,0.5811653733253479
image_02071.jpg,jpg/image_02071.jpg,75,75,True,0.8334918022155762
image_02072.jpg,jpg/image_02072.jpg,75,75,True,0.7058255076408386
image_02073.jpg,jpg/image_02073.jpg,75,75,True,0.5196434855461121
image_02074.jpg,jpg/image_02074.jpg,75,75,True,0.9152897596359253
image_02076.jpg,jpg/image_02076.jpg,75,75,True,0.8122758865356445
image_02077.jpg,jpg/image_02077.jpg,75,75,True,0.7339702248573303
image_02078.jpg,jpg/image_02078.jpg,75,75,True,0.7408285737037659
image_02079.jpg,jpg/image_02079.jpg,75,75,True,0.8766140341758728
image_02082.jpg,jpg/image_02082.jpg,75,75,True,0.8618078827857971
image_02083.jpg,jpg/image_02083.jpg,75,75,True,0.8835246562957764
image_02084.jpg,jpg/image_02084.jpg,75,75,True,0.5607908368110657
image_02085.jpg,jpg/image_02085.jpg,75,75,True,0.8364274501800537
image_02086.jpg,jpg/image_02086.jpg,75,75,True,0.8508723974227905
image_02088.jpg,jpg/image_02088.jpg,75,75,True,0.8578301072120667
image_02089.jpg,jpg/image_02089.jpg,75,75,True,0.8699586987495422
image_02090.jpg,jpg/image_02090.jpg,75,75,True,0.8864749670028687
image_02091.jpg,jpg/image_02091.jpg,75,75,True,0.9093841910362244
image_02092.jpg,jpg/image_02092.jpg,75,75,True,0.8960527181625366
image_02093.jpg,jpg/image_02093.jpg,75,75,True,0.86756831407547
image_02094.jpg,jpg/image_02094.jpg,75,75,True,0.648338794708252
image_02096.jpg,jpg/image_02096.jpg,75,75,True,0.8621031045913696
image_02097.jpg,jpg/image_02097.jpg,75,75,True,0.8041718602180481
image_02099.jpg,jpg/image_02099.jpg,75,75,True,0.8624337911605835
image_02100.jpg,jpg/image_02100.jpg,75,75,True,0.18261200189590454
image_02101.jpg,jpg/image_02101.jpg,75,75,True,0.8282303214073181
image_02102.jpg,jpg/image_02102.jpg,75,75,True,0.7323923110961914
image_02103.jpg,jpg/image_02103.jpg,75,75,True,0.6994842886924744
image_02104.jpg,jpg/image_02104.jpg,75,75,True,0.8364522457122803
image_02105.jpg,jpg/image_02105.jpg,75,75,True,0.8405779600143433
image_02106.jpg,jpg/image_02106.jpg,75,75,True,0.9021283984184265
image_02107.jpg,jpg/image_02107.jpg,75,75,True,0.7430755496025085
image_02108.jpg,jpg/image_02108.jpg,75,75,True,0.8596563935279846
image_02109.jpg,jpg/image_02109.jpg,75,75,True,0.7824081778526306
image_02111.jpg,jpg/image_02111.jpg,75,75,True,0.7821448445320129
image_02112.jpg,jpg/image_02112.jpg,75,75,True,0.6878286004066467
image_02113.jpg,jpg/image_02113.jpg,75,75,True,0.7131060361862183
image_02114.jpg,jpg/image_02114.jpg,75,75,True,0.7774075865745544
image_02115.jpg,jpg/image_02115.jpg,75,75,True,0.8473267555236816
image_02116.jpg,jpg/image_02116.jpg,75,75,True,0.9056095480918884
image_02117.jpg,jpg/image_02117.jpg,75,75,True,0.8611082434654236
image_02118.jpg,jpg/image_02118.jpg,75,75,True,0.8070359826087952
image_02119.jpg,jpg/image_02119.jpg,75,75,True,0.790423572063446
image_02120.jpg,jpg/image_02120.jpg,75,75,True,0.8742444515228271
image_02121.jpg,jpg/image_02121.jpg,75,75,True,0.7206602692604065
image_02122.jpg,jpg/image_02122.jpg,75,75,True,0.6113771200180054
image_02123.jpg,jpg/image_02123.jpg,75,75,True,0.6337140798568726
image_02124.jpg,jpg/image_02124.jpg,75,75,True,0.9067176580429077
image_02126.jpg,jpg/image_02126.jpg,75,75,True,0.8736896514892578
image_02127.jpg,jpg/image_02127.jpg,75,75,True,0.8280047178268433
image_02128.jpg,jpg/image_02128.jpg,75,75,True,0.8474832773208618
image_02129.jpg,jpg/image_02129.jpg,75,75,True,0.7317904829978943
image_02130.jpg,jpg/image_02130.jpg,75,75,True,0.8724492192268372
image_02131.jpg,jpg/image_02131.jpg,75,75,True,0.8533318638801575
image_02132.jpg,jpg/image_02132.jpg,75,75,True,0.3467474579811096
image_02133.jpg,jpg/image_02133.jpg,75,75,True,0.7191184163093567
image_02134.jpg,jpg/image_02134.jpg,75,75,True,0.7300795316696167
image_02135.jpg,jpg/image_02135.jpg,75,75,True,0.9069899916648865
image_02136.jpg,jpg/image_02136.jpg,75,75,True,0.7794807553291321
image_02137.jpg,jpg/image_02137.jpg,75,75,True,0.8774176239967346
image_02138.jpg,jpg/image_02138.jpg,75,75,True,0.9059745073318481
image_02139.jpg,jpg/image_02139.jpg,75,75,True,0.6702207326889038
image_02140.jpg,jpg/image_02140.jpg,75,75,True,0.7794317603111267
image_02141.jpg,jpg/image_02141.jpg,75,75,True,0.7586297988891602
image_02142.jpg,jpg/image_02142.jpg,75,75,True,0.5574604272842407
image_02143.jpg,jpg/image_02143.jpg,75,75,True,0.6807487607002258
image_02145.jpg,jpg/image_02145.jpg,75,75,True,0.8532232046127319
image_02147.jpg,jpg/image_02147.jpg,75,75,True,0.6841375231742859
image_02148.jpg,jpg/image_02148.jpg,75,75,True,0.8625884652137756
image_02149.jpg,jpg/image_02149.jpg,75,75,True,0.8359740376472473
image_02150.jpg,jpg/image_02150.jpg,75,75,True,0.8021336793899536
image_02151.jpg,jpg/image_02151.jpg,75,75,True,0.8755204081535339
image_02152.jpg,jpg/image_02152.jpg,75,75,True,0.7428615689277649
image_02153.jpg,jpg/image_02153.jpg,75,75,True,0.8779523372650146
image_02154.jpg,jpg/image_02154.jpg,75,75,True,0.9031360745429993
image_02155.jpg,jpg/image_02155.jpg,75,75,True,0.9127718806266785
image_02156.jpg,jpg/image_02156.jpg,75,75,True,0.8818743824958801
image_02157.jpg,jpg/image_02157.jpg,75,75,True,0.7878971695899963
image_02161.jpg,jpg/image_02161.jpg,75,75,True,0.8378704190254211
image_02162.jpg,jpg/image_02162.jpg,75,75,True,0.6823036670684814
image_02164.jpg,jpg/image_02164.jpg,75,75,True,0.8105623126029968
image_02165.jpg,jpg/image_02165.jpg,75,75,True,0.8776707053184509
image_02167.jpg,jpg/image_02167.jpg,75,75,True,0.5191447138786316
image_02168.jpg,jpg/image_02168.jpg,75,75,True,0.6052839756011963
image_02169.jpg,jpg/image_02169.jpg,75,75,True,0.8479912877082825
image_02170.jpg,jpg/image_02170.jpg,75,75,True,0.662596583366394
image_02171.jpg,jpg/image_02171.jpg,75,75,True,0.7146850228309631
image_02172.jpg,jpg/image_02172.jpg,75,75,True,0.8645068407058716
image_02173.jpg,jpg/image_02173.jpg,75,75,True,0.6823294758796692
image_02174.jpg,jpg/image_02174.jpg,75,75,True,0.8771535754203796
image_02175.jpg,jpg/image_02175.jpg,75,75,True,0.8252546787261963
image_02176.jpg,jpg/image_02176.jpg,75,75,True,0.9097522497177124
image_02177.jpg,jpg/image_02177.jpg,75,75,True,0.8853045105934143
image_02178.jpg,jpg/image_02178.jpg,75,75,True,0.8196033239364624
image_02180.jpg,jpg/image_02180.jpg,75,75,True,0.8908643126487732
image_02181.jpg,jpg/image_02181.jpg,75,75,True,0.6758401989936829
image_02186.jpg,jpg/image_02186.jpg,75,75,True,0.6342756152153015
image_02187.jpg,jpg/image_02187.jpg,75,75,True,0.7321432828903198
image_02188.jpg,jpg/image_02188.jpg,75,75,True,0.7342047691345215
image_02446.jpg,jpg/image_02446.jpg,76,76,True,0.6880456209182739
image_02447.jpg,jpg/image_02447.jpg,76,76,True,0.8844068646430969
image_02448.jpg,jpg/image_02448.jpg,76,76,True,0.9237879514694214
image_02449.jpg,jpg/image_02449.jpg,76,76,True,0.8448516726493835
image_02450.jpg,jpg/image_02450.jpg,76,76,True,0.8803349733352661
image_02451.jpg,jpg/image_02451.jpg,76,76,True,0.8555071949958801
image_02452.jpg,jpg/image_02452.jpg,76,76,True,0.7551611661911011
image_02453.jpg,jpg/image_02453.jpg,76,76,True,0.412614107131958
image_02455.jpg,jpg/image_02455.jpg,76,76,True,0.3409678339958191
image_02456.jpg,jpg/image_02456.jpg,76,76,True,0.8520064949989319
image_02457.jpg,jpg/image_02457.jpg,76,76,True,0.8226519823074341
image_02459.jpg,jpg/image_02459.jpg,76,76,True,0.6443855166435242
image_02460.jpg,jpg/image_02460.jpg,76,76,True,0.8611241579055786
image_02462.jpg,jpg/image_02462.jpg,76,76,True,0.9044179916381836
image_02463.jpg,jpg/image_02463.jpg,76,76,True,0.8432063460350037
image_02464.jpg,jpg/image_02464.jpg,76,76,True,0.8963466286659241
image_02465.jpg,jpg/image_02465.jpg,76,76,True,0.7958394885063171
image_02467.jpg,jpg/image_02467.jpg,76,76,True,0.8927997350692749
image_02469.jpg,jpg/image_02469.jpg,76,76,True,0.6584928631782532
image_02470.jpg,jpg/image_02470.jpg,76,76,True,0.492504745721817
image_02472.jpg,jpg/image_02472.jpg,76,76,True,0.560194194316864
image_02473.jpg,jpg/image_02473.jpg,76,76,True,0.9103227853775024
image_02474.jpg,jpg/image_02474.jpg,76,76,True,0.8800435066223145
image_02476.jpg,jpg/image_02476.jpg,76,76,True,0.6769526600837708
image_02478.jpg,jpg/image_02478.jpg,76,76,True,0.5449568629264832
image_02479.jpg,jpg/image_02479.jpg,76,76,True,0.9143319725990295
image_02480.jpg,jpg/image_02480.jpg,76,76,True,0.9155852794647217
image_02481.jpg,jpg/image_02481.jpg,76,76,True,0.8512011170387268
image_02482.jpg,jpg/image_02482.jpg,76,76,True,0.8765838146209717
image_02483.jpg,jpg/image_02483.jpg,76,76,True,0.8857468366622925
image_02484.jpg,jpg/image_02484.jpg,76,76,True,0.771500825881958
image_02486.jpg,jpg/image_02486.jpg,76,76,True,0.8837254047393799
image_02487.jpg,jpg/image_02487.jpg,76,76,True,0.9069375395774841
image_02488.jpg,jpg/image_02488.jpg,76,76,True,0.8790854811668396
image_02489.jpg,jpg/image_02489.jpg,76,76,True,0.8852330446243286
image_02490.jpg,jpg/image_02490.jpg,76,76,True,0.7944973111152649
image_02491.jpg,jpg/image_02491.jpg,76,76,True,0.8973425030708313
image_02493.jpg,jpg/image_02493.jpg,76,76,True,0.6948471069335938
image_02494.jpg,jpg/image_02494.jpg,76,76,True,0.81992506980896
image_02495.jpg,jpg/image_02495.jpg,76,76,True,0.8620661497116089
image_02496.jpg,jpg/image_02496.jpg,76,76,True,0.851030170917511
image_02497.jpg,jpg/image_02497.jpg,76,76,True,0.804250955581665
image_02498.jpg,jpg/image_02498.jpg,76,76,True,0.7033278346061707
image_02499.jpg,jpg/image_02499.jpg,76,76,True,0.8927335143089294
image_02501.jpg,jpg/image_02501.jpg,76,76,True,0.8771197199821472
image_02502.jpg,jpg/image_02502.jpg,76,76,True,0.8466349244117737
image_02503.jpg,jpg/image_02503.jpg,76,76,True,0.6195622682571411
image_02504.jpg,jpg/image_02504.jpg,76,76,True,0.8786339163780212
image_02505.jpg,jpg/image_02505.jpg,76,76,True,0.8709701895713806
image_02508.jpg,jpg/image_02508.jpg,76,76,True,0.8937146067619324
image_02509.jpg,jpg/image_02509.jpg,76,76,True,0.8751600980758667
image_02510.jpg,jpg/image_02510.jpg,76,75,False,0.563147246837616
image_02512.jpg,jpg/image_02512.jpg,76,76,True,0.8033013939857483
image_02513.jpg,jpg/image_02513.jpg,76,88,False,0.20218993723392487
image_02515.jpg,jpg/image_02515.jpg,76,76,True,0.9048229455947876
image_02516.jpg,jpg/image_02516.jpg,76,76,True,0.5944676399230957
image_02517.jpg,jpg/image_02517.jpg,76,76,True,0.613644003868103
image_02518.jpg,jpg/image_02518.jpg,76,76,True,0.858568012714386
image_02520.jpg,jpg/image_02520.jpg,76,76,True,0.8856181502342224
image_02522.jpg,jpg/image_02522.jpg,76,76,True,0.7889733910560608
image_02524.jpg,jpg/image_02524.jpg,76,76,True,0.8839133977890015
image_02525.jpg,jpg/image_02525.jpg,76,76,True,0.8295913338661194
image_02526.jpg,jpg/image_02526.jpg,76,76,True,0.8696376085281372
image_02527.jpg,jpg/image_02527.jpg,76,76,True,0.824738621711731
image_02528.jpg,jpg/image_02528.jpg,76,76,True,0.878009021282196
image_02529.jpg,jpg/image_02529.jpg,76,76,True,0.8561201691627502
image_02530.jpg,jpg/image_02530.jpg,76,76,True,0.45135170221328735
image_02531.jpg,jpg/image_02531.jpg,76,76,True,0.8464126586914062
image_02532.jpg,jpg/image_02532.jpg,76,76,True,0.8673241138458252
image_02533.jpg,jpg/image_02533.jpg,76,76,True,0.8797845244407654
image_02534.jpg,jpg/image_02534.jpg,76,76,True,0.8764671087265015
image_02535.jpg,jpg/image_02535.jpg,76,76,True,0.8037376403808594
image_02536.jpg,jpg/image_02536.jpg,76,76,True,0.8373496532440186
image_02537.jpg,jpg/image_02537.jpg,76,76,True,0.833992600440979
image_02538.jpg,jpg/image_02538.jpg,76,76,True,0.42705538868904114
image_02539.jpg,jpg/image_02539.jpg,76,76,True,0.7339961528778076
image_02540.jpg,jpg/image_02540.jpg,76,76,True,0.8643560409545898
image_02541.jpg,jpg/image_02541.jpg,76,76,True,0.2058609426021576
image_02542.jpg,jpg/image_02542.jpg,76,86,False,0.27558547258377075
image_02544.jpg,jpg/image_02544.jpg,76,76,True,0.8865088820457458
image_02545.jpg,jpg/image_02545.jpg,76,76,True,0.8973312377929688
image_02546.jpg,jpg/image_02546.jpg,76,76,True,0.2677474617958069
image_02547.jpg,jpg/image_02547.jpg,76,76,True,0.8069661259651184
image_02548.jpg,jpg/image_02548.jpg,76,76,True,0.41944918036460876
image_02549.jpg,jpg/image_02549.jpg,76,76,True,0.8354781866073608
image_02551.jpg,jpg/image_02551.jpg,76,76,True,0.8974019885063171
image_02552.jpg,jpg/image_02552.jpg,76,76,True,0.9067785143852234
image_00001.jpg,jpg/image_00001.jpg,77,77,True,0.9053178429603577
image_00002.jpg,jpg/image_00002.jpg,77,77,True,0.9179219603538513
image_00003.jpg,jpg/image_00003.jpg,77,77,True,0.8711512684822083
image_00004.jpg,jpg/image_00004.jpg,77,77,True,0.7649819850921631
image_00005.jpg,jpg/image_00005.jpg,77,77,True,0.9156904220581055
image_00006.jpg,jpg/image_00006.jpg,77,77,True,0.9101201295852661
image_00007.jpg,jpg/image_00007.jpg,77,77,True,0.261663019657135
image_00008.jpg,jpg/image_00008.jpg,77,77,True,0.8955786824226379
image_00009.jpg,jpg/image_00009.jpg,77,77,True,0.8175604343414307
image_00010.jpg,jpg/image_00010.jpg,77,77,True,0.897077739238739
image_00011.jpg,jpg/image_00011.jpg,77,77,True,0.8703781366348267
image_00012.jpg,jpg/image_00012.jpg,77,77,True,0.8934102058410645
image_00013.jpg,jpg/image_00013.jpg,77,77,True,0.8151769638061523
image_00014.jpg,jpg/image_00014.jpg,77,77,True,0.4165273606777191
image_00015.jpg,jpg/image_00015.jpg,77,77,True,0.8978855609893799
image_00016.jpg,jpg/image_00016.jpg,77,77,True,0.8639360070228577
image_00018.jpg,jpg/image_00018.jpg,77,77,True,0.6667156219482422
image_00019.jpg,jpg/image_00019.jpg,77,77,True,0.28806212544441223
image_00020.jpg,jpg/image_00020.jpg,77,77,True,0.3192671239376068
image_00021.jpg,jpg/image_00021.jpg,77,77,True,0.7431018948554993
image_00022.jpg,jpg/image_00022.jpg,77,77,True,0.9029560685157776
image_00024.jpg,jpg/image_00024.jpg,77,77,True,0.8992194533348083
image_00025.jpg,jpg/image_00025.jpg,77,77,True,0.7826269268989563
image_00026.jpg,jpg/image_00026.jpg,77,77,True,0.4320093095302582
image_00027.jpg,jpg/image_00027.jpg,77,77,True,0.6123968362808228
image_00029.jpg,jpg/image_00029.jpg,77,77,True,0.8814393281936646
image_00030.jpg,jpg/image_00030.jpg,77,77,True,0.8778372406959534
image_00031.jpg,jpg/image_00031.jpg,77,77,True,0.9251344203948975
image_00032.jpg,jpg/image_00032.jpg,77,77,True,0.7525249123573303
image_00033.jpg,jpg/image_00033.jpg,77,77,True,0.28375399112701416
image_00034.jpg,jpg/image_00034.jpg,77,77,True,0.9109048247337341
image_00035.jpg,jpg/image_00035.jpg,77,77,True,0.7844788432121277
image_00037.jpg,jpg/image_00037.jpg,77,77,True,0.8830697536468506
image_00039.jpg,jpg/image_00039.jpg,77,77,True,0.6014430522918701
image_00040.jpg,jpg/image_00040.jpg,77,77,True,0.4814544916152954
image_00041.jpg,jpg/image_00041.jpg,77,77,True,0.46782606840133667
image_00042.jpg,jpg/image_00042.jpg,77,77,True,0.862646222114563
image_00043.jpg,jpg/image_00043.jpg,77,77,True,0.9033512473106384
image_00044.jpg,jpg/image_00044.jpg,77,77,True,0.8718663454055786
image_00045.jpg,jpg/image_00045.jpg,77,77,True,0.7245549559593201
image_00046.jpg,jpg/image_00046.jpg,77,77,True,0.9162406325340271
image_00047.jpg,jpg/image_00047.jpg,77,77,True,0.7722402811050415
image_00048.jpg,jpg/image_00048.jpg,77,77,True,0.8039193153381348
image_00049.jpg,jpg/image_00049.jpg,77,77,True,0.9161805510520935
image_00050.jpg,jpg/image_00050.jpg,77,77,True,0.9221146702766418
image_00051.jpg,jpg/image_00051.jpg,77,77,True,0.9030956625938416
image_00052.jpg,jpg/image_00052.jpg,77,77,True,0.8859164118766785
image_00053.jpg,jpg/image_00053.jpg,77,77,True,0.9167768359184265
image_00054.jpg,jpg/image_00054.jpg,77,77,True,0.8119202852249146
image_00056.jpg,jpg/image_00056.jpg,77,77,True,0.5831677913665771
image_00057.jpg,jpg/image_00057.jpg,77,77,True,0.8919169902801514
image_00058.jpg,jpg/image_00058.jpg,77,77,True,0.7626602649688721
image_00059.jpg,jpg/image_00059.jpg,77,77,True,0.8232245445251465
image_00060.jpg,jpg/image_00060.jpg,77,77,True,0.7319543361663818
image_00061.jpg,jpg/image_00061.jpg,77,77,True,0.9230974912643433
image_00062.jpg,jpg/image_00062.jpg,77,77,True,0.9176521301269531
image_00063.jpg,jpg/image_00063.jpg,77,77,True,0.6202551126480103
image_00064.jpg,jpg/image_00064.jpg,77,77,True,0.8914878368377686
image_00065.jpg,jpg/image_00065.jpg,77,77,True,0.9186518788337708
image_00066.jpg,jpg/image_00066.jpg,77,77,True,0.8980945348739624
image_00067.jpg,jpg/image_00067.jpg,77,77,True,0.9092590808868408
image_00068.jpg,jpg/image_00068.jpg,77,77,True,0.9123595952987671
image_00069.jpg,jpg/image_00069.jpg,77,77,True,0.6320294141769409
image_00070.jpg,jpg/image_00070.jpg,77,77,True,0.9004011750221252
image_00071.jpg,jpg/image_00071.jpg,77,77,True,0.9043242931365967
image_00072.jpg,jpg/image_00072.jpg,77,77,True,0.9102721810340881
image_00073.jpg,jpg/image_00073.jpg,77,77,True,0.9219691157341003
image_00074.jpg,jpg/image_00074.jpg,77,77,True,0.21845772862434387
image_00075.jpg,jpg/image_00075.jpg,77,77,True,0.9217842221260071
image_00076.jpg,jpg/image_00076.jpg,77,77,True,0.6243962645530701
image_00077.jpg,jpg/image_00077.jpg,77,77,True,0.8535575866699219
image_00078.jpg,jpg/image_00078.jpg,77,77,True,0.6746386885643005
image_00080.jpg,jpg/image_00080.jpg,77,77,True,0.8978777527809143
image_00081.jpg,jpg/image_00081.jpg,77,77,True,0.8709018230438232
image_00084.jpg,jpg/image_00084.jpg,77,77,True,0.8402765989303589
image_00085.jpg,jpg/image_00085.jpg,77,77,True,0.8526116609573364
image_00086.jpg,jpg/image_00086.jpg,77,77,True,0.9014049768447876
image_00087.jpg,jpg/image_00087.jpg,77,77,True,0.8129571676254272
image_00088.jpg,jpg/image_00088.jpg,77,77,True,0.8215762972831726
image_00089.jpg,jpg/image_00089.jpg,77,77,True,0.6434158086776733
image_00090.jpg,jpg/image_00090.jpg,77,77,True,0.7729712724685669
image_00091.jpg,jpg/image_00091.jpg,77,77,True,0.8412830829620361
image_00092.jpg,jpg/image_00092.jpg,77,77,True,0.9062047600746155
image_00093.jpg,jpg/image_00093.jpg,77,77,True,0.906610369682312
image_00095.jpg,jpg/image_00095.jpg,77,77,True,0.8580374121665955
image_00096.jpg,jpg/image_00096.jpg,77,77,True,0.9009323120117188
image_00097.jpg,jpg/image_00097.jpg,77,77,True,0.8949053883552551
image_00098.jpg,jpg/image_00098.jpg,77,77,True,0.7291624546051025
image_00099.jpg,jpg/image_00099.jpg,77,77,True,0.8009037375450134
image_00100.jpg,jpg/image_00100.jpg,77,77,True,0.8217629790306091
image_00101.jpg,jpg/image_00101.jpg,77,77,True,0.9173941612243652
image_00102.jpg,jpg/image_00102.jpg,77,77,True,0.9077175259590149
image_00103.jpg,jpg/image_00103.jpg,77,77,True,0.8642556667327881
image_00104.jpg,jpg/image_00104.jpg,77,77,True,0.8209106922149658
image_00105.jpg,jpg/image_00105.jpg,77,77,True,0.7603892683982849
image_00106.jpg,jpg/image_00106.jpg,77,77,True,0.7308780550956726
image_00107.jpg,jpg/image_00107.jpg,77,77,True,0.7920604348182678
image_00108.jpg,jpg/image_00108.jpg,77,77,True,0.9107588529586792
image_00109.jpg,jpg/image_00109.jpg,77,77,True,0.9205759167671204
image_00110.jpg,jpg/image_00110.jpg,77,77,True,0.8924371004104614
image_00111.jpg,jpg/image_00111.jpg,77,77,True,0.8269472718238831
image_00112.jpg,jpg/image_00112.jpg,77,77,True,0.9045525789260864
image_00113.jpg,jpg/image_00113.jpg,77,38,False,0.09037967026233673
image_00114.jpg,jpg/image_00114.jpg,77,77,True,0.42875996232032776
image_00115.jpg,jpg/image_00115.jpg,77,77,True,0.8543738126754761
image_00117.jpg,jpg/image_00117.jpg,77,77,True,0.40263932943344116
image_00119.jpg,jpg/image_00119.jpg,77,77,True,0.2830658555030823
image_00120.jpg,jpg/image_00120.jpg,77,77,True,0.8861371874809265
image_00121.jpg,jpg/image_00121.jpg,77,77,True,0.6288895606994629
image_00122.jpg,jpg/image_00122.jpg,77,77,True,0.9262672662734985
image_00123.jpg,jpg/image_00123.jpg,77,77,True,0.8794971108436584
image_00124.jpg,jpg/image_00124.jpg,77,77,True,0.8527023196220398
image_00125.jpg,jpg/image_00125.jpg,77,77,True,0.7218566536903381
image_00127.jpg,jpg/image_00127.jpg,77,77,True,0.9327499270439148
image_00128.jpg,jpg/image_00128.jpg,77,77,True,0.7739377617835999
image_00129.jpg,jpg/image_00129.jpg,77,77,True,0.6613861322402954
image_00130.jpg,jpg/image_00130.jpg,77,77,True,0.6611077189445496
image_00131.jpg,jpg/image_00131.jpg,77,77,True,0.8803796172142029
image_00132.jpg,jpg/image_00132.jpg,77,77,True,0.4929111897945404
image_00133.jpg,jpg/image_00133.jpg,77,77,True,0.8024148941040039
image_00134.jpg,jpg/image_00134.jpg,77,77,True,0.48480555415153503
image_00135.jpg,jpg/image_00135.jpg,77,77,True,0.7785628437995911
image_00136.jpg,jpg/image_00136.jpg,77,77,True,0.5256785750389099
image_00137.jpg,jpg/image_00137.jpg,77,77,True,0.9152714014053345
image_00138.jpg,jpg/image_00138.jpg,77,77,True,0.8313800692558289
image_00139.jpg,jpg/image_00139.jpg,77,77,True,0.3909868896007538
image_00140.jpg,jpg/image_00140.jpg,77,77,True,0.8982292413711548
image_00141.jpg,jpg/image_00141.jpg,77,77,True,0.9018480181694031
image_00142.jpg,jpg/image_00142.jpg,77,77,True,0.8874953389167786
image_00143.jpg,jpg/image_00143.jpg,77,77,True,0.8955026865005493
image_00145.jpg,jpg/image_00145.jpg,77,77,True,0.8750704526901245
image_00146.jpg,jpg/image_00146.jpg,77,77,True,0.9087147116661072
image_00147.jpg,jpg/image_00147.jpg,77,77,True,0.9103641510009766
image_00148.jpg,jpg/image_00148.jpg,77,77,True,0.910359799861908
image_00149.jpg,jpg/image_00149.jpg,77,77,True,0.6720786094665527
image_00150.jpg,jpg/image_00150.jpg,77,77,True,0.8722397685050964
image_00151.jpg,jpg/image_00151.jpg,77,77,True,0.8821919560432434
image_00152.jpg,jpg/image_00152.jpg,77,77,True,0.7402681112289429
image_00153.jpg,jpg/image_00153.jpg,77,77,True,0.9394656419754028
image_00154.jpg,jpg/image_00154.jpg,77,77,True,0.9264233708381653
image_00155.jpg,jpg/image_00155.jpg,77,77,True,0.8859302997589111
image_00156.jpg,jpg/image_00156.jpg,77,77,True,0.916047215461731
image_00157.jpg,jpg/image_00157.jpg,77,77,True,0.7945187091827393
image_00158.jpg,jpg/image_00158.jpg,77,77,True,0.858197808265686
image_00159.jpg,jpg/image_00159.jpg,77,77,True,0.6563165187835693
image_00160.jpg,jpg/image_00160.jpg,77,77,True,0.7559415102005005
image_00161.jpg,jpg/image_00161.jpg,77,77,True,0.8458826541900635
image_00162.jpg,jpg/image_00162.jpg,77,77,True,0.8940905332565308
image_00163.jpg,jpg/image_00163.jpg,77,77,True,0.8001918196678162
image_00164.jpg,jpg/image_00164.jpg,77,77,True,0.4934307634830475
image_00165.jpg,jpg/image_00165.jpg,77,77,True,0.7947162985801697
image_00166.jpg,jpg/image_00166.jpg,77,77,True,0.8883822560310364
image_00167.jpg,jpg/image_00167.jpg,77,77,True,0.8649241924285889
image_00168.jpg,jpg/image_00168.jpg,77,77,True,0.9210186004638672
image_00170.jpg,jpg/image_00170.jpg,77,77,True,0.6271036267280579
image_00171.jpg,jpg/image_00171.jpg,77,77,True,0.7678605914115906
image_00172.jpg,jpg/image_00172.jpg,77,77,True,0.6996848583221436
image_00173.jpg,jpg/image_00173.jpg,77,77,True,0.4620034694671631
image_00174.jpg,jpg/image_00174.jpg,77,77,True,0.9085057377815247
image_00175.jpg,jpg/image_00175.jpg,77,77,True,0.922461986541748
image_00176.jpg,jpg/image_00176.jpg,77,77,True,0.8072032332420349
image_00178.jpg,jpg/image_00178.jpg,77,77,True,0.8951511383056641
image_00179.jpg,jpg/image_00179.jpg,77,77,True,0.6100074648857117
image_00180.jpg,jpg/image_00180.jpg,77,77,True,0.8393389582633972
image_00181.jpg,jpg/image_00181.jpg,77,77,True,0.8300747871398926
image_00182.jpg,jpg/image_00182.jpg,77,77,True,0.91935795545578
image_00183.jpg,jpg/image_00183.jpg,77,77,True,0.6480214595794678
image_00184.jpg,jpg/image_00184.jpg,77,77,True,0.7358312606811523
image_00185.jpg,jpg/image_00185.jpg,77,77,True,0.3835561275482178
image_00186.jpg,jpg/image_00186.jpg,77,77,True,0.6906281113624573
image_00187.jpg,jpg/image_00187.jpg,77,77,True,0.8920072913169861
image_00188.jpg,jpg/image_00188.jpg,77,77,True,0.8423183560371399
image_00189.jpg,jpg/image_00189.jpg,77,77,True,0.7596372961997986
image_00190.jpg,jpg/image_00190.jpg,77,77,True,0.7895494699478149
image_00191.jpg,jpg/image_00191.jpg,77,77,True,0.4289126396179199
image_00192.jpg,jpg/image_00192.jpg,77,77,True,0.9132489562034607
image_00193.jpg,jpg/image_00193.jpg,77,77,True,0.8019196391105652
image_00194.jpg,jpg/image_00194.jpg,77,77,True,0.780583381652832
image_00195.jpg,jpg/image_00195.jpg,77,77,True,0.881382405757904
image_00196.jpg,jpg/image_00196.jpg,77,77,True,0.9004318118095398
image_00197.jpg,jpg/image_00197.jpg,77,77,True,0.8991231918334961
image_00198.jpg,jpg/image_00198.jpg,77,77,True,0.7322922348976135
image_00199.jpg,jpg/image_00199.jpg,77,77,True,0.8620914220809937
image_00201.jpg,jpg/image_00201.jpg,77,77,True,0.7913604378700256
image_00202.jpg,jpg/image_00202.jpg,77,77,True,0.7920643091201782
image_00203.jpg,jpg/image_00203.jpg,77,77,True,0.893406867980957
image_00204.jpg,jpg/image_00204.jpg,77,77,True,0.878616452217102
image_00205.jpg,jpg/image_00205.jpg,77,77,True,0.7602986097335815
image_00206.jpg,jpg/image_00206.jpg,77,77,True,0.9064586758613586
image_00207.jpg,jpg/image_00207.jpg,77,77,True,0.4135418236255646
image_00208.jpg,jpg/image_00208.jpg,77,77,True,0.7800682187080383
image_00209.jpg,jpg/image_00209.jpg,77,77,True,0.8966317772865295
image_00210.jpg,jpg/image_00210.jpg,77,77,True,0.9099978804588318
image_00211.jpg,jpg/image_00211.jpg,77,77,True,0.9131626486778259
image_00213.jpg,jpg/image_00213.jpg,77,77,True,0.735562801361084
image_00214.jpg,jpg/image_00214.jpg,77,77,True,0.9101105332374573
image_00215.jpg,jpg/image_00215.jpg,77,77,True,0.8006786108016968
image_00217.jpg,jpg/image_00217.jpg,77,77,True,0.11553113162517548
image_00218.jpg,jpg/image_00218.jpg,77,77,True,0.858319878578186
image_00219.jpg,jpg/image_00219.jpg,77,77,True,0.9252145886421204
image_00220.jpg,jpg/image_00220.jpg,77,77,True,0.6436235308647156
image_00221.jpg,jpg/image_00221.jpg,77,77,True,0.9178341627120972
image_00223.jpg,jpg/image_00223.jpg,77,77,True,0.88642418384552
image_00224.jpg,jpg/image_00224.jpg,77,77,True,0.9046732187271118
image_00225.jpg,jpg/image_00225.jpg,77,77,True,0.7569772601127625
image_00226.jpg,jpg/image_00226.jpg,77,77,True,0.08115830272436142
image_00227.jpg,jpg/image_00227.jpg,77,77,True,0.9261302351951599
image_00228.jpg,jpg/image_00228.jpg,77,77,True,0.9114890694618225
image_00229.jpg,jpg/image_00229.jpg,77,77,True,0.7943002581596375
image_00230.jpg,jpg/image_00230.jpg,77,77,True,0.8060548305511475
image_00231.jpg,jpg/image_00231.jpg,77,77,True,0.8574024438858032
image_00232.jpg,jpg/image_00232.jpg,77,77,True,0.9049472808837891
image_00233.jpg,jpg/image_00233.jpg,77,77,True,0.7633302211761475
image_00234.jpg,jpg/image_00234.jpg,77,77,True,0.8258165121078491
image_00235.jpg,jpg/image_00235.jpg,77,77,True,0.8943915367126465
image_00236.jpg,jpg/image_00236.jpg,77,77,True,0.9308634400367737
image_00237.jpg,jpg/image_00237.jpg,77,77,True,0.08903517574071884
image_00238.jpg,jpg/image_00238.jpg,77,77,True,0.8901247978210449
image_00239.jpg,jpg/image_00239.jpg,77,77,True,0.7937442660331726
image_00240.jpg,jpg/image_00240.jpg,77,77,True,0.8876770734786987
image_00241.jpg,jpg/image_00241.jpg,77,77,True,0.9027408957481384
image_00242.jpg,jpg/image_00242.jpg,77,77,True,0.935612678527832
image_00243.jpg,jpg/image_00243.jpg,77,77,True,0.6108681559562683
image_00244.jpg,jpg/image_00244.jpg,77,38,False,0.11538784950971603
image_00245.jpg,jpg/image_00245.jpg,77,77,True,0.8565046191215515
image_00246.jpg,jpg/image_00246.jpg,77,77,True,0.9133834838867188
image_00247.jpg,jpg/image_00247.jpg,77,77,True,0.8167449831962585
image_00248.jpg,jpg/image_00248.jpg,77,77,True,0.7435846328735352
image_00249.jpg,jpg/image_00249.jpg,77,77,True,0.6469796895980835
image_00250.jpg,jpg/image_00250.jpg,77,77,True,0.3044256865978241
image_00251.jpg,jpg/image_00251.jpg,77,77,True,0.8025586605072021
image_01827.jpg,jpg/image_01827.jpg,78,78,True,0.35764819383621216
image_01828.jpg,jpg/image_01828.jpg,78,78,True,0.7897573113441467
image_01829.jpg,jpg/image_01829.jpg,78,78,True,0.18684053421020508
image_01830.jpg,jpg/image_01830.jpg,78,78,True,0.27506551146507263
image_01833.jpg,jpg/image_01833.jpg,78,78,True,0.8972497582435608
image_01834.jpg,jpg/image_01834.jpg,78,78,True,0.5792478919029236
image_01836.jpg,jpg/image_01836.jpg,78,78,True,0.19289900362491608
image_01837.jpg,jpg/image_01837.jpg,78,78,True,0.8423635363578796
image_01838.jpg,jpg/image_01838.jpg,78,78,True,0.3859243392944336
image_01839.jpg,jpg/image_01839.jpg,78,78,True,0.6328809857368469
image_01840.jpg,jpg/image_01840.jpg,78,78,True,0.34420767426490784
image_01841.jpg,jpg/image_01841.jpg,78,78,True,0.5485690236091614
image_01842.jpg,jpg/image_01842.jpg,78,78,True,0.633210301399231
image_01843.jpg,jpg/image_01843.jpg,78,78,True,0.5673094391822815
image_01844.jpg,jpg/image_01844.jpg,78,78,True,0.7888281345367432
image_01845.jpg,jpg/image_01845.jpg,78,78,True,0.9108628630638123
image_01846.jpg,jpg/image_01846.jpg,78,78,True,0.2678160071372986
image_01848.jpg,jpg/image_01848.jpg,78,78,True,0.6886522769927979
image_01849.jpg,jpg/image_01849.jpg,78,78,True,0.8742804527282715
image_01850.jpg,jpg/image_01850.jpg,78,78,True,0.1890673041343689
image_01851.jpg,jpg/image_01851.jpg,78,78,True,0.6032527089118958
image_01853.jpg,jpg/image_01853.jpg,78,78,True,0.603891909122467
image_01854.jpg,jpg/image_01854.jpg,78,78,True,0.6808099746704102
image_01856.jpg,jpg/image_01856.jpg,78,78,True,0.5256970524787903
image_01857.jpg,jpg/image_01857.jpg,78,78,True,0.9297390580177307
image_01858.jpg,jpg/image_01858.jpg,78,78,True,0.7691125273704529
image_01859.jpg,jpg/image_01859.jpg,78,78,True,0.8131456971168518
image_01860.jpg,jpg/image_01860.jpg,78,78,True,0.7442874908447266
image_01861.jpg,jpg/image_01861.jpg,78,78,True,0.8957679271697998
image_01862.jpg,jpg/image_01862.jpg,78,78,True,0.8887842297554016
image_01863.jpg,jpg/image_01863.jpg,78,78,True,0.8769011497497559
image_01865.jpg,jpg/image_01865.jpg,78,78,True,0.8484576940536499
image_01866.jpg,jpg/image_01866.jpg,78,78,True,0.5623770952224731
image_01867.jpg,jpg/image_01867.jpg,78,78,True,0.9007826447486877
image_01868.jpg,jpg/image_01868.jpg,78,78,True,0.7007078528404236
image_01869.jpg,jpg/image_01869.jpg,78,78,True,0.1033255085349083
image_01870.jpg,jpg/image_01870.jpg,78,78,True,0.36409446597099304
image_01871.jpg,jpg/image_01871.jpg,78,78,True,0.6771992444992065
image_01872.jpg,jpg/image_01872.jpg,78,78,True,0.10522399842739105
image_01873.jpg,jpg/image_01873.jpg,78,78,True,0.15843960642814636
image_01874.jpg,jpg/image_01874.jpg,78,78,True,0.8206901550292969
image_01875.jpg,jpg/image_01875.jpg,78,78,True,0.8329642415046692
image_01876.jpg,jpg/image_01876.jpg,78,78,True,0.5588030815124512
image_01877.jpg,jpg/image_01877.jpg,78,78,True,0.7745192646980286
image_01878.jpg,jpg/image_01878.jpg,78,73,False,0.11003836244344711
image_01879.jpg,jpg/image_01879.jpg,78,78,True,0.6678537726402283
image_01880.jpg,jpg/image_01880.jpg,78,78,True,0.8642733693122864
image_01881.jpg,jpg/image_01881.jpg,78,78,True,0.9222908616065979
image_01882.jpg,jpg/image_01882.jpg,78,78,True,0.5398049354553223
image_01883.jpg,jpg/image_01883.jpg,78,78,True,0.8941918015480042
image_01884.jpg,jpg/image_01884.jpg,78,78,True,0.28012198209762573
image_01885.jpg,jpg/image_01885.jpg,78,78,True,0.6877044439315796
image_01887.jpg,jpg/image_01887.jpg,78,78,True,0.8874219655990601
image_01888.jpg,jpg/image_01888.jpg,78,78,True,0.138816237449646
image_01889.jpg,jpg/image_01889.jpg,78,78,True,0.8538141846656799
image_01890.jpg,jpg/image_01890.jpg,78,78,True,0.8578487038612366
image_01891.jpg,jpg/image_01891.jpg,78,78,True,0.8110900521278381
image_01892.jpg,jpg/image_01892.jpg,78,78,True,0.8138633966445923
image_01893.jpg,jpg/image_01893.jpg,78,78,True,0.5834959149360657
image_01894.jpg,jpg/image_01894.jpg,78,78,True,0.1850077211856842
image_01895.jpg,jpg/image_01895.jpg,78,78,True,0.7559541463851929
image_01896.jpg,jpg/image_01896.jpg,78,78,True,0.7003516554832458
image_01897.jpg,jpg/image_01897.jpg,78,62,False,0.07294325530529022
image_01898.jpg,jpg/image_01898.jpg,78,78,True,0.37462183833122253
image_01899.jpg,jpg/image_01899.jpg,78,78,True,0.7733469605445862
image_01901.jpg,jpg/image_01901.jpg,78,78,True,0.7296185493469238
image_01902.jpg,jpg/image_01902.jpg,78,78,True,0.4712851643562317
image_01903.jpg,jpg/image_01903.jpg,78,78,True,0.24889329075813293
image_01905.jpg,jpg/image_01905.jpg,78,73,False,0.12981243431568146
image_01906.jpg,jpg/image_01906.jpg,78,78,True,0.8733808398246765
image_01908.jpg,jpg/image_01908.jpg,78,78,True,0.7512223124504089
image_01909.jpg,jpg/image_01909.jpg,78,78,True,0.7699534296989441
image_01910.jpg,jpg/image_01910.jpg,78,78,True,0.7987905740737915
image_01911.jpg,jpg/image_01911.jpg,78,74,False,0.06571412086486816
image_01912.jpg,jpg/image_01912.jpg,78,78,True,0.16460971534252167
image_01913.jpg,jpg/image_01913.jpg,78,78,True,0.4435579180717468
image_01914.jpg,jpg/image_01914.jpg,78,78,True,0.5102964639663696
image_01915.jpg,jpg/image_01915.jpg,78,78,True,0.8709553480148315
image_01916.jpg,jpg/image_01916.jpg,78,78,True,0.8655622005462646
image_01917.jpg,jpg/image_01917.jpg,78,78,True,0.8801301717758179
image_01919.jpg,jpg/image_01919.jpg,78,78,True,0.5082144141197205
image_01920.jpg,jpg/image_01920.jpg,78,78,True,0.7826011776924133
image_01921.jpg,jpg/image_01921.jpg,78,78,True,0.7981796860694885
image_01922.jpg,jpg/image_01922.jpg,78,78,True,0.8803058862686157
image_01924.jpg,jpg/image_01924.jpg,78,78,True,0.5639390349388123
image_01925.jpg,jpg/image_01925.jpg,78,78,True,0.7618002891540527
image_01926.jpg,jpg/image_01926.jpg,78,78,True,0.12880223989486694
image_01927.jpg,jpg/image_01927.jpg,78,78,True,0.6250525712966919
image_01928.jpg,jpg/image_01928.jpg,78,78,True,0.5742315649986267
image_01930.jpg,jpg/image_01930.jpg,78,78,True,0.7816258668899536
image_01931.jpg,jpg/image_01931.jpg,78,78,True,0.7839459180831909
image_01933.jpg,jpg/image_01933.jpg,78,78,True,0.89203280210495
image_01935.jpg,jpg/image_01935.jpg,78,78,True,0.723304033279419
image_01936.jpg,jpg/image_01936.jpg,78,78,True,0.4957546591758728
image_01938.jpg,jpg/image_01938.jpg,78,78,True,0.8045969009399414
image_01939.jpg,jpg/image_01939.jpg,78,78,True,0.1314890831708908
image_01940.jpg,jpg/image_01940.jpg,78,78,True,0.9111562371253967
image_01941.jpg,jpg/image_01941.jpg,78,78,True,0.5923200845718384
image_01943.jpg,jpg/image_01943.jpg,78,78,True,0.8467022180557251
image_01944.jpg,jpg/image_01944.jpg,78,78,True,0.45471155643463135
image_01945.jpg,jpg/image_01945.jpg,78,78,True,0.8393741846084595
image_01946.jpg,jpg/image_01946.jpg,78,78,True,0.9231733083724976
image_01947.jpg,jpg/image_01947.jpg,78,78,True,0.7832016348838806
image_01949.jpg,jpg/image_01949.jpg,78,78,True,0.8936633467674255
image_01950.jpg,jpg/image_01950.jpg,78,78,True,0.8257016539573669
image_01951.jpg,jpg/image_01951.jpg,78,78,True,0.878601610660553
image_01952.jpg,jpg/image_01952.jpg,78,78,True,0.23257020115852356
image_01953.jpg,jpg/image_01953.jpg,78,78,True,0.7699203491210938
image_01954.jpg,jpg/image_01954.jpg,78,78,True,0.4360288977622986
image_01955.jpg,jpg/image_01955.jpg,78,78,True,0.8472393751144409
image_01956.jpg,jpg/image_01956.jpg,78,78,True,0.4831782281398773
image_01957.jpg,jpg/image_01957.jpg,78,78,True,0.8751844763755798
image_01958.jpg,jpg/image_01958.jpg,78,78,True,0.8336614370346069
image_01959.jpg,jpg/image_01959.jpg,78,78,True,0.8469512462615967
image_01960.jpg,jpg/image_01960.jpg,78,78,True,0.1174561083316803
image_01961.jpg,jpg/image_01961.jpg,78,78,True,0.6886922121047974
image_01962.jpg,jpg/image_01962.jpg,78,78,True,0.8178814053535461
image_06694.jpg,jpg/image_06694.jpg,79,79,True,0.8933789730072021
image_06701.jpg,jpg/image_06701.jpg,79,79,True,0.6978471279144287
image_06702.jpg,jpg/image_06702.jpg,79,79,True,0.8768725991249084
image_06703.jpg,jpg/image_06703.jpg,79,79,True,0.9185147881507874
image_06705.jpg,jpg/image_06705.jpg,79,79,True,0.8872095346450806
image_06706.jpg,jpg/image_06706.jpg,79,79,True,0.9130304455757141
image_06707.jpg,jpg/image_06707.jpg,79,79,True,0.8922163844108582
image_06711.jpg,jpg/image_06711.jpg,79,79,True,0.8885356187820435
image_06712.jpg,jpg/image_06712.jpg,79,79,True,0.8707853555679321
image_06718.jpg,jpg/image_06718.jpg,79,79,True,0.8943024277687073
image_06720.jpg,jpg/image_06720.jpg,79,79,True,0.9298170804977417
image_06721.jpg,jpg/image_06721.jpg,79,79,True,0.9021515846252441
image_06722.jpg,jpg/image_06722.jpg,79,79,True,0.9043943881988525
image_06723.jpg,jpg/image_06723.jpg,79,79,True,0.7582831978797913
image_06725.jpg,jpg/image_06725.jpg,79,79,True,0.8757093548774719
image_06726.jpg,jpg/image_06726.jpg,79,79,True,0.8493273854255676
image_06727.jpg,jpg/image_06727.jpg,79,79,True,0.9102509617805481
image_06728.jpg,jpg/image_06728.jpg,79,79,True,0.8924195170402527
image_06729.jpg,jpg/image_06729.jpg,79,79,True,0.9064195156097412
image_06730.jpg,jpg/image_06730.jpg,79,79,True,0.8991546034812927
image_06733.jpg,jpg/image_06733.jpg,79,79,True,0.9109327793121338
image_01964.jpg,jpg/image_01964.jpg,80,80,True,0.8417506217956543
image_01965.jpg,jpg/image_01965.jpg,80,80,True,0.8155173659324646
image_01967.jpg,jpg/image_01967.jpg,80,80,True,0.8974010348320007
image_01968.jpg,jpg/image_01968.jpg,80,80,True,0.6294665932655334
image_01969.jpg,jpg/image_01969.jpg,80,80,True,0.8562871813774109
image_01970.jpg,jpg/image_01970.jpg,80,80,True,0.8640527725219727
image_01971.jpg,jpg/image_01971.jpg,80,80,True,0.8261459469795227
image_01974.jpg,jpg/image_01974.jpg,80,80,True,0.8275845646858215
image_01976.jpg,jpg/image_01976.jpg,80,80,True,0.8785019516944885
image_01977.jpg,jpg/image_01977.jpg,80,80,True,0.30225950479507446
image_01978.jpg,jpg/image_01978.jpg,80,80,True,0.9019894003868103
image_01979.jpg,jpg/image_01979.jpg,80,80,True,0.8854736089706421
image_01980.jpg,jpg/image_01980.jpg,80,80,True,0.8478395342826843
image_01981.jpg,jpg/image_01981.jpg,80,80,True,0.8229111433029175
image_01982.jpg,jpg/image_01982.jpg,80,80,True,0.8264252543449402
image_01983.jpg,jpg/image_01983.jpg,80,80,True,0.7788628339767456
image_01984.jpg,jpg/image_01984.jpg,80,80,True,0.7526894211769104
image_01985.jpg,jpg/image_01985.jpg,80,80,True,0.8994543552398682
image_01986.jpg,jpg/image_01986.jpg,80,80,True,0.7943770885467529
image_01989.jpg,jpg/image_01989.jpg,80,80,True,0.8198754191398621
image_01991.jpg,jpg/image_01991.jpg,80,80,True,0.8547080159187317
image_01992.jpg,jpg/image_01992.jpg,80,80,True,0.6123452186584473
image_01994.jpg,jpg/image_01994.jpg,80,80,True,0.3822057843208313
image_01995.jpg,jpg/image_01995.jpg,80,80,True,0.8512440919876099
image_01996.jpg,jpg/image_01996.jpg,80,80,True,0.8944144248962402
image_01998.jpg,jpg/image_01998.jpg,80,80,True,0.36882391571998596
image_01999.jpg,jpg/image_01999.jpg,80,80,True,0.9053348302841187
image_02000.jpg,jpg/image_02000.jpg,80,80,True,0.6674078702926636
image_02001.jpg,jpg/image_02001.jpg,80,80,True,0.7691632509231567
image_02002.jpg,jpg/image_02002.jpg,80,80,True,0.8141259551048279
image_02004.jpg,jpg/image_02004.jpg,80,80,True,0.893084704875946
image_02005.jpg,jpg/image_02005.jpg,80,80,True,0.4161391854286194
image_02008.jpg,jpg/image_02008.jpg,80,80,True,0.8261099457740784
image_02009.jpg,jpg/image_02009.jpg,80,80,True,0.8057974576950073
image_02010.jpg,jpg/image_02010.jpg,80,80,True,0.8408003449440002
image_02012.jpg,jpg/image_02012.jpg,80,80,True,0.8845305442810059
image_02013.jpg,jpg/image_02013.jpg,80,80,True,0.8905271291732788
image_02015.jpg,jpg/image_02015.jpg,80,80,True,0.8384061455726624
image_02016.jpg,jpg/image_02016.jpg,80,80,True,0.8472379446029663
image_02017.jpg,jpg/image_02017.jpg,80,80,True,0.6277737021446228
image_02018.jpg,jpg/image_02018.jpg,80,80,True,0.6753481030464172
image_02021.jpg,jpg/image_02021.jpg,80,80,True,0.8646997809410095
image_02022.jpg,jpg/image_02022.jpg,80,80,True,0.5111212730407715
image_02023.jpg,jpg/image_02023.jpg,80,80,True,0.8098086714744568
image_02024.jpg,jpg/image_02024.jpg,80,80,True,0.8515775203704834
image_02025.jpg,jpg/image_02025.jpg,80,80,True,0.8557944297790527
image_02026.jpg,jpg/image_02026.jpg,80,80,True,0.8836140036582947
image_02027.jpg,jpg/image_02027.jpg,80,80,True,0.895293653011322
image_02028.jpg,jpg/image_02028.jpg,80,80,True,0.6576666831970215
image_02029.jpg,jpg/image_02029.jpg,80,80,True,0.8813508152961731
image_02030.jpg,jpg/image_02030.jpg,80,80,True,0.8458353877067566
image_02031.jpg,jpg/image_02031.jpg,80,80,True,0.7403702139854431
image_02032.jpg,jpg/image_02032.jpg,80,80,True,0.6022040247917175
image_02033.jpg,jpg/image_02033.jpg,80,80,True,0.8752716779708862
image_02034.jpg,jpg/image_02034.jpg,80,80,True,0.7961535453796387
image_02035.jpg,jpg/image_02035.jpg,80,80,True,0.864314615726471
image_02036.jpg,jpg/image_02036.jpg,80,80,True,0.8276159167289734
image_02037.jpg,jpg/image_02037.jpg,80,80,True,0.8868765830993652
image_02038.jpg,jpg/image_02038.jpg,80,80,True,0.8594362139701843
image_02039.jpg,jpg/image_02039.jpg,80,80,True,0.8719485402107239
image_02040.jpg,jpg/image_02040.jpg,80,80,True,0.8714127540588379
image_02041.jpg,jpg/image_02041.jpg,80,80,True,0.7974763512611389
image_02042.jpg,jpg/image_02042.jpg,80,80,True,0.9060596227645874
image_02043.jpg,jpg/image_02043.jpg,80,80,True,0.7144546508789062
image_02044.jpg,jpg/image_02044.jpg,80,80,True,0.7860831618309021
image_02045.jpg,jpg/image_02045.jpg,80,80,True,0.7253618240356445
image_02046.jpg,jpg/image_02046.jpg,80,80,True,0.8723524212837219
image_02047.jpg,jpg/image_02047.jpg,80,80,True,0.8737367987632751
image_02048.jpg,jpg/image_02048.jpg,80,80,True,0.8136277794837952
image_02049.jpg,jpg/image_02049.jpg,80,80,True,0.8679311275482178
image_02050.jpg,jpg/image_02050.jpg,80,80,True,0.6549304127693176
image_02051.jpg,jpg/image_02051.jpg,80,80,True,0.8046509623527527
image_02052.jpg,jpg/image_02052.jpg,80,80,True,0.7112790942192078
image_02053.jpg,jpg/image_02053.jpg,80,80,True,0.7669637799263
image_02054.jpg,jpg/image_02054.jpg,80,80,True,0.7808693051338196
image_02056.jpg,jpg/image_02056.jpg,80,80,True,0.8089736700057983
image_02057.jpg,jpg/image_02057.jpg,80,80,True,0.8597027659416199
image_02059.jpg,jpg/image_02059.jpg,80,80,True,0.8561015129089355
image_02061.jpg,jpg/image_02061.jpg,80,80,True,0.8578083515167236
image_02062.jpg,jpg/image_02062.jpg,80,80,True,0.8629435896873474
image_02063.jpg,jpg/image_02063.jpg,80,80,True,0.7837225198745728
image_02064.jpg,jpg/image_02064.jpg,80,80,True,0.8447442650794983
image_02065.jpg,jpg/image_02065.jpg,80,80,True,0.8804409503936768
image_02067.jpg,jpg/image_02067.jpg,80,80,True,0.8555209636688232
image_02068.jpg,jpg/image_02068.jpg,80,80,True,0.2729356586933136
image_00781.jpg,jpg/image_00781.jpg,81,81,True,0.9157652258872986
image_00782.jpg,jpg/image_00782.jpg,81,81,True,0.9229270815849304
image_00783.jpg,jpg/image_00783.jpg,81,81,True,0.9073157906532288
image_00784.jpg,jpg/image_00784.jpg,81,81,True,0.9060091972351074
image_00785.jpg,jpg/image_00785.jpg,81,81,True,0.8382900357246399
image_00786.jpg,jpg/image_00786.jpg,81,81,True,0.7081730961799622
image_00787.jpg,jpg/image_00787.jpg,81,81,True,0.9160072207450867
image_00788.jpg,jpg/image_00788.jpg,81,81,True,0.8753123879432678
image_00789.jpg,jpg/image_00789.jpg,81,81,True,0.9042073488235474
image_00790.jpg,jpg/image_00790.jpg,81,81,True,0.9059155583381653
image_00791.jpg,jpg/image_00791.jpg,81,81,True,0.8501121997833252
image_00792.jpg,jpg/image_00792.jpg,81,81,True,0.9169071316719055
image_00793.jpg,jpg/image_00793.jpg,81,81,True,0.9030648469924927
image_00796.jpg,jpg/image_00796.jpg,81,81,True,0.8957163095474243
image_00797.jpg,jpg/image_00797.jpg,81,81,True,0.92778080701828
image_00798.jpg,jpg/image_00798.jpg,81,81,True,0.8926281929016113
image_00799.jpg,jpg/image_00799.jpg,81,81,True,0.8960133790969849
image_00800.jpg,jpg/image_00800.jpg,81,81,True,0.8552670478820801
image_00801.jpg,jpg/image_00801.jpg,81,81,True,0.9041880965232849
image_00802.jpg,jpg/image_00802.jpg,81,81,True,0.9041036367416382
image_00804.jpg,jpg/image_00804.jpg,81,81,True,0.7491101622581482
image_00805.jpg,jpg/image_00805.jpg,81,81,True,0.8657369017601013
image_00806.jpg,jpg/image_00806.jpg,81,81,True,0.9214010834693909
image_00807.jpg,jpg/image_00807.jpg,81,81,True,0.9145912528038025
image_00808.jpg,jpg/image_00808.jpg,81,81,True,0.885084867477417
image_00809.jpg,jpg/image_00809.jpg,81,81,True,0.9388664364814758
image_00810.jpg,jpg/image_00810.jpg,81,81,True,0.9045149087905884
image_00811.jpg,jpg/image_00811.jpg,81,81,True,0.7393054366111755
image_00812.jpg,jpg/image_00812.jpg,81,81,True,0.912397563457489
image_00813.jpg,jpg/image_00813.jpg,81,81,True,0.9124237895011902
image_00814.jpg,jpg/image_00814.jpg,81,81,True,0.8987690806388855
image_00815.jpg,jpg/image_00815.jpg,81,81,True,0.887252926826477
image_00816.jpg,jpg/image_00816.jpg,81,81,True,0.8451992273330688
image_00817.jpg,jpg/image_00817.jpg,81,81,True,0.829818844795227
image_00818.jpg,jpg/image_00818.jpg,81,81,True,0.8827522993087769
image_00819.jpg,jpg/image_00819.jpg,81,81,True,0.7820727825164795
image_00820.jpg,jpg/image_00820.jpg,81,81,True,0.9116732478141785
image_00821.jpg,jpg/image_00821.jpg,81,81,True,0.4328819811344147
image_00822.jpg,jpg/image_00822.jpg,81,81,True,0.8220844268798828
image_00823.jpg,jpg/image_00823.jpg,81,81,True,0.8991329073905945
image_00824.jpg,jpg/image_00824.jpg,81,81,True,0.8187880516052246
image_00826.jpg,jpg/image_00826.jpg,81,81,True,0.9163719415664673
image_00827.jpg,jpg/image_00827.jpg,81,81,True,0.921471357345581
image_00828.jpg,jpg/image_00828.jpg,81,81,True,0.9077938795089722
image_00829.jpg,jpg/image_00829.jpg,81,81,True,0.8733713626861572
image_00830.jpg,jpg/image_00830.jpg,81,81,True,0.8586465120315552
image_00831.jpg,jpg/image_00831.jpg,81,81,True,0.8442575335502625
image_00833.jpg,jpg/image_00833.jpg,81,81,True,0.8923746347427368
image_00834.jpg,jpg/image_00834.jpg,81,81,True,0.8306246399879456
image_00835.jpg,jpg/image_00835.jpg,81,81,True,0.8984802961349487
image_00836.jpg,jpg/image_00836.jpg,81,81,True,0.8514070510864258
image_00837.jpg,jpg/image_00837.jpg,81,81,True,0.8650988936424255
image_00838.jpg,jpg/image_00838.jpg,81,81,True,0.8877052068710327
image_00840.jpg,jpg/image_00840.jpg,81,81,True,0.8603746294975281
image_00841.jpg,jpg/image_00841.jpg,81,81,True,0.8078199028968811
image_00842.jpg,jpg/image_00842.jpg,81,81,True,0.9069423079490662
image_00844.jpg,jpg/image_00844.jpg,81,81,True,0.8933497071266174
image_00845.jpg,jpg/image_00845.jpg,81,81,True,0.6730250716209412
image_00846.jpg,jpg/image_00846.jpg,81,81,True,0.8710896372795105
image_00847.jpg,jpg/image_00847.jpg,81,81,True,0.8433506488800049
image_00849.jpg,jpg/image_00849.jpg,81,81,True,0.9091705083847046
image_00850.jpg,jpg/image_00850.jpg,81,81,True,0.761673629283905
image_00851.jpg,jpg/image_00851.jpg,81,81,True,0.905324399471283
image_00852.jpg,jpg/image_00852.jpg,81,81,True,0.2781335413455963
image_00853.jpg,jpg/image_00853.jpg,81,81,True,0.929974377155304
image_00854.jpg,jpg/image_00854.jpg,81,81,True,0.8846127986907959
image_00855.jpg,jpg/image_00855.jpg,81,81,True,0.9064524173736572
image_00856.jpg,jpg/image_00856.jpg,81,81,True,0.5791539549827576
image_00857.jpg,jpg/image_00857.jpg,81,81,True,0.9063073992729187
image_00858.jpg,jpg/image_00858.jpg,81,81,True,0.9063236117362976
image_00859.jpg,jpg/image_00859.jpg,81,81,True,0.892023503780365
image_00860.jpg,jpg/image_00860.jpg,81,81,True,0.8606972098350525
image_00861.jpg,jpg/image_00861.jpg,81,81,True,0.8833861351013184
image_00862.jpg,jpg/image_00862.jpg,81,81,True,0.9026057720184326
image_00863.jpg,jpg/image_00863.jpg,81,81,True,0.8975597023963928
image_00865.jpg,jpg/image_00865.jpg,81,81,True,0.9118180274963379
image_00866.jpg,jpg/image_00866.jpg,81,81,True,0.8796003460884094
image_00867.jpg,jpg/image_00867.jpg,81,81,True,0.8922322392463684
image_00868.jpg,jpg/image_00868.jpg,81,81,True,0.9214733839035034
image_00869.jpg,jpg/image_00869.jpg,81,81,True,0.8732476234436035
image_00870.jpg,jpg/image_00870.jpg,81,81,True,0.9086403846740723
image_00871.jpg,jpg/image_00871.jpg,81,81,True,0.521560788154602
image_00872.jpg,jpg/image_00872.jpg,81,81,True,0.8636254072189331
image_00873.jpg,jpg/image_00873.jpg,81,81,True,0.9209054708480835
image_00875.jpg,jpg/image_00875.jpg,81,81,True,0.8949781656265259
image_00877.jpg,jpg/image_00877.jpg,81,81,True,0.8750509023666382
image_00878.jpg,jpg/image_00878.jpg,81,81,True,0.9173645377159119
image_00879.jpg,jpg/image_00879.jpg,81,81,True,0.8869374394416809
image_00880.jpg,jpg/image_00880.jpg,81,81,True,0.8637128472328186
image_00882.jpg,jpg/image_00882.jpg,81,81,True,0.9188477993011475
image_00883.jpg,jpg/image_00883.jpg,81,81,True,0.9240355491638184
image_00884.jpg,jpg/image_00884.jpg,81,81,True,0.849698543548584
image_00885.jpg,jpg/image_00885.jpg,81,81,True,0.8870169520378113
image_00886.jpg,jpg/image_00886.jpg,81,81,True,0.8595921993255615
image_00887.jpg,jpg/image_00887.jpg,81,81,True,0.8741717338562012
image_00889.jpg,jpg/image_00889.jpg,81,81,True,0.9040395021438599
image_00890.jpg,jpg/image_00890.jpg,81,81,True,0.7425084710121155
image_00891.jpg,jpg/image_00891.jpg,81,81,True,0.49912166595458984
image_00892.jpg,jpg/image_00892.jpg,81,81,True,0.804232656955719
image_00894.jpg,jpg/image_00894.jpg,81,81,True,0.5006526112556458
image_00895.jpg,jpg/image_00895.jpg,81,81,True,0.8843424320220947
image_00896.jpg,jpg/image_00896.jpg,81,81,True,0.8089064359664917
image_00897.jpg,jpg/image_00897.jpg,81,74,False,0.31355562806129456
image_00898.jpg,jpg/image_00898.jpg,81,81,True,0.3057384490966797
image_00899.jpg,jpg/image_00899.jpg,81,81,True,0.8925309181213379
image_00900.jpg,jpg/image_00900.jpg,81,81,True,0.9185904860496521
image_00901.jpg,jpg/image_00901.jpg,81,81,True,0.9056161046028137
image_00903.jpg,jpg/image_00903.jpg,81,81,True,0.7760864496231079
image_00904.jpg,jpg/image_00904.jpg,81,81,True,0.6817327737808228
image_00905.jpg,jpg/image_00905.jpg,81,81,True,0.7408463358879089
image_00906.jpg,jpg/image_00906.jpg,81,81,True,0.9248889684677124
image_00907.jpg,jpg/image_00907.jpg,81,81,True,0.7666627764701843
image_00908.jpg,jpg/image_00908.jpg,81,81,True,0.9206409454345703
image_00909.jpg,jpg/image_00909.jpg,81,81,True,0.7199241518974304
image_00910.jpg,jpg/image_00910.jpg,81,81,True,0.8986260890960693
image_00913.jpg,jpg/image_00913.jpg,81,81,True,0.865867555141449
image_00914.jpg,jpg/image_00914.jpg,81,81,True,0.8603017330169678
image_00915.jpg,jpg/image_00915.jpg,81,81,True,0.9039353728294373
image_00916.jpg,jpg/image_00916.jpg,81,81,True,0.8999726176261902
image_00917.jpg,jpg/image_00917.jpg,81,81,True,0.9187248945236206
image_00918.jpg,jpg/image_00918.jpg,81,81,True,0.5619931817054749
image_00919.jpg,jpg/image_00919.jpg,81,81,True,0.9057477116584778
image_00920.jpg,jpg/image_00920.jpg,81,81,True,0.6706628799438477
image_00923.jpg,jpg/image_00923.jpg,81,81,True,0.8704885840415955
image_00924.jpg,jpg/image_00924.jpg,81,81,True,0.8881763219833374
image_00925.jpg,jpg/image_00925.jpg,81,81,True,0.9126669764518738
image_00926.jpg,jpg/image_00926.jpg,81,81,True,0.9081013202667236
image_00927.jpg,jpg/image_00927.jpg,81,81,True,0.9186168909072876
image_00928.jpg,jpg/image_00928.jpg,81,81,True,0.8770604729652405
image_00929.jpg,jpg/image_00929.jpg,81,81,True,0.921493649482727
image_00930.jpg,jpg/image_00930.jpg,81,81,True,0.8903964161872864
image_00931.jpg,jpg/image_00931.jpg,81,81,True,0.9352104067802429
image_00932.jpg,jpg/image_00932.jpg,81,81,True,0.9196525812149048
image_00933.jpg,jpg/image_00933.jpg,81,81,True,0.9085381627082825
image_00934.jpg,jpg/image_00934.jpg,81,81,True,0.8827170729637146
image_00935.jpg,jpg/image_00935.jpg,81,81,True,0.8251907825469971
image_00936.jpg,jpg/image_00936.jpg,81,81,True,0.8529689311981201
image_00937.jpg,jpg/image_00937.jpg,81,81,True,0.8704816699028015
image_00938.jpg,jpg/image_00938.jpg,81,81,True,0.8870128989219666
image_00939.jpg,jpg/image_00939.jpg,81,81,True,0.8362792730331421
image_00940.jpg,jpg/image_00940.jpg,81,81,True,0.8152128458023071
image_00941.jpg,jpg/image_00941.jpg,81,81,True,0.6540752053260803
image_00942.jpg,jpg/image_00942.jpg,81,81,True,0.9005667567253113
image_00943.jpg,jpg/image_00943.jpg,81,81,True,0.9205185174942017
image_00944.jpg,jpg/image_00944.jpg,81,81,True,0.8087931871414185
image_00946.jpg,jpg/image_00946.jpg,81,81,True,0.8771881461143494
image_01584.jpg,jpg/image_01584.jpg,82,82,True,0.7070890665054321
image_01585.jpg,jpg/image_01585.jpg,82,82,True,0.4328956604003906
image_01586.jpg,jpg/image_01586.jpg,82,82,True,0.8555101156234741
image_01588.jpg,jpg/image_01588.jpg,82,82,True,0.6176509857177734
image_01589.jpg,jpg/image_01589.jpg,82,82,True,0.8970208764076233
image_01590.jpg,jpg/image_01590.jpg,82,82,True,0.6056622266769409
image_01591.jpg,jpg/image_01591.jpg,82,82,True,0.0637623593211174
image_01592.jpg,jpg/image_01592.jpg,82,82,True,0.10561688244342804
image_01593.jpg,jpg/image_01593.jpg,82,82,True,0.14069224894046783
image_01594.jpg,jpg/image_01594.jpg,82,82,True,0.738640308380127
image_01595.jpg,jpg/image_01595.jpg,82,82,True,0.7331430912017822
image_01596.jpg,jpg/image_01596.jpg,82,82,True,0.765474796295166
image_01597.jpg,jpg/image_01597.jpg,82,82,True,0.7855183482170105
image_01598.jpg,jpg/image_01598.jpg,82,82,True,0.5865992307662964
image_01599.jpg,jpg/image_01599.jpg,82,82,True,0.6227519512176514
image_01600.jpg,jpg/image_01600.jpg,82,82,True,0.8205622434616089
image_01601.jpg,jpg/image_01601.jpg,82,82,True,0.411365807056427
image_01603.jpg,jpg/image_01603.jpg,82,82,True,0.21679642796516418
image_01604.jpg,jpg/image_01604.jpg,82,82,True,0.16475141048431396
image_01605.jpg,jpg/image_01605.jpg,82,82,True,0.5697393417358398
image_01606.jpg,jpg/image_01606.jpg,82,82,True,0.7990486025810242
image_01607.jpg,jpg/image_01607.jpg,82,82,True,0.9021809101104736
image_01609.jpg,jpg/image_01609.jpg,82,82,True,0.7381575703620911
image_01610.jpg,jpg/image_01610.jpg,82,82,True,0.460614949464798
image_01611.jpg,jpg/image_01611.jpg,82,82,True,0.6973780393600464
image_01612.jpg,jpg/image_01612.jpg,82,82,True,0.10372460633516312
image_01614.jpg,jpg/image_01614.jpg,82,82,True,0.4851219356060028
image_01615.jpg,jpg/image_01615.jpg,82,82,True,0.5903477072715759
image_01616.jpg,jpg/image_01616.jpg,82,82,True,0.6480706930160522
image_01617.jpg,jpg/image_01617.jpg,82,82,True,0.5396255254745483
image_01619.jpg,jpg/image_01619.jpg,82,82,True,0.6921382546424866
image_01620.jpg,jpg/image_01620.jpg,82,82,True,0.8994325399398804
image_01621.jpg,jpg/image_01621.jpg,82,82,True,0.7338860630989075
image_01622.jpg,jpg/image_01622.jpg,82,82,True,0.7787321209907532
image_01623.jpg,jpg/image_01623.jpg,82,82,True,0.8996887803077698
image_01624.jpg,jpg/image_01624.jpg,82,82,True,0.8357999324798584
image_01625.jpg,jpg/image_01625.jpg,82,82,True,0.3367534279823303
image_01626.jpg,jpg/image_01626.jpg,82,82,True,0.8931456804275513
image_01628.jpg,jpg/image_01628.jpg,82,82,True,0.31132641434669495
image_01629.jpg,jpg/image_01629.jpg,82,82,True,0.1939471811056137
image_01630.jpg,jpg/image_01630.jpg,82,82,True,0.6758903861045837
image_01631.jpg,jpg/image_01631.jpg,82,82,True,0.7724500894546509
image_01632.jpg,jpg/image_01632.jpg,82,82,True,0.8672178983688354
image_01633.jpg,jpg/image_01633.jpg,82,82,True,0.746815025806427
image_01634.jpg,jpg/image_01634.jpg,82,82,True,0.7696225047111511
image_01635.jpg,jpg/image_01635.jpg,82,82,True,0.21336637437343597
image_01636.jpg,jpg/image_01636.jpg,82,82,True,0.6683705449104309
image_01641.jpg,jpg/image_01641.jpg,82,82,True,0.3625389635562897
image_01642.jpg,jpg/image_01642.jpg,82,82,True,0.818535327911377
image_01643.jpg,jpg/image_01643.jpg,82,82,True,0.6119875907897949
image_01645.jpg,jpg/image_01645.jpg,82,82,True,0.4025336802005768
image_01646.jpg,jpg/image_01646.jpg,82,82,True,0.7493503093719482
image_01647.jpg,jpg/image_01647.jpg,82,82,True,0.7829362154006958
image_01648.jpg,jpg/image_01648.jpg,82,82,True,0.46146440505981445
image_01649.jpg,jpg/image_01649.jpg,82,82,True,0.7173080444335938
image_01650.jpg,jpg/image_01650.jpg,82,82,True,0.5741593241691589
image_01651.jpg,jpg/image_01651.jpg,82,82,True,0.5267711281776428
image_01652.jpg,jpg/image_01652.jpg,82,82,True,0.906345784664154
image_01653.jpg,jpg/image_01653.jpg,82,82,True,0.754280686378479
image_01658.jpg,jpg/image_01658.jpg,82,1,False,0.11694274097681046
image_01659.jpg,jpg/image_01659.jpg,82,82,True,0.6745081543922424
image_01660.jpg,jpg/image_01660.jpg,82,82,True,0.4399040639400482
image_01661.jpg,jpg/image_01661.jpg,82,82,True,0.4508223235607147
image_01662.jpg,jpg/image_01662.jpg,82,82,True,0.7444769740104675
image_01663.jpg,jpg/image_01663.jpg,82,82,True,0.6536966562271118
image_01664.jpg,jpg/image_01664.jpg,82,82,True,0.17222321033477783
image_01665.jpg,jpg/image_01665.jpg,82,82,True,0.8724508285522461
image_01666.jpg,jpg/image_01666.jpg,82,82,True,0.6104459762573242
image_01667.jpg,jpg/image_01667.jpg,82,82,True,0.8221647143363953
image_01668.jpg,jpg/image_01668.jpg,82,82,True,0.8084771037101746
image_01669.jpg,jpg/image_01669.jpg,82,82,True,0.5624231696128845
image_01670.jpg,jpg/image_01670.jpg,82,82,True,0.7604069709777832
image_01671.jpg,jpg/image_01671.jpg,82,82,True,0.8021760582923889
image_01672.jpg,jpg/image_01672.jpg,82,82,True,0.8080364465713501
image_01673.jpg,jpg/image_01673.jpg,82,82,True,0.7659294605255127
image_01674.jpg,jpg/image_01674.jpg,82,82,True,0.7501171231269836
image_01675.jpg,jpg/image_01675.jpg,82,82,True,0.7510248422622681
image_01676.jpg,jpg/image_01676.jpg,82,82,True,0.8908317685127258
image_01677.jpg,jpg/image_01677.jpg,82,82,True,0.8590074181556702
image_01678.jpg,jpg/image_01678.jpg,82,82,True,0.07678906619548798
image_01679.jpg,jpg/image_01679.jpg,82,82,True,0.5851809978485107
image_01680.jpg,jpg/image_01680.jpg,82,82,True,0.5255336165428162
image_01681.jpg,jpg/image_01681.jpg,82,82,True,0.4770950675010681
image_01682.jpg,jpg/image_01682.jpg,82,82,True,0.8765749335289001
image_01684.jpg,jpg/image_01684.jpg,82,82,True,0.7103642225265503
image_01685.jpg,jpg/image_01685.jpg,82,82,True,0.8224214315414429
image_01686.jpg,jpg/image_01686.jpg,82,82,True,0.6866896748542786
image_01687.jpg,jpg/image_01687.jpg,82,82,True,0.8045238852500916
image_01689.jpg,jpg/image_01689.jpg,82,82,True,0.20946936309337616
image_01692.jpg,jpg/image_01692.jpg,82,82,True,0.883902907371521
image_01693.jpg,jpg/image_01693.jpg,82,82,True,0.8140380382537842
image_01694.jpg,jpg/image_01694.jpg,82,82,True,0.8680534362792969
image_01696.jpg,jpg/image_01696.jpg,83,83,True,0.8257462978363037
image_01697.jpg,jpg/image_01697.jpg,83,83,True,0.7493029236793518
image_01698.jpg,jpg/image_01698.jpg,83,83,True,0.24603432416915894
image_01699.jpg,jpg/image_01699.jpg,83,83,True,0.28462913632392883
image_01700.jpg,jpg/image_01700.jpg,83,51,False,0.1164325699210167
image_01701.jpg,jpg/image_01701.jpg,83,83,True,0.7993422150611877
image_01702.jpg,jpg/image_01702.jpg,83,83,True,0.8049485683441162
image_01703.jpg,jpg/image_01703.jpg,83,83,True,0.7543200850486755
image_01704.jpg,jpg/image_01704.jpg,83,83,True,0.7430535554885864
image_01706.jpg,jpg/image_01706.jpg,83,83,True,0.6932858824729919
image_01707.jpg,jpg/image_01707.jpg,83,83,True,0.10921979695558548
image_01708.jpg,jpg/image_01708.jpg,83,83,True,0.39210623502731323
image_01709.jpg,jpg/image_01709.jpg,83,83,True,0.6285070180892944
image_01710.jpg,jpg/image_01710.jpg,83,83,True,0.16437365114688873
image_01711.jpg,jpg/image_01711.jpg,83,83,True,0.21062836050987244
image_01712.jpg,jpg/image_01712.jpg,83,83,True,0.7056102752685547
image_01713.jpg,jpg/image_01713.jpg,83,83,True,0.8041079044342041
image_01714.jpg,jpg/image_01714.jpg,83,83,True,0.769115686416626
image_01717.jpg,jpg/image_01717.jpg,83,83,True,0.1501230001449585
image_01718.jpg,jpg/image_01718.jpg,83,83,True,0.12902772426605225
image_01720.jpg,jpg/image_01720.jpg,83,83,True,0.4838639497756958
image_01721.jpg,jpg/image_01721.jpg,83,83,True,0.7498151063919067
image_01722.jpg,jpg/image_01722.jpg,83,83,True,0.08774057030677795
image_01723.jpg,jpg/image_01723.jpg,83,83,True,0.38175493478775024
image_01724.jpg,jpg/image_01724.jpg,83,83,True,0.3090485632419586
image_01725.jpg,jpg/image_01725.jpg,83,83,True,0.6903389692306519
image_01726.jpg,jpg/image_01726.jpg,83,83,True,0.08890785276889801
image_01727.jpg,jpg/image_01727.jpg,83,83,True,0.7269195318222046
image_01728.jpg,jpg/image_01728.jpg,83,1,False,0.13054326176643372
image_01729.jpg,jpg/image_01729.jpg,83,83,True,0.3901406526565552
image_01730.jpg,jpg/image_01730.jpg,83,86,False,0.3181951940059662
image_01731.jpg,jpg/image_01731.jpg,83,83,True,0.1729511171579361
image_01732.jpg,jpg/image_01732.jpg,83,83,True,0.6151905059814453
image_01733.jpg,jpg/image_01733.jpg,83,89,False,0.16574689745903015
image_01734.jpg,jpg/image_01734.jpg,83,83,True,0.5228754281997681
image_01735.jpg,jpg/image_01735.jpg,83,83,True,0.21757972240447998
image_01736.jpg,jpg/image_01736.jpg,83,83,True,0.1595800668001175
image_01737.jpg,jpg/image_01737.jpg,83,83,True,0.7274990081787109
image_01738.jpg,jpg/image_01738.jpg,83,83,True,0.2966354191303253
image_01739.jpg,jpg/image_01739.jpg,83,83,True,0.27524104714393616
image_01740.jpg,jpg/image_01740.jpg,83,83,True,0.8370725512504578
image_01741.jpg,jpg/image_01741.jpg,83,83,True,0.7228832840919495
image_01743.jpg,jpg/image_01743.jpg,83,83,True,0.6871001720428467
image_01744.jpg,jpg/image_01744.jpg,83,83,True,0.2088112086057663
image_01745.jpg,jpg/image_01745.jpg,83,83,True,0.6000620722770691
image_01746.jpg,jpg/image_01746.jpg,83,83,True,0.26250240206718445
image_01748.jpg,jpg/image_01748.jpg,83,83,True,0.7408979535102844
image_01749.jpg,jpg/image_01749.jpg,83,83,True,0.3803116977214813
image_01750.jpg,jpg/image_01750.jpg,83,83,True,0.7644057273864746
image_01752.jpg,jpg/image_01752.jpg,83,83,True,0.7407664060592651
image_01753.jpg,jpg/image_01753.jpg,83,83,True,0.13199003040790558
image_01754.jpg,jpg/image_01754.jpg,83,83,True,0.4889199137687683
image_01755.jpg,jpg/image_01755.jpg,83,83,True,0.8041824698448181
image_01756.jpg,jpg/image_01756.jpg,83,83,True,0.1543174833059311
image_01757.jpg,jpg/image_01757.jpg,83,83,True,0.21816353499889374
image_01758.jpg,jpg/image_01758.jpg,83,83,True,0.16872954368591309
image_01761.jpg,jpg/image_01761.jpg,83,83,True,0.8743442296981812
image_01762.jpg,jpg/image_01762.jpg,83,83,True,0.5423243045806885
image_01764.jpg,jpg/image_01764.jpg,83,83,True,0.6176508665084839
image_01765.jpg,jpg/image_01765.jpg,83,83,True,0.7646458148956299
image_01766.jpg,jpg/image_01766.jpg,83,83,True,0.7930294275283813
image_01767.jpg,jpg/image_01767.jpg,83,83,True,0.8993510603904724
image_01768.jpg,jpg/image_01768.jpg,83,83,True,0.24200120568275452
image_01769.jpg,jpg/image_01769.jpg,83,83,True,0.5248178243637085
image_01770.jpg,jpg/image_01770.jpg,83,86,False,0.26606881618499756
image_01771.jpg,jpg/image_01771.jpg,83,83,True,0.8869454860687256
image_01772.jpg,jpg/image_01772.jpg,83,83,True,0.7669639587402344
image_01773.jpg,jpg/image_01773.jpg,83,83,True,0.577349066734314
image_01774.jpg,jpg/image_01774.jpg,83,83,True,0.3833649456501007
image_01775.jpg,jpg/image_01775.jpg,83,83,True,0.9053964018821716
image_01777.jpg,jpg/image_01777.jpg,83,83,True,0.6535934805870056
image_01778.jpg,jpg/image_01778.jpg,83,83,True,0.752932071685791
image_01780.jpg,jpg/image_01780.jpg,83,83,True,0.8790144324302673
image_01782.jpg,jpg/image_01782.jpg,83,83,True,0.5821729302406311
image_01783.jpg,jpg/image_01783.jpg,83,83,True,0.537705659866333
image_01784.jpg,jpg/image_01784.jpg,83,83,True,0.8684212565422058
image_01786.jpg,jpg/image_01786.jpg,83,83,True,0.5130591988563538
image_01787.jpg,jpg/image_01787.jpg,83,83,True,0.22923672199249268
image_01788.jpg,jpg/image_01788.jpg,83,83,True,0.3095678985118866
image_01790.jpg,jpg/image_01790.jpg,83,97,False,0.2970395088195801
image_01791.jpg,jpg/image_01791.jpg,83,83,True,0.25414061546325684
image_01792.jpg,jpg/image_01792.jpg,83,83,True,0.5630433559417725
image_01793.jpg,jpg/image_01793.jpg,83,83,True,0.8059515357017517
image_01794.jpg,jpg/image_01794.jpg,83,83,True,0.11408035457134247
image_01795.jpg,jpg/image_01795.jpg,83,83,True,0.835360050201416
image_01798.jpg,jpg/image_01798.jpg,83,83,True,0.6478515267372131
image_01799.jpg,jpg/image_01799.jpg,83,83,True,0.7074751853942871
image_01800.jpg,jpg/image_01800.jpg,83,83,True,0.5194635987281799
image_01801.jpg,jpg/image_01801.jpg,83,83,True,0.8119416832923889
image_01802.jpg,jpg/image_01802.jpg,83,83,True,0.7495454549789429
image_01803.jpg,jpg/image_01803.jpg,83,83,True,0.6682103276252747
image_01804.jpg,jpg/image_01804.jpg,83,83,True,0.8315849900245667
image_01805.jpg,jpg/image_01805.jpg,83,83,True,0.8307173848152161
image_01806.jpg,jpg/image_01806.jpg,83,83,True,0.8263375163078308
image_01807.jpg,jpg/image_01807.jpg,83,83,True,0.4865589439868927
image_01808.jpg,jpg/image_01808.jpg,83,83,True,0.8751124143600464
image_01809.jpg,jpg/image_01809.jpg,83,83,True,0.3648158609867096
image_01810.jpg,jpg/image_01810.jpg,83,83,True,0.09502005577087402
image_01811.jpg,jpg/image_01811.jpg,83,83,True,0.438124418258667
image_01812.jpg,jpg/image_01812.jpg,83,83,True,0.6129258871078491
image_01813.jpg,jpg/image_01813.jpg,83,83,True,0.6172557473182678
image_01814.jpg,jpg/image_01814.jpg,83,83,True,0.7467600703239441
image_01815.jpg,jpg/image_01815.jpg,83,83,True,0.7626592516899109
image_01817.jpg,jpg/image_01817.jpg,83,83,True,0.38205787539482117
image_01818.jpg,jpg/image_01818.jpg,83,83,True,0.8299296498298645
image_01820.jpg,jpg/image_01820.jpg,83,83,True,0.5273342728614807
image_01822.jpg,jpg/image_01822.jpg,83,83,True,0.6682929992675781
image_01823.jpg,jpg/image_01823.jpg,83,83,True,0.7705557346343994
image_01824.jpg,jpg/image_01824.jpg,83,83,True,0.7297446131706238
image_01825.jpg,jpg/image_01825.jpg,83,83,True,0.7439088225364685
image_01826.jpg,jpg/image_01826.jpg,83,83,True,0.5709502100944519
image_02553.jpg,jpg/image_02553.jpg,84,84,True,0.5044127702713013
image_02555.jpg,jpg/image_02555.jpg,84,84,True,0.23907826840877533
image_02556.jpg,jpg/image_02556.jpg,84,84,True,0.6520999073982239
image_02557.jpg,jpg/image_02557.jpg,84,40,False,0.15910650789737701
image_02558.jpg,jpg/image_02558.jpg,84,84,True,0.870167076587677
image_02559.jpg,jpg/image_02559.jpg,84,84,True,0.4024406373500824
image_02561.jpg,jpg/image_02561.jpg,84,84,True,0.4695216417312622
image_02562.jpg,jpg/image_02562.jpg,84,84,True,0.5711852312088013
image_02563.jpg,jpg/image_02563.jpg,84,84,True,0.8645998239517212
image_02564.jpg,jpg/image_02564.jpg,84,84,True,0.14130578935146332
image_02567.jpg,jpg/image_02567.jpg,84,84,True,0.2622554898262024
image_02568.jpg,jpg/image_02568.jpg,84,84,True,0.5250052213668823
image_02569.jpg,jpg/image_02569.jpg,84,84,True,0.16483928263187408
image_02570.jpg,jpg/image_02570.jpg,84,84,True,0.44263556599617004
image_02572.jpg,jpg/image_02572.jpg,84,57,False,0.11382834613323212
image_02574.jpg,jpg/image_02574.jpg,84,69,False,0.20031790435314178
image_02575.jpg,jpg/image_02575.jpg,84,84,True,0.5435673594474792
image_02576.jpg,jpg/image_02576.jpg,84,84,True,0.6960951089859009
image_02579.jpg,jpg/image_02579.jpg,84,84,True,0.6734662652015686
image_02580.jpg,jpg/image_02580.jpg,84,84,True,0.37178733944892883
image_02582.jpg,jpg/image_02582.jpg,84,84,True,0.5055424571037292
image_02584.jpg,jpg/image_02584.jpg,84,84,True,0.589196503162384
image_02585.jpg,jpg/image_02585.jpg,84,84,True,0.3511088490486145
image_02586.jpg,jpg/image_02586.jpg,84,84,True,0.8151994943618774
image_02587.jpg,jpg/image_02587.jpg,84,84,True,0.5130527019500732
image_02588.jpg,jpg/image_02588.jpg,84,84,True,0.7640177011489868
image_02589.jpg,jpg/image_02589.jpg,84,84,True,0.20120669901371002
image_02590.jpg,jpg/image_02590.jpg,84,39,False,0.15101559460163116
image_02591.jpg,jpg/image_02591.jpg,84,84,True,0.6581993699073792
image_02592.jpg,jpg/image_02592.jpg,84,84,True,0.23890823125839233
image_02593.jpg,jpg/image_02593.jpg,84,84,True,0.8043678998947144
image_02594.jpg,jpg/image_02594.jpg,84,84,True,0.16349540650844574
image_02595.jpg,jpg/image_02595.jpg,84,84,True,0.6773346662521362
image_02596.jpg,jpg/image_02596.jpg,84,84,True,0.4713568687438965
image_02597.jpg,jpg/image_02597.jpg,84,84,True,0.47859442234039307
image_02599.jpg,jpg/image_02599.jpg,84,84,True,0.21666881442070007
image_02602.jpg,jpg/image_02602.jpg,84,84,True,0.28537195920944214
image_02604.jpg,jpg/image_02604.jpg,84,84,True,0.34773099422454834
image_02605.jpg,jpg/image_02605.jpg,84,84,True,0.6802060008049011
image_02606.jpg,jpg/image_02606.jpg,84,84,True,0.6047431230545044
image_02607.jpg,jpg/image_02607.jpg,84,84,True,0.696647584438324
image_02610.jpg,jpg/image_02610.jpg,84,84,True,0.8658909797668457
image_02611.jpg,jpg/image_02611.jpg,84,48,False,0.12354190647602081
image_02612.jpg,jpg/image_02612.jpg,84,84,True,0.8427924513816833
image_02613.jpg,jpg/image_02613.jpg,84,84,True,0.20302778482437134
image_02615.jpg,jpg/image_02615.jpg,84,69,False,0.10016663372516632
image_02616.jpg,jpg/image_02616.jpg,84,84,True,0.13865792751312256
image_02617.jpg,jpg/image_02617.jpg,84,40,False,0.26296114921569824
image_02618.jpg,jpg/image_02618.jpg,84,84,True,0.36758336424827576
image_02619.jpg,jpg/image_02619.jpg,84,84,True,0.3520101308822632
image_02620.jpg,jpg/image_02620.jpg,84,84,True,0.7941275835037231
image_02621.jpg,jpg/image_02621.jpg,84,84,True,0.5279862284660339
image_02622.jpg,jpg/image_02622.jpg,84,84,True,0.5466718673706055
image_02623.jpg,jpg/image_02623.jpg,84,84,True,0.1765042096376419
image_02624.jpg,jpg/image_02624.jpg,84,84,True,0.4150310158729553
image_02625.jpg,jpg/image_02625.jpg,84,84,True,0.898578941822052
image_02626.jpg,jpg/image_02626.jpg,84,84,True,0.28705164790153503
image_02627.jpg,jpg/image_02627.jpg,84,84,True,0.4594152271747589
image_02628.jpg,jpg/image_02628.jpg,84,84,True,0.15696397423744202
image_02629.jpg,jpg/image_02629.jpg,84,39,False,0.16685165464878082
image_02631.jpg,jpg/image_02631.jpg,84,84,True,0.16366450488567352
image_02633.jpg,jpg/image_02633.jpg,84,84,True,0.821537435054779
image_02635.jpg,jpg/image_02635.jpg,84,84,True,0.17153584957122803
image_02636.jpg,jpg/image_02636.jpg,84,84,True,0.778438150882721
image_02637.jpg,jpg/image_02637.jpg,84,84,True,0.8728173971176147
image_02638.jpg,jpg/image_02638.jpg,84,84,True,0.35909542441368103
image_04768.jpg,jpg/image_04768.jpg,85,85,True,0.7224893569946289
image_04769.jpg,jpg/image_04769.jpg,85,85,True,0.6174389123916626
image_04773.jpg,jpg/image_04773.jpg,85,85,True,0.9258525967597961
image_04775.jpg,jpg/image_04775.jpg,85,85,True,0.7532258629798889
image_04780.jpg,jpg/image_04780.jpg,85,72,False,0.10787699371576309
image_04781.jpg,jpg/image_04781.jpg,85,85,True,0.8481690287590027
image_04783.jpg,jpg/image_04783.jpg,85,85,True,0.8503277897834778
image_04785.jpg,jpg/image_04785.jpg,85,85,True,0.8572744727134705
image_04786.jpg,jpg/image_04786.jpg,85,85,True,0.3824150264263153
image_04787.jpg,jpg/image_04787.jpg,85,85,True,0.905335009098053
image_04788.jpg,jpg/image_04788.jpg,85,85,True,0.7046119570732117
image_04790.jpg,jpg/image_04790.jpg,85,85,True,0.888584315776825
image_04791.jpg,jpg/image_04791.jpg,85,68,False,0.1555158644914627
image_04792.jpg,jpg/image_04792.jpg,85,85,True,0.8708159923553467
image_04793.jpg,jpg/image_04793.jpg,85,85,True,0.8553395867347717
image_04794.jpg,jpg/image_04794.jpg,85,85,True,0.4579731523990631
image_04795.jpg,jpg/image_04795.jpg,85,85,True,0.8495468497276306
image_04796.jpg,jpg/image_04796.jpg,85,85,True,0.8653994798660278
image_04798.jpg,jpg/image_04798.jpg,85,85,True,0.8756210207939148
image_04800.jpg,jpg/image_04800.jpg,85,85,True,0.4475036561489105
image_04801.jpg,jpg/image_04801.jpg,85,85,True,0.8617197275161743
image_04802.jpg,jpg/image_04802.jpg,85,85,True,0.8599289059638977
image_04803.jpg,jpg/image_04803.jpg,85,85,True,0.8534495234489441
image_04804.jpg,jpg/image_04804.jpg,85,85,True,0.736212968826294
image_04805.jpg,jpg/image_04805.jpg,85,85,True,0.7696759104728699
image_04808.jpg,jpg/image_04808.jpg,85,85,True,0.7676163911819458
image_04809.jpg,jpg/image_04809.jpg,85,85,True,0.8430367708206177
image_04810.jpg,jpg/image_04810.jpg,85,85,True,0.884473443031311
image_04811.jpg,jpg/image_04811.jpg,85,85,True,0.7334378361701965
image_04812.jpg,jpg/image_04812.jpg,85,85,True,0.7577611804008484
image_04813.jpg,jpg/image_04813.jpg,85,85,True,0.5455487370491028
image_04815.jpg,jpg/image_04815.jpg,85,85,True,0.845434308052063
image_04817.jpg,jpg/image_04817.jpg,85,85,True,0.5046376585960388
image_04818.jpg,jpg/image_04818.jpg,85,85,True,0.8695791363716125
image_04819.jpg,jpg/image_04819.jpg,85,85,True,0.8947234153747559
image_04820.jpg,jpg/image_04820.jpg,85,85,True,0.9063093662261963
image_04821.jpg,jpg/image_04821.jpg,85,85,True,0.7998045682907104
image_04822.jpg,jpg/image_04822.jpg,85,85,True,0.7165620923042297
image_04823.jpg,jpg/image_04823.jpg,85,85,True,0.9061986804008484
image_04824.jpg,jpg/image_04824.jpg,85,85,True,0.9215031266212463
image_04826.jpg,jpg/image_04826.jpg,85,85,True,0.4882872998714447
image_04828.jpg,jpg/image_04828.jpg,85,85,True,0.8728358745574951
image_07301.jpg,jpg/image_07301.jpg,85,85,True,0.8792304992675781
image_02862.jpg,jpg/image_02862.jpg,86,86,True,0.9118185043334961
image_02864.jpg,jpg/image_02864.jpg,86,86,True,0.9099823832511902
image_02865.jpg,jpg/image_02865.jpg,86,86,True,0.8907338380813599
image_02868.jpg,jpg/image_02868.jpg,86,86,True,0.9139448404312134
image_02869.jpg,jpg/image_02869.jpg,86,86,True,0.9254652857780457
image_02870.jpg,jpg/image_02870.jpg,86,86,True,0.8930866122245789
image_02871.jpg,jpg/image_02871.jpg,86,86,True,0.8918266296386719
image_02872.jpg,jpg/image_02872.jpg,86,86,True,0.8814054727554321
image_02874.jpg,jpg/image_02874.jpg,86,86,True,0.9138518571853638
image_02875.jpg,jpg/image_02875.jpg,86,86,True,0.8832827806472778
image_02878.jpg,jpg/image_02878.jpg,86,86,True,0.8863056302070618
image_02881.jpg,jpg/image_02881.jpg,86,86,True,0.9136084318161011
image_02882.jpg,jpg/image_02882.jpg,86,86,True,0.8701790571212769
image_02883.jpg,jpg/image_02883.jpg,86,86,True,0.919808566570282
image_02885.jpg,jpg/image_02885.jpg,86,86,True,0.8880423903465271
image_02886.jpg,jpg/image_02886.jpg,86,86,True,0.7399470210075378
image_02887.jpg,jpg/image_02887.jpg,86,86,True,0.9127309322357178
image_02889.jpg,jpg/image_02889.jpg,86,86,True,0.9007472991943359
image_02890.jpg,jpg/image_02890.jpg,86,86,True,0.9142578840255737
image_02891.jpg,jpg/image_02891.jpg,86,86,True,0.7201796770095825
image_02893.jpg,jpg/image_02893.jpg,86,86,True,0.9208449125289917
image_02895.jpg,jpg/image_02895.jpg,86,86,True,0.7892177700996399
image_02896.jpg,jpg/image_02896.jpg,86,86,True,0.9026787281036377
image_02897.jpg,jpg/image_02897.jpg,86,86,True,0.057350367307662964
image_02898.jpg,jpg/image_02898.jpg,86,86,True,0.8439621925354004
image_02899.jpg,jpg/image_02899.jpg,86,86,True,0.8732764720916748
image_02900.jpg,jpg/image_02900.jpg,86,86,True,0.9151151776313782
image_02902.jpg,jpg/image_02902.jpg,86,86,True,0.7220589518547058
image_02903.jpg,jpg/image_02903.jpg,86,86,True,0.9083383083343506
image_02904.jpg,jpg/image_02904.jpg,86,86,True,0.8847044110298157
image_02905.jpg,jpg/image_02905.jpg,86,86,True,0.818706750869751
image_02907.jpg,jpg/image_02907.jpg,86,86,True,0.31141459941864014
image_02908.jpg,jpg/image_02908.jpg,86,86,True,0.8794381022453308
image_02913.jpg,jpg/image_02913.jpg,86,86,True,0.6752863526344299
image_02914.jpg,jpg/image_02914.jpg,86,86,True,0.916983962059021
image_02917.jpg,jpg/image_02917.jpg,86,86,True,0.9174653887748718
image_02918.jpg,jpg/image_02918.jpg,86,86,True,0.8951188325881958
image_02919.jpg,jpg/image_02919.jpg,86,86,True,0.9138778448104858
image_05460.jpg,jpg/image_05460.jpg,87,87,True,0.8834974765777588
image_05462.jpg,jpg/image_05462.jpg,87,87,True,0.4548085033893585
image_05464.jpg,jpg/image_05464.jpg,87,87,True,0.3483773171901703
image_05467.jpg,jpg/image_05467.jpg,87,87,True,0.24581532180309296
image_05468.jpg,jpg/image_05468.jpg,87,87,True,0.4612943232059479
image_05469.jpg,jpg/image_05469.jpg,87,87,True,0.8194965124130249
image_05470.jpg,jpg/image_05470.jpg,87,87,True,0.7327263951301575
image_05471.jpg,jpg/image_05471.jpg,87,87,True,0.5359696745872498
image_05473.jpg,jpg/image_05473.jpg,87,87,True,0.7001402974128723
image_05474.jpg,jpg/image_05474.jpg,87,87,True,0.705737829208374
image_05476.jpg,jpg/image_05476.jpg,87,87,True,0.8153751492500305
image_05477.jpg,jpg/image_05477.jpg,87,87,True,0.667223334312439
image_05480.jpg,jpg/image_05480.jpg,87,78,False,0.2379283905029297
image_05481.jpg,jpg/image_05481.jpg,87,87,True,0.6739413738250732
image_05482.jpg,jpg/image_05482.jpg,87,87,True,0.12783312797546387
image_05483.jpg,jpg/image_05483.jpg,87,87,True,0.13417410850524902
image_05486.jpg,jpg/image_05486.jpg,87,87,True,0.8852313160896301
image_05487.jpg,jpg/image_05487.jpg,87,87,True,0.6975768804550171
image_05488.jpg,jpg/image_05488.jpg,87,87,True,0.5099908113479614
image_05489.jpg,jpg/image_05489.jpg,87,87,True,0.7936776876449585
image_05490.jpg,jpg/image_05490.jpg,87,87,True,0.6129679679870605
image_05492.jpg,jpg/image_05492.jpg,87,87,True,0.8845505714416504
image_05493.jpg,jpg/image_05493.jpg,87,87,True,0.8101862072944641
image_05494.jpg,jpg/image_05494.jpg,87,87,True,0.8720914125442505
image_05495.jpg,jpg/image_05495.jpg,87,87,True,0.5115472674369812
image_05496.jpg,jpg/image_05496.jpg,87,87,True,0.8307769894599915
image_05497.jpg,jpg/image_05497.jpg,87,87,True,0.5931508541107178
image_05499.jpg,jpg/image_05499.jpg,87,87,True,0.5470544695854187
image_05501.jpg,jpg/image_05501.jpg,87,87,True,0.8496202230453491
image_05502.jpg,jpg/image_05502.jpg,87,87,True,0.6125353574752808
image_05503.jpg,jpg/image_05503.jpg,87,87,True,0.5185385942459106
image_05504.jpg,jpg/image_05504.jpg,87,87,True,0.756187379360199
image_05505.jpg,jpg/image_05505.jpg,87,87,True,0.6484993100166321
image_05509.jpg,jpg/image_05509.jpg,87,87,True,0.25884929299354553
image_05512.jpg,jpg/image_05512.jpg,87,87,True,0.8172246217727661
image_05513.jpg,jpg/image_05513.jpg,87,87,True,0.5677210688591003
image_05514.jpg,jpg/image_05514.jpg,87,87,True,0.7643190026283264
image_05515.jpg,jpg/image_05515.jpg,87,87,True,0.41680702567100525
image_05518.jpg,jpg/image_05518.jpg,87,87,True,0.6494678854942322
image_05519.jpg,jpg/image_05519.jpg,87,87,True,0.5435101985931396
image_05520.jpg,jpg/image_05520.jpg,87,87,True,0.6526136994361877
image_05521.jpg,jpg/image_05521.jpg,87,87,True,0.3200239837169647
image_05522.jpg,jpg/image_05522.jpg,87,87,True,0.7123083472251892
image_00446.jpg,jpg/image_00446.jpg,88,88,True,0.5069751739501953
image_00447.jpg,jpg/image_00447.jpg,88,88,True,0.8335811495780945
image_00448.jpg,jpg/image_00448.jpg,88,88,True,0.9249061942100525
image_00449.jpg,jpg/image_00449.jpg,88,88,True,0.9097455143928528
image_00450.jpg,jpg/image_00450.jpg,88,88,True,0.836041271686554
image_00451.jpg,jpg/image_00451.jpg,88,88,True,0.9026439785957336
image_00452.jpg,jpg/image_00452.jpg,88,88,True,0.9151631593704224
image_00453.jpg,jpg/image_00453.jpg,88,88,True,0.8284630179405212
image_00454.jpg,jpg/image_00454.jpg,88,88,True,0.8587750792503357
image_00455.jpg,jpg/image_00455.jpg,88,88,True,0.9083269238471985
image_00456.jpg,jpg/image_00456.jpg,88,88,True,0.4691399037837982
image_00457.jpg,jpg/image_00457.jpg,88,88,True,0.31523504853248596
image_00458.jpg,jpg/image_00458.jpg,88,88,True,0.9344170689582825
image_00459.jpg,jpg/image_00459.jpg,88,88,True,0.8277029395103455
image_00460.jpg,jpg/image_00460.jpg,88,88,True,0.9242427349090576
image_00461.jpg,jpg/image_00461.jpg,88,78,False,0.17491227388381958
image_00462.jpg,jpg/image_00462.jpg,88,88,True,0.9218144416809082
image_00463.jpg,jpg/image_00463.jpg,88,88,True,0.8556260466575623
image_00464.jpg,jpg/image_00464.jpg,88,88,True,0.9029841423034668
image_00465.jpg,jpg/image_00465.jpg,88,88,True,0.7598868012428284
image_00466.jpg,jpg/image_00466.jpg,88,88,True,0.8719269633293152
image_00467.jpg,jpg/image_00467.jpg,88,88,True,0.7210622429847717
image_00469.jpg,jpg/image_00469.jpg,88,88,True,0.791528046131134
image_00470.jpg,jpg/image_00470.jpg,88,78,False,0.2671341300010681
image_00471.jpg,jpg/image_00471.jpg,88,88,True,0.9091655611991882
image_00472.jpg,jpg/image_00472.jpg,88,88,True,0.8967490792274475
image_00473.jpg,jpg/image_00473.jpg,88,88,True,0.6098410487174988
image_00474.jpg,jpg/image_00474.jpg,88,88,True,0.8499533534049988
image_00475.jpg,jpg/image_00475.jpg,88,88,True,0.8519392609596252
image_00476.jpg,jpg/image_00476.jpg,88,88,True,0.31265607476234436
image_00477.jpg,jpg/image_00477.jpg,88,88,True,0.44625088572502136
image_00478.jpg,jpg/image_00478.jpg,88,88,True,0.9338573217391968
image_00480.jpg,jpg/image_00480.jpg,88,88,True,0.1261756718158722
image_00481.jpg,jpg/image_00481.jpg,88,88,True,0.6975637674331665
image_00482.jpg,jpg/image_00482.jpg,88,88,True,0.8167385458946228
image_00483.jpg,jpg/image_00483.jpg,88,88,True,0.23884126543998718
image_00484.jpg,jpg/image_00484.jpg,88,88,True,0.9155392050743103
image_00486.jpg,jpg/image_00486.jpg,88,88,True,0.8197927474975586
image_00488.jpg,jpg/image_00488.jpg,88,88,True,0.7609103322029114
image_00489.jpg,jpg/image_00489.jpg,88,88,True,0.3861786425113678
image_00490.jpg,jpg/image_00490.jpg,88,88,True,0.9054849147796631
image_00491.jpg,jpg/image_00491.jpg,88,88,True,0.5331982970237732
image_00492.jpg,jpg/image_00492.jpg,88,88,True,0.8890940546989441
image_00493.jpg,jpg/image_00493.jpg,88,88,True,0.289788156747818
image_00494.jpg,jpg/image_00494.jpg,88,88,True,0.8532443046569824
image_00496.jpg,jpg/image_00496.jpg,88,88,True,0.8767110705375671
image_00497.jpg,jpg/image_00497.jpg,88,88,True,0.8507409691810608
image_00499.jpg,jpg/image_00499.jpg,88,88,True,0.9224982857704163
image_00500.jpg,jpg/image_00500.jpg,88,88,True,0.7410935163497925
image_00502.jpg,jpg/image_00502.jpg,88,88,True,0.9204390645027161
image_00503.jpg,jpg/image_00503.jpg,88,88,True,0.5062609314918518
image_00504.jpg,jpg/image_00504.jpg,88,88,True,0.8883090615272522
image_00505.jpg,jpg/image_00505.jpg,88,88,True,0.5737087726593018
image_00506.jpg,jpg/image_00506.jpg,88,88,True,0.9424718022346497
image_00507.jpg,jpg/image_00507.jpg,88,88,True,0.6992181539535522
image_00508.jpg,jpg/image_00508.jpg,88,88,True,0.6665054559707642
image_00509.jpg,jpg/image_00509.jpg,88,88,True,0.3018765449523926
image_00510.jpg,jpg/image_00510.jpg,88,88,True,0.7216125726699829
image_00511.jpg,jpg/image_00511.jpg,88,88,True,0.10083520412445068
image_00512.jpg,jpg/image_00512.jpg,88,39,False,0.1008472591638565
image_00513.jpg,jpg/image_00513.jpg,88,32,False,0.13242873549461365
image_00515.jpg,jpg/image_00515.jpg,88,88,True,0.37637028098106384
image_00517.jpg,jpg/image_00517.jpg,88,88,True,0.8470264077186584
image_00518.jpg,jpg/image_00518.jpg,88,88,True,0.9240972995758057
image_00519.jpg,jpg/image_00519.jpg,88,88,True,0.4040924906730652
image_00520.jpg,jpg/image_00520.jpg,88,88,True,0.8790831565856934
image_00521.jpg,jpg/image_00521.jpg,88,88,True,0.8259983658790588
image_00522.jpg,jpg/image_00522.jpg,88,88,True,0.9312577843666077
image_00523.jpg,jpg/image_00523.jpg,88,88,True,0.5419926047325134
image_00525.jpg,jpg/image_00525.jpg,88,88,True,0.9135006666183472
image_00526.jpg,jpg/image_00526.jpg,88,88,True,0.33480942249298096
image_00527.jpg,jpg/image_00527.jpg,88,88,True,0.8079284429550171
image_00528.jpg,jpg/image_00528.jpg,88,88,True,0.7251312732696533
image_00529.jpg,jpg/image_00529.jpg,88,88,True,0.7440794110298157
image_00530.jpg,jpg/image_00530.jpg,88,88,True,0.2530902922153473
image_00531.jpg,jpg/image_00531.jpg,88,88,True,0.8792558312416077
image_00532.jpg,jpg/image_00532.jpg,88,88,True,0.8109132647514343
image_00533.jpg,jpg/image_00533.jpg,88,88,True,0.8934892416000366
image_00536.jpg,jpg/image_00536.jpg,88,88,True,0.8493165373802185
image_00537.jpg,jpg/image_00537.jpg,88,88,True,0.8067204356193542
image_00538.jpg,jpg/image_00538.jpg,88,88,True,0.6373152732849121
image_00539.jpg,jpg/image_00539.jpg,88,88,True,0.9320313334465027
image_00540.jpg,jpg/image_00540.jpg,88,88,True,0.9242047071456909
image_00541.jpg,jpg/image_00541.jpg,88,88,True,0.9125800132751465
image_00542.jpg,jpg/image_00542.jpg,88,88,True,0.9047425389289856
image_00544.jpg,jpg/image_00544.jpg,88,88,True,0.9108842611312866
image_00545.jpg,jpg/image_00545.jpg,88,4,False,0.7611046433448792
image_00546.jpg,jpg/image_00546.jpg,88,88,True,0.7637578248977661
image_00547.jpg,jpg/image_00547.jpg,88,88,True,0.1414775252342224
image_00548.jpg,jpg/image_00548.jpg,88,88,True,0.9246764183044434
image_00550.jpg,jpg/image_00550.jpg,88,88,True,0.7995750904083252
image_00551.jpg,jpg/image_00551.jpg,88,88,True,0.7280840873718262
image_00552.jpg,jpg/image_00552.jpg,88,88,True,0.8883978724479675
image_00553.jpg,jpg/image_00553.jpg,88,88,True,0.8657486438751221
image_00554.jpg,jpg/image_00554.jpg,88,88,True,0.7999200224876404
image_00555.jpg,jpg/image_00555.jpg,88,88,True,0.873988687992096
image_00556.jpg,jpg/image_00556.jpg,88,20,False,0.14466990530490875
image_00557.jpg,jpg/image_00557.jpg,88,88,True,0.9273034930229187
image_00558.jpg,jpg/image_00558.jpg,88,88,True,0.7768666744232178
image_00559.jpg,jpg/image_00559.jpg,88,88,True,0.9213647842407227
image_00560.jpg,jpg/image_00560.jpg,88,88,True,0.734080970287323
image_00561.jpg,jpg/image_00561.jpg,88,88,True,0.90339595079422
image_00562.jpg,jpg/image_00562.jpg,88,88,True,0.916070818901062
image_00563.jpg,jpg/image_00563.jpg,88,88,True,0.8850105404853821
image_00565.jpg,jpg/image_00565.jpg,88,88,True,0.9233261346817017
image_00566.jpg,jpg/image_00566.jpg,88,88,True,0.8853914141654968
image_00567.jpg,jpg/image_00567.jpg,88,4,False,0.07721133530139923
image_00568.jpg,jpg/image_00568.jpg,88,88,True,0.28382670879364014
image_00569.jpg,jpg/image_00569.jpg,88,88,True,0.4167313575744629
image_00571.jpg,jpg/image_00571.jpg,88,78,False,0.36924558877944946
image_00572.jpg,jpg/image_00572.jpg,88,88,True,0.21856461465358734
image_00573.jpg,jpg/image_00573.jpg,88,88,True,0.7590305209159851
image_00574.jpg,jpg/image_00574.jpg,88,88,True,0.6787367463111877
image_00575.jpg,jpg/image_00575.jpg,88,88,True,0.25763967633247375
image_00577.jpg,jpg/image_00577.jpg,88,88,True,0.2838031053543091
image_00579.jpg,jpg/image_00579.jpg,88,88,True,0.805665135383606
image_00580.jpg,jpg/image_00580.jpg,88,88,True,0.4397948384284973
image_00581.jpg,jpg/image_00581.jpg,88,88,True,0.9272183179855347
image_00582.jpg,jpg/image_00582.jpg,88,88,True,0.8676793575286865
image_00583.jpg,jpg/image_00583.jpg,88,88,True,0.7861415147781372
image_00584.jpg,jpg/image_00584.jpg,88,88,True,0.8825750946998596
image_00585.jpg,jpg/image_00585.jpg,88,88,True,0.9151662588119507
image_00586.jpg,jpg/image_00586.jpg,88,88,True,0.4253011643886566
image_00588.jpg,jpg/image_00588.jpg,88,88,True,0.6387012004852295
image_00589.jpg,jpg/image_00589.jpg,88,88,True,0.8961800932884216
image_00591.jpg,jpg/image_00591.jpg,88,88,True,0.8737889528274536
image_00592.jpg,jpg/image_00592.jpg,88,88,True,0.8286445140838623
image_00593.jpg,jpg/image_00593.jpg,88,88,True,0.8482688665390015
image_00594.jpg,jpg/image_00594.jpg,88,88,True,0.8945524096488953
image_00595.jpg,jpg/image_00595.jpg,88,88,True,0.8914468884468079
image_00596.jpg,jpg/image_00596.jpg,88,88,True,0.8069300651550293
image_00597.jpg,jpg/image_00597.jpg,88,88,True,0.6705111265182495
image_08082.jpg,jpg/image_08082.jpg,88,88,True,0.3898489773273468
image_08083.jpg,jpg/image_08083.jpg,88,88,True,0.758080005645752
image_00598.jpg,jpg/image_00598.jpg,89,89,True,0.6048257946968079
image_00599.jpg,jpg/image_00599.jpg,89,89,True,0.39284372329711914
image_00600.jpg,jpg/image_00600.jpg,89,89,True,0.8935402631759644
image_00601.jpg,jpg/image_00601.jpg,89,89,True,0.9255630970001221
image_00602.jpg,jpg/image_00602.jpg,89,89,True,0.5314438939094543
image_00603.jpg,jpg/image_00603.jpg,89,89,True,0.3359420895576477
image_00604.jpg,jpg/image_00604.jpg,89,97,False,0.3606710433959961
image_00605.jpg,jpg/image_00605.jpg,89,89,True,0.8867986798286438
image_00606.jpg,jpg/image_00606.jpg,89,89,True,0.7536295652389526
image_00608.jpg,jpg/image_00608.jpg,89,89,True,0.7978907227516174
image_00609.jpg,jpg/image_00609.jpg,89,89,True,0.6987003087997437
image_00610.jpg,jpg/image_00610.jpg,89,89,True,0.8697966933250427
image_00611.jpg,jpg/image_00611.jpg,89,89,True,0.7075830698013306
image_00612.jpg,jpg/image_00612.jpg,89,89,True,0.7254523038864136
image_00613.jpg,jpg/image_00613.jpg,89,89,True,0.6592876315116882
image_00614.jpg,jpg/image_00614.jpg,89,89,True,0.9036171436309814
image_00615.jpg,jpg/image_00615.jpg,89,89,True,0.870381236076355
image_00616.jpg,jpg/image_00616.jpg,89,89,True,0.7633724808692932
image_00617.jpg,jpg/image_00617.jpg,89,89,True,0.19455066323280334
image_00618.jpg,jpg/image_00618.jpg,89,89,True,0.8766488432884216
image_00619.jpg,jpg/image_00619.jpg,89,89,True,0.4651026427745819
image_00620.jpg,jpg/image_00620.jpg,89,97,False,0.1898549497127533
image_00621.jpg,jpg/image_00621.jpg,89,89,True,0.523013174533844
image_00622.jpg,jpg/image_00622.jpg,89,89,True,0.5932521224021912
image_00623.jpg,jpg/image_00623.jpg,89,89,True,0.8278647065162659
image_00624.jpg,jpg/image_00624.jpg,89,89,True,0.7048896551132202
image_00625.jpg,jpg/image_00625.jpg,89,89,True,0.9057626128196716
image_00626.jpg,jpg/image_00626.jpg,89,89,True,0.9032138586044312
image_00627.jpg,jpg/image_00627.jpg,89,89,True,0.7050951719284058
image_00629.jpg,jpg/image_00629.jpg,89,89,True,0.2841208875179291
image_00630.jpg,jpg/image_00630.jpg,89,89,True,0.760045051574707
image_00631.jpg,jpg/image_00631.jpg,89,89,True,0.8593260645866394
image_00632.jpg,jpg/image_00632.jpg,89,89,True,0.8814309239387512
image_00633.jpg,jpg/image_00633.jpg,89,89,True,0.8779246807098389
image_00634.jpg,jpg/image_00634.jpg,89,89,True,0.6218375563621521
image_00635.jpg,jpg/image_00635.jpg,89,89,True,0.24350078403949738
image_00636.jpg,jpg/image_00636.jpg,89,89,True,0.92747563123703
image_00637.jpg,jpg/image_00637.jpg,89,89,True,0.8545476198196411
image_00638.jpg,jpg/image_00638.jpg,89,89,True,0.7602198123931885
image_00639.jpg,jpg/image_00639.jpg,89,89,True,0.6584815382957458
image_00641.jpg,jpg/image_00641.jpg,89,89,True,0.8043238520622253
image_00642.jpg,jpg/image_00642.jpg,89,89,True,0.909128725528717
image_00643.jpg,jpg/image_00643.jpg,89,89,True,0.15536907315254211
image_00644.jpg,jpg/image_00644.jpg,89,89,True,0.9172793626785278
image_00645.jpg,jpg/image_00645.jpg,89,89,True,0.6908584237098694
image_00646.jpg,jpg/image_00646.jpg,89,89,True,0.5220363736152649
image_00647.jpg,jpg/image_00647.jpg,89,89,True,0.23878835141658783
image_00648.jpg,jpg/image_00648.jpg,89,89,True,0.8826546669006348
image_00649.jpg,jpg/image_00649.jpg,89,89,True,0.27966922521591187
image_00650.jpg,jpg/image_00650.jpg,89,89,True,0.3134917616844177
image_00651.jpg,jpg/image_00651.jpg,89,89,True,0.6558796167373657
image_00652.jpg,jpg/image_00652.jpg,89,89,True,0.928364098072052
image_00653.jpg,jpg/image_00653.jpg,89,89,True,0.7550907731056213
image_00654.jpg,jpg/image_00654.jpg,89,89,True,0.8666857481002808
image_00655.jpg,jpg/image_00655.jpg,89,89,True,0.9223552346229553
image_00657.jpg,jpg/image_00657.jpg,89,89,True,0.8273178935050964
image_00658.jpg,jpg/image_00658.jpg,89,89,True,0.9093911051750183
image_00659.jpg,jpg/image_00659.jpg,89,89,True,0.8958414196968079
image_00660.jpg,jpg/image_00660.jpg,89,89,True,0.5462547540664673
image_00661.jpg,jpg/image_00661.jpg,89,89,True,0.830670952796936
image_00662.jpg,jpg/image_00662.jpg,89,89,True,0.8680959343910217
image_00663.jpg,jpg/image_00663.jpg,89,89,True,0.8056567907333374
image_00669.jpg,jpg/image_00669.jpg,89,89,True,0.8755413293838501
image_00670.jpg,jpg/image_00670.jpg,89,89,True,0.7344998121261597
image_00671.jpg,jpg/image_00671.jpg,89,89,True,0.9040494561195374
image_00673.jpg,jpg/image_00673.jpg,89,89,True,0.4963614046573639
image_00674.jpg,jpg/image_00674.jpg,89,89,True,0.7712268829345703
image_00675.jpg,jpg/image_00675.jpg,89,89,True,0.4746743142604828
image_00676.jpg,jpg/image_00676.jpg,89,89,True,0.322332501411438
image_00677.jpg,jpg/image_00677.jpg,89,89,True,0.9155619144439697
image_00678.jpg,jpg/image_00678.jpg,89,89,True,0.40460124611854553
image_00679.jpg,jpg/image_00679.jpg,89,89,True,0.652594804763794
image_00680.jpg,jpg/image_00680.jpg,89,89,True,0.8319154977798462
image_00681.jpg,jpg/image_00681.jpg,89,89,True,0.7063320875167847
image_00682.jpg,jpg/image_00682.jpg,89,89,True,0.8017468452453613
image_00683.jpg,jpg/image_00683.jpg,89,89,True,0.5156122446060181
image_00684.jpg,jpg/image_00684.jpg,89,89,True,0.9275339841842651
image_00686.jpg,jpg/image_00686.jpg,89,89,True,0.8819186091423035
image_00687.jpg,jpg/image_00687.jpg,89,89,True,0.867455244064331
image_00688.jpg,jpg/image_00688.jpg,89,89,True,0.8349499106407166
image_00689.jpg,jpg/image_00689.jpg,89,89,True,0.12778756022453308
image_00690.jpg,jpg/image_00690.jpg,89,89,True,0.860569179058075
image_00691.jpg,jpg/image_00691.jpg,89,89,True,0.7487654089927673
image_00693.jpg,jpg/image_00693.jpg,89,89,True,0.7733991146087646
image_00694.jpg,jpg/image_00694.jpg,89,89,True,0.16868945956230164
image_00696.jpg,jpg/image_00696.jpg,89,89,True,0.5722312927246094
image_00697.jpg,jpg/image_00697.jpg,89,89,True,0.8301986455917358
image_00698.jpg,jpg/image_00698.jpg,89,89,True,0.5535154938697815
image_00699.jpg,jpg/image_00699.jpg,89,89,True,0.8305832147598267
image_00700.jpg,jpg/image_00700.jpg,89,89,True,0.8476323485374451
image_00701.jpg,jpg/image_00701.jpg,89,89,True,0.8992997407913208
image_00702.jpg,jpg/image_00702.jpg,89,89,True,0.9125233292579651
image_00703.jpg,jpg/image_00703.jpg,89,89,True,0.7821494936943054
image_00704.jpg,jpg/image_00704.jpg,89,89,True,0.8488991856575012
image_00705.jpg,jpg/image_00705.jpg,89,89,True,0.6767675876617432
image_00707.jpg,jpg/image_00707.jpg,89,89,True,0.808600127696991
image_00708.jpg,jpg/image_00708.jpg,89,89,True,0.8263422250747681
image_00709.jpg,jpg/image_00709.jpg,89,89,True,0.243351548910141
image_00710.jpg,jpg/image_00710.jpg,89,89,True,0.3274610638618469
image_00711.jpg,jpg/image_00711.jpg,89,89,True,0.8377696871757507
image_00712.jpg,jpg/image_00712.jpg,89,89,True,0.818549633026123
image_00713.jpg,jpg/image_00713.jpg,89,89,True,0.9051839709281921
image_00714.jpg,jpg/image_00714.jpg,89,89,True,0.8250411748886108
image_00715.jpg,jpg/image_00715.jpg,89,89,True,0.8295975923538208
image_00716.jpg,jpg/image_00716.jpg,89,89,True,0.753434956073761
image_00718.jpg,jpg/image_00718.jpg,89,89,True,0.7957025170326233
image_00720.jpg,jpg/image_00720.jpg,89,89,True,0.9327563643455505
image_00721.jpg,jpg/image_00721.jpg,89,89,True,0.9355494379997253
image_00722.jpg,jpg/image_00722.jpg,89,89,True,0.8529753088951111
image_00723.jpg,jpg/image_00723.jpg,89,89,True,0.8228610754013062
image_00724.jpg,jpg/image_00724.jpg,89,89,True,0.7712458968162537
image_00725.jpg,jpg/image_00725.jpg,89,89,True,0.8748655319213867
image_00726.jpg,jpg/image_00726.jpg,89,89,True,0.5849973559379578
image_00727.jpg,jpg/image_00727.jpg,89,89,True,0.7550914287567139
image_00728.jpg,jpg/image_00728.jpg,89,89,True,0.7958006858825684
image_00729.jpg,jpg/image_00729.jpg,89,89,True,0.6554617881774902
image_00730.jpg,jpg/image_00730.jpg,89,89,True,0.8869072198867798
image_00731.jpg,jpg/image_00731.jpg,89,89,True,0.786907434463501
image_00732.jpg,jpg/image_00732.jpg,89,89,True,0.9068936109542847
image_00733.jpg,jpg/image_00733.jpg,89,89,True,0.7799476981163025
image_00734.jpg,jpg/image_00734.jpg,89,89,True,0.7176046371459961
image_00735.jpg,jpg/image_00735.jpg,89,89,True,0.4518299400806427
image_00736.jpg,jpg/image_00736.jpg,89,89,True,0.37623414397239685
image_00738.jpg,jpg/image_00738.jpg,89,89,True,0.43513670563697815
image_00739.jpg,jpg/image_00739.jpg,89,89,True,0.3936913311481476
image_00740.jpg,jpg/image_00740.jpg,89,89,True,0.9014119505882263
image_00742.jpg,jpg/image_00742.jpg,89,89,True,0.8621176481246948
image_00743.jpg,jpg/image_00743.jpg,89,89,True,0.5526065230369568
image_00744.jpg,jpg/image_00744.jpg,89,89,True,0.8989325761795044
image_00745.jpg,jpg/image_00745.jpg,89,89,True,0.8843929767608643
image_00746.jpg,jpg/image_00746.jpg,89,89,True,0.9247166514396667
image_00747.jpg,jpg/image_00747.jpg,89,89,True,0.8930624723434448
image_00748.jpg,jpg/image_00748.jpg,89,89,True,0.8912099599838257
image_00749.jpg,jpg/image_00749.jpg,89,89,True,0.9123786091804504
image_00750.jpg,jpg/image_00750.jpg,89,89,True,0.8934670090675354
image_00751.jpg,jpg/image_00751.jpg,89,89,True,0.6879001259803772
image_00752.jpg,jpg/image_00752.jpg,89,89,True,0.9294762015342712
image_00753.jpg,jpg/image_00753.jpg,89,18,False,0.21083545684814453
image_00754.jpg,jpg/image_00754.jpg,89,89,True,0.9099338054656982
image_00755.jpg,jpg/image_00755.jpg,89,89,True,0.6038142442703247
image_00756.jpg,jpg/image_00756.jpg,89,89,True,0.9462517499923706
image_00757.jpg,jpg/image_00757.jpg,89,97,False,0.1628219038248062
image_00758.jpg,jpg/image_00758.jpg,89,89,True,0.8982707262039185
image_00759.jpg,jpg/image_00759.jpg,89,89,True,0.9331019520759583
image_00760.jpg,jpg/image_00760.jpg,89,89,True,0.7458726763725281
image_00761.jpg,jpg/image_00761.jpg,89,89,True,0.5914859175682068
image_00762.jpg,jpg/image_00762.jpg,89,89,True,0.7147115468978882
image_00764.jpg,jpg/image_00764.jpg,89,89,True,0.8572034239768982
image_00765.jpg,jpg/image_00765.jpg,89,89,True,0.3589741885662079
image_00766.jpg,jpg/image_00766.jpg,89,89,True,0.12129958719015121
image_00767.jpg,jpg/image_00767.jpg,89,89,True,0.4831019937992096
image_00768.jpg,jpg/image_00768.jpg,89,89,True,0.65903639793396
image_00769.jpg,jpg/image_00769.jpg,89,89,True,0.8626242280006409
image_00770.jpg,jpg/image_00770.jpg,89,89,True,0.745671808719635
image_00771.jpg,jpg/image_00771.jpg,89,89,True,0.3233492374420166
image_00772.jpg,jpg/image_00772.jpg,89,89,True,0.8123828172683716
image_00774.jpg,jpg/image_00774.jpg,89,89,True,0.8604104518890381
image_00775.jpg,jpg/image_00775.jpg,89,89,True,0.920965850353241
image_00776.jpg,jpg/image_00776.jpg,89,89,True,0.7635033130645752
image_00777.jpg,jpg/image_00777.jpg,89,89,True,0.74250727891922
image_00778.jpg,jpg/image_00778.jpg,89,97,False,0.4741876423358917
image_00779.jpg,jpg/image_00779.jpg,89,89,True,0.46270960569381714
image_00780.jpg,jpg/image_00780.jpg,89,89,True,0.9185067415237427
image_07284.jpg,jpg/image_07284.jpg,89,89,True,0.5182684063911438
image_04401.jpg,jpg/image_04401.jpg,90,90,True,0.8129072785377502
image_04402.jpg,jpg/image_04402.jpg,90,90,True,0.919235348701477
image_04404.jpg,jpg/image_04404.jpg,90,101,False,0.5280443429946899
image_04406.jpg,jpg/image_04406.jpg,90,90,True,0.9161385297775269
image_04407.jpg,jpg/image_04407.jpg,90,90,True,0.4640241265296936
image_04409.jpg,jpg/image_04409.jpg,90,90,True,0.31097257137298584
image_04410.jpg,jpg/image_04410.jpg,90,90,True,0.919529139995575
image_04411.jpg,jpg/image_04411.jpg,90,90,True,0.932782769203186
image_04412.jpg,jpg/image_04412.jpg,90,90,True,0.7175545692443848
image_04413.jpg,jpg/image_04413.jpg,90,44,False,0.0709008201956749
image_04414.jpg,jpg/image_04414.jpg,90,90,True,0.1926565021276474
image_04415.jpg,jpg/image_04415.jpg,90,90,True,0.9213438034057617
image_04416.jpg,jpg/image_04416.jpg,90,90,True,0.4149555563926697
image_04419.jpg,jpg/image_04419.jpg,90,90,True,0.572584331035614
image_04420.jpg,jpg/image_04420.jpg,90,90,True,0.46940430998802185
image_04421.jpg,jpg/image_04421.jpg,90,90,True,0.7329815626144409
image_04422.jpg,jpg/image_04422.jpg,90,90,True,0.7668147087097168
image_04423.jpg,jpg/image_04423.jpg,90,90,True,0.9000086188316345
image_04424.jpg,jpg/image_04424.jpg,90,90,True,0.897213339805603
image_04425.jpg,jpg/image_04425.jpg,90,90,True,0.7390927672386169
image_04426.jpg,jpg/image_04426.jpg,90,90,True,0.8545520901679993
image_04427.jpg,jpg/image_04427.jpg,90,90,True,0.9343646168708801
image_04430.jpg,jpg/image_04430.jpg,90,90,True,0.49158304929733276
image_04431.jpg,jpg/image_04431.jpg,90,101,False,0.10660921782255173
image_04432.jpg,jpg/image_04432.jpg,90,90,True,0.43200796842575073
image_04433.jpg,jpg/image_04433.jpg,90,90,True,0.6887825131416321
image_04434.jpg,jpg/image_04434.jpg,90,90,True,0.936710000038147
image_04435.jpg,jpg/image_04435.jpg,90,90,True,0.3316037654876709
image_04436.jpg,jpg/image_04436.jpg,90,90,True,0.9401206374168396
image_04437.jpg,jpg/image_04437.jpg,90,16,False,0.4242936074733734
image_04439.jpg,jpg/image_04439.jpg,90,90,True,0.5032966732978821
image_04441.jpg,jpg/image_04441.jpg,90,90,True,0.35506704449653625
image_04442.jpg,jpg/image_04442.jpg,90,90,True,0.5338990092277527
image_04444.jpg,jpg/image_04444.jpg,90,90,True,0.9249853491783142
image_04445.jpg,jpg/image_04445.jpg,90,90,True,0.9305971264839172
image_04446.jpg,jpg/image_04446.jpg,90,90,True,0.3865289092063904
image_04447.jpg,jpg/image_04447.jpg,90,90,True,0.20684024691581726
image_04448.jpg,jpg/image_04448.jpg,90,42,False,0.20381835103034973
image_04450.jpg,jpg/image_04450.jpg,90,90,True,0.9447516798973083
image_04451.jpg,jpg/image_04451.jpg,90,90,True,0.9105599522590637
image_04452.jpg,jpg/image_04452.jpg,90,90,True,0.9004116654396057
image_04454.jpg,jpg/image_04454.jpg,90,90,True,0.8585661053657532
image_04455.jpg,jpg/image_04455.jpg,90,90,True,0.08520165085792542
image_04456.jpg,jpg/image_04456.jpg,90,90,True,0.2219851166009903
image_04457.jpg,jpg/image_04457.jpg,90,90,True,0.3256916105747223
image_04459.jpg,jpg/image_04459.jpg,90,90,True,0.331550270318985
image_04460.jpg,jpg/image_04460.jpg,90,90,True,0.8359007835388184
image_04461.jpg,jpg/image_04461.jpg,90,90,True,0.5138004422187805
image_04462.jpg,jpg/image_04462.jpg,90,90,True,0.22288945317268372
image_04463.jpg,jpg/image_04463.jpg,90,90,True,0.5211268067359924
image_04465.jpg,jpg/image_04465.jpg,90,90,True,0.8870882391929626
image_04466.jpg,jpg/image_04466.jpg,90,90,True,0.7535395622253418
image_04468.jpg,jpg/image_04468.jpg,90,90,True,0.770168125629425
image_04470.jpg,jpg/image_04470.jpg,90,90,True,0.42324233055114746
image_04471.jpg,jpg/image_04471.jpg,90,90,True,0.8150678277015686
image_04472.jpg,jpg/image_04472.jpg,90,90,True,0.867306649684906
image_04473.jpg,jpg/image_04473.jpg,90,90,True,0.8223345279693604
image_04474.jpg,jpg/image_04474.jpg,90,90,True,0.3909381330013275
image_04476.jpg,jpg/image_04476.jpg,90,90,True,0.811934232711792
image_04477.jpg,jpg/image_04477.jpg,90,90,True,0.18675917387008667
image_04478.jpg,jpg/image_04478.jpg,90,90,True,0.8911363482475281
image_07299.jpg,jpg/image_07299.jpg,90,90,True,0.8610482811927795
image_04832.jpg,jpg/image_04832.jpg,91,91,True,0.2764398157596588
image_04833.jpg,jpg/image_04833.jpg,91,91,True,0.4488859474658966
image_04834.jpg,jpg/image_04834.jpg,91,91,True,0.9191099405288696
image_04837.jpg,jpg/image_04837.jpg,91,91,True,0.266327440738678
image_04838.jpg,jpg/image_04838.jpg,91,91,True,0.8923583030700684
image_04839.jpg,jpg/image_04839.jpg,91,91,True,0.13874571025371552
image_04840.jpg,jpg/image_04840.jpg,91,91,True,0.8568132519721985
image_04841.jpg,jpg/image_04841.jpg,91,91,True,0.8491030335426331
image_04842.jpg,jpg/image_04842.jpg,91,91,True,0.7623706459999084
image_04843.jpg,jpg/image_04843.jpg,91,91,True,0.8881433606147766
image_04844.jpg,jpg/image_04844.jpg,91,91,True,0.4506111741065979
image_04848.jpg,jpg/image_04848.jpg,91,91,True,0.8780866861343384
image_04849.jpg,jpg/image_04849.jpg,91,91,True,0.5279162526130676
image_04850.jpg,jpg/image_04850.jpg,91,91,True,0.5604528784751892
image_04853.jpg,jpg/image_04853.jpg,91,91,True,0.7545086741447449
image_04854.jpg,jpg/image_04854.jpg,91,91,True,0.7093683481216431
image_04856.jpg,jpg/image_04856.jpg,91,91,True,0.8623847365379333
image_04857.jpg,jpg/image_04857.jpg,91,91,True,0.4564971327781677
image_04858.jpg,jpg/image_04858.jpg,91,91,True,0.40704816579818726
image_04859.jpg,jpg/image_04859.jpg,91,91,True,0.9065227508544922
image_04861.jpg,jpg/image_04861.jpg,91,91,True,0.2512448728084564
image_04862.jpg,jpg/image_04862.jpg,91,91,True,0.7763644456863403
image_04863.jpg,jpg/image_04863.jpg,91,91,True,0.4626038372516632
image_04864.jpg,jpg/image_04864.jpg,91,91,True,0.12338419258594513
image_04865.jpg,jpg/image_04865.jpg,91,91,True,0.4344713091850281
image_04866.jpg,jpg/image_04866.jpg,91,91,True,0.8578878045082092
image_04867.jpg,jpg/image_04867.jpg,91,91,True,0.8383170962333679
image_04869.jpg,jpg/image_04869.jpg,91,91,True,0.8753432631492615
image_04870.jpg,jpg/image_04870.jpg,91,91,True,0.47212374210357666
image_04871.jpg,jpg/image_04871.jpg,91,91,True,0.9040351510047913
image_04872.jpg,jpg/image_04872.jpg,91,91,True,0.8237307667732239
image_04873.jpg,jpg/image_04873.jpg,91,91,True,0.691410481929779
image_04874.jpg,jpg/image_04874.jpg,91,91,True,0.4900847375392914
image_04876.jpg,jpg/image_04876.jpg,91,91,True,0.7840198874473572
image_04877.jpg,jpg/image_04877.jpg,91,91,True,0.9070739150047302
image_04878.jpg,jpg/image_04878.jpg,91,91,True,0.8417815566062927
image_04880.jpg,jpg/image_04880.jpg,91,91,True,0.7908296585083008
image_04881.jpg,jpg/image_04881.jpg,91,91,True,0.8250346183776855
image_04882.jpg,jpg/image_04882.jpg,91,91,True,0.800630509853363
image_04883.jpg,jpg/image_04883.jpg,91,91,True,0.8182262778282166
image_04884.jpg,jpg/image_04884.jpg,91,91,True,0.8830328583717346
image_04886.jpg,jpg/image_04886.jpg,91,91,True,0.8130556344985962
image_04887.jpg,jpg/image_04887.jpg,91,91,True,0.8204025030136108
image_04888.jpg,jpg/image_04888.jpg,91,91,True,0.9133002758026123
image_04889.jpg,jpg/image_04889.jpg,91,91,True,0.9108820557594299
image_04890.jpg,jpg/image_04890.jpg,91,91,True,0.6211554408073425
image_04891.jpg,jpg/image_04891.jpg,91,91,True,0.8120926022529602
image_04892.jpg,jpg/image_04892.jpg,91,91,True,0.8638487458229065
image_04893.jpg,jpg/image_04893.jpg,91,91,True,0.7276510000228882
image_04894.jpg,jpg/image_04894.jpg,91,83,False,0.35609063506126404
image_04895.jpg,jpg/image_04895.jpg,91,91,True,0.31565341353416443
image_04896.jpg,jpg/image_04896.jpg,91,91,True,0.8066521286964417
image_08054.jpg,jpg/image_08054.jpg,91,91,True,0.9118536114692688
image_08055.jpg,jpg/image_08055.jpg,91,91,True,0.8919712901115417
image_08058.jpg,jpg/image_08058.jpg,91,91,True,0.8219413161277771
image_08060.jpg,jpg/image_08060.jpg,91,91,True,0.8877891898155212
image_03030.jpg,jpg/image_03030.jpg,92,92,True,0.284894734621048
image_03031.jpg,jpg/image_03031.jpg,92,92,True,0.7194470763206482
image_03032.jpg,jpg/image_03032.jpg,92,92,True,0.8012863993644714
image_03035.jpg,jpg/image_03035.jpg,92,92,True,0.8986724615097046
image_03036.jpg,jpg/image_03036.jpg,92,92,True,0.8137695789337158
image_03037.jpg,jpg/image_03037.jpg,92,92,True,0.8405588269233704
image_03039.jpg,jpg/image_03039.jpg,92,92,True,0.8344728350639343
image_03040.jpg,jpg/image_03040.jpg,92,92,True,0.8019548654556274
image_03041.jpg,jpg/image_03041.jpg,92,92,True,0.5043128728866577
image_03042.jpg,jpg/image_03042.jpg,92,92,True,0.8138354420661926
image_03043.jpg,jpg/image_03043.jpg,92,92,True,0.9190592169761658
image_03044.jpg,jpg/image_03044.jpg,92,92,True,0.7715629935264587
image_03045.jpg,jpg/image_03045.jpg,92,92,True,0.8184576630592346
image_03047.jpg,jpg/image_03047.jpg,92,92,True,0.5949519276618958
image_03049.jpg,jpg/image_03049.jpg,92,92,True,0.5603324174880981
image_03053.jpg,jpg/image_03053.jpg,92,92,True,0.5103759169578552
image_03054.jpg,jpg/image_03054.jpg,92,92,True,0.633250892162323
image_03055.jpg,jpg/image_03055.jpg,92,92,True,0.8803279399871826
image_03056.jpg,jpg/image_03056.jpg,92,92,True,0.8642058968544006
image_03057.jpg,jpg/image_03057.jpg,92,92,True,0.8378897905349731
image_03059.jpg,jpg/image_03059.jpg,92,92,True,0.8296281099319458
image_03060.jpg,jpg/image_03060.jpg,92,92,True,0.8287448883056641
image_03061.jpg,jpg/image_03061.jpg,92,92,True,0.8194788098335266
image_03062.jpg,jpg/image_03062.jpg,92,92,True,0.9133878350257874
image_03063.jpg,jpg/image_03063.jpg,92,92,True,0.5743622779846191
image_03066.jpg,jpg/image_03066.jpg,92,92,True,0.8444820046424866
image_03068.jpg,jpg/image_03068.jpg,92,92,True,0.07542780786752701
image_03070.jpg,jpg/image_03070.jpg,92,92,True,0.9310399889945984
image_03071.jpg,jpg/image_03071.jpg,92,92,True,0.7792426347732544
image_03073.jpg,jpg/image_03073.jpg,92,92,True,0.7050021290779114
image_03074.jpg,jpg/image_03074.jpg,92,92,True,0.8499897718429565
image_03075.jpg,jpg/image_03075.jpg,92,92,True,0.2527036666870117
image_03076.jpg,jpg/image_03076.jpg,92,92,True,0.8566213250160217
image_03077.jpg,jpg/image_03077.jpg,92,92,True,0.8318670392036438
image_03078.jpg,jpg/image_03078.jpg,92,92,True,0.8587921857833862
image_03081.jpg,jpg/image_03081.jpg,92,92,True,0.9270322322845459
image_03082.jpg,jpg/image_03082.jpg,92,92,True,0.36541980504989624
image_03083.jpg,jpg/image_03083.jpg,92,92,True,0.6305605173110962
image_03084.jpg,jpg/image_03084.jpg,92,92,True,0.912754476070404
image_03085.jpg,jpg/image_03085.jpg,92,92,True,0.8294051885604858
image_03087.jpg,jpg/image_03087.jpg,92,92,True,0.8913912177085876
image_03088.jpg,jpg/image_03088.jpg,92,92,True,0.5986844897270203
image_03089.jpg,jpg/image_03089.jpg,92,92,True,0.8421970009803772
image_03090.jpg,jpg/image_03090.jpg,92,92,True,0.8789735436439514
image_03091.jpg,jpg/image_03091.jpg,92,92,True,0.8691816926002502
image_03092.jpg,jpg/image_03092.jpg,92,92,True,0.8404287099838257
image_06011.jpg,jpg/image_06011.jpg,93,93,True,0.7950490713119507
image_06012.jpg,jpg/image_06012.jpg,93,93,True,0.736350953578949
image_06014.jpg,jpg/image_06014.jpg,93,93,True,0.7723338007926941
image_06015.jpg,jpg/image_06015.jpg,93,93,True,0.24943064153194427
image_06018.jpg,jpg/image_06018.jpg,93,93,True,0.8513017892837524
image_06020.jpg,jpg/image_06020.jpg,93,93,True,0.872110903263092
image_06021.jpg,jpg/image_06021.jpg,93,93,True,0.7144023776054382
image_06022.jpg,jpg/image_06022.jpg,93,93,True,0.8777158856391907
image_06024.jpg,jpg/image_06024.jpg,93,93,True,0.883460521697998
image_06028.jpg,jpg/image_06028.jpg,93,93,True,0.6078974604606628
image_06029.jpg,jpg/image_06029.jpg,93,88,False,0.14005281031131744
image_06030.jpg,jpg/image_06030.jpg,93,93,True,0.2872106432914734
image_06031.jpg,jpg/image_06031.jpg,93,93,True,0.3555121421813965
image_06032.jpg,jpg/image_06032.jpg,93,93,True,0.8757330775260925
image_06034.jpg,jpg/image_06034.jpg,93,93,True,0.8870751857757568
image_06035.jpg,jpg/image_06035.jpg,93,93,True,0.859162449836731
image_06036.jpg,jpg/image_06036.jpg,93,93,True,0.6691296696662903
image_06037.jpg,jpg/image_06037.jpg,93,93,True,0.8319878578186035
image_06041.jpg,jpg/image_06041.jpg,93,93,True,0.877585232257843
image_06044.jpg,jpg/image_06044.jpg,93,93,True,0.8489785194396973
image_06046.jpg,jpg/image_06046.jpg,93,93,True,0.8862095475196838
image_06047.jpg,jpg/image_06047.jpg,93,93,True,0.7698039412498474
image_07302.jpg,jpg/image_07302.jpg,93,93,True,0.34166091680526733
image_07303.jpg,jpg/image_07303.jpg,93,94,False,0.9110159873962402
image_08114.jpg,jpg/image_08114.jpg,93,93,True,0.9381234645843506
image_08117.jpg,jpg/image_08117.jpg,93,93,True,0.9079963564872742
image_07304.jpg,jpg/image_07304.jpg,94,94,True,0.9107354283332825
image_07305.jpg,jpg/image_07305.jpg,94,94,True,0.7679664492607117
image_07306.jpg,jpg/image_07306.jpg,94,94,True,0.8820419311523438
image_07308.jpg,jpg/image_07308.jpg,94,94,True,0.8368980288505554
image_07309.jpg,jpg/image_07309.jpg,94,94,True,0.9182043075561523
image_07310.jpg,jpg/image_07310.jpg,94,94,True,0.9131953716278076
image_07311.jpg,jpg/image_07311.jpg,94,94,True,0.9063745737075806
image_07312.jpg,jpg/image_07312.jpg,94,94,True,0.8348928093910217
image_07313.jpg,jpg/image_07313.jpg,94,94,True,0.9009429812431335
image_07314.jpg,jpg/image_07314.jpg,94,94,True,0.765563428401947
image_07316.jpg,jpg/image_07316.jpg,94,94,True,0.9049555659294128
image_07317.jpg,jpg/image_07317.jpg,94,94,True,0.8975900411605835
image_07318.jpg,jpg/image_07318.jpg,94,94,True,0.9021106362342834
image_07319.jpg,jpg/image_07319.jpg,94,94,True,0.8847169280052185
image_07320.jpg,jpg/image_07320.jpg,94,94,True,0.8704617619514465
image_07321.jpg,jpg/image_07321.jpg,94,94,True,0.8328573107719421
image_07322.jpg,jpg/image_07322.jpg,94,94,True,0.8979299664497375
image_07323.jpg,jpg/image_07323.jpg,94,94,True,0.9109243154525757
image_07324.jpg,jpg/image_07324.jpg,94,94,True,0.8638331890106201
image_07327.jpg,jpg/image_07327.jpg,94,94,True,0.8700684905052185
image_07328.jpg,jpg/image_07328.jpg,94,94,True,0.9109243154525757
image_07329.jpg,jpg/image_07329.jpg,94,94,True,0.9191049337387085
image_07330.jpg,jpg/image_07330.jpg,94,94,True,0.9362169504165649
image_07331.jpg,jpg/image_07331.jpg,94,94,True,0.9129936099052429
image_07332.jpg,jpg/image_07332.jpg,94,94,True,0.9251344203948975
image_07333.jpg,jpg/image_07333.jpg,94,94,True,0.8504071831703186
image_07335.jpg,jpg/image_07335.jpg,94,94,True,0.8825299739837646
image_07337.jpg,jpg/image_07337.jpg,94,94,True,0.8732525706291199
image_07339.jpg,jpg/image_07339.jpg,94,94,True,0.8759689331054688
image_07340.jpg,jpg/image_07340.jpg,94,94,True,0.9108780026435852
image_07341.jpg,jpg/image_07341.jpg,94,94,True,0.91959148645401
image_07342.jpg,jpg/image_07342.jpg,94,94,True,0.8975553512573242
image_07343.jpg,jpg/image_07343.jpg,94,94,True,0.928313136100769
image_07344.jpg,jpg/image_07344.jpg,94,94,True,0.8398314118385315
image_07345.jpg,jpg/image_07345.jpg,94,94,True,0.9082261919975281
image_07346.jpg,jpg/image_07346.jpg,94,94,True,0.9069287180900574
image_07347.jpg,jpg/image_07347.jpg,94,94,True,0.8725209832191467
image_07348.jpg,jpg/image_07348.jpg,94,94,True,0.5526725053787231
image_07349.jpg,jpg/image_07349.jpg,94,94,True,0.7886900901794434
image_07350.jpg,jpg/image_07350.jpg,94,94,True,0.9045849442481995
image_07352.jpg,jpg/image_07352.jpg,94,94,True,0.8942616581916809
image_07353.jpg,jpg/image_07353.jpg,94,94,True,0.8814299702644348
image_07355.jpg,jpg/image_07355.jpg,94,94,True,0.9104201197624207
image_07356.jpg,jpg/image_07356.jpg,94,94,True,0.8937998414039612
image_07357.jpg,jpg/image_07357.jpg,94,94,True,0.9307060241699219
image_07358.jpg,jpg/image_07358.jpg,94,94,True,0.5179591178894043
image_07359.jpg,jpg/image_07359.jpg,94,94,True,0.8008173108100891
image_07360.jpg,jpg/image_07360.jpg,94,94,True,0.906910240650177
image_07361.jpg,jpg/image_07361.jpg,94,94,True,0.8937358260154724
image_07362.jpg,jpg/image_07362.jpg,94,94,True,0.9195960760116577
image_07363.jpg,jpg/image_07363.jpg,94,94,True,0.8102619647979736
image_07364.jpg,jpg/image_07364.jpg,94,94,True,0.89405357837677
image_07365.jpg,jpg/image_07365.jpg,94,94,True,0.8886316418647766
image_07366.jpg,jpg/image_07366.jpg,94,40,False,0.05762781575322151
image_07367.jpg,jpg/image_07367.jpg,94,94,True,0.79448401927948
image_07368.jpg,jpg/image_07368.jpg,94,94,True,0.8828876614570618
image_07369.jpg,jpg/image_07369.jpg,94,11,False,0.26134467124938965
image_07370.jpg,jpg/image_07370.jpg,94,94,True,0.9189356565475464
image_07372.jpg,jpg/image_07372.jpg,94,94,True,0.9217090606689453
image_07373.jpg,jpg/image_07373.jpg,94,94,True,0.8280665278434753
image_07374.jpg,jpg/image_07374.jpg,94,94,True,0.7994449138641357
image_07375.jpg,jpg/image_07375.jpg,94,94,True,0.6968045234680176
image_07376.jpg,jpg/image_07376.jpg,94,94,True,0.8868924975395203
image_07377.jpg,jpg/image_07377.jpg,94,94,True,0.925912082195282
image_07378.jpg,jpg/image_07378.jpg,94,94,True,0.5178331732749939
image_07379.jpg,jpg/image_07379.jpg,94,94,True,0.841732382774353
image_07380.jpg,jpg/image_07380.jpg,94,79,False,0.18243150413036346
image_07381.jpg,jpg/image_07381.jpg,94,94,True,0.9213508367538452
image_07382.jpg,jpg/image_07382.jpg,94,94,True,0.810234010219574
image_07383.jpg,jpg/image_07383.jpg,94,94,True,0.9054851531982422
image_07384.jpg,jpg/image_07384.jpg,94,94,True,0.8792392611503601
image_07385.jpg,jpg/image_07385.jpg,94,94,True,0.9058062434196472
image_07387.jpg,jpg/image_07387.jpg,94,94,True,0.8972574472427368
image_07388.jpg,jpg/image_07388.jpg,94,94,True,0.829849123954773
image_07390.jpg,jpg/image_07390.jpg,94,94,True,0.753916323184967
image_07391.jpg,jpg/image_07391.jpg,94,94,True,0.8890120983123779
image_07392.jpg,jpg/image_07392.jpg,94,57,False,0.06274799257516861
image_07393.jpg,jpg/image_07393.jpg,94,94,True,0.5493954420089722
image_07394.jpg,jpg/image_07394.jpg,94,94,True,0.9000596404075623
image_07395.jpg,jpg/image_07395.jpg,94,94,True,0.8791521787643433
image_07396.jpg,jpg/image_07396.jpg,94,94,True,0.8826344609260559
image_07397.jpg,jpg/image_07397.jpg,94,94,True,0.5701675415039062
image_07399.jpg,jpg/image_07399.jpg,94,94,True,0.8611434102058411
image_07400.jpg,jpg/image_07400.jpg,94,94,True,0.8426313996315002
image_07401.jpg,jpg/image_07401.jpg,94,94,True,0.8935751914978027
image_07402.jpg,jpg/image_07402.jpg,94,94,True,0.5824073553085327
image_07403.jpg,jpg/image_07403.jpg,94,94,True,0.8994943499565125
image_07404.jpg,jpg/image_07404.jpg,94,94,True,0.9273341298103333
image_07405.jpg,jpg/image_07405.jpg,94,94,True,0.9226913452148438
image_07406.jpg,jpg/image_07406.jpg,94,94,True,0.9036840200424194
image_07407.jpg,jpg/image_07407.jpg,94,94,True,0.9249451756477356
image_07408.jpg,jpg/image_07408.jpg,94,94,True,0.4627861976623535
image_07409.jpg,jpg/image_07409.jpg,94,94,True,0.9135729074478149
image_07410.jpg,jpg/image_07410.jpg,94,94,True,0.8766457438468933
image_07411.jpg,jpg/image_07411.jpg,94,94,True,0.9291779398918152
image_07412.jpg,jpg/image_07412.jpg,94,94,True,0.7607775330543518
image_07413.jpg,jpg/image_07413.jpg,94,94,True,0.8386899828910828
image_07414.jpg,jpg/image_07414.jpg,94,94,True,0.8404738306999207
image_07415.jpg,jpg/image_07415.jpg,94,94,True,0.9119275212287903
image_07416.jpg,jpg/image_07416.jpg,94,94,True,0.9034193158149719
image_07417.jpg,jpg/image_07417.jpg,94,94,True,0.8841825723648071
image_07419.jpg,jpg/image_07419.jpg,94,94,True,0.6903860569000244
image_07420.jpg,jpg/image_07420.jpg,94,94,True,0.8968634605407715
image_07422.jpg,jpg/image_07422.jpg,94,94,True,0.912816047668457
image_07423.jpg,jpg/image_07423.jpg,94,94,True,0.8728461265563965
image_07425.jpg,jpg/image_07425.jpg,94,94,True,0.9142139554023743
image_07426.jpg,jpg/image_07426.jpg,94,94,True,0.9128862023353577
image_07427.jpg,jpg/image_07427.jpg,94,94,True,0.9240385890007019
image_07428.jpg,jpg/image_07428.jpg,94,94,True,0.913442850112915
image_07429.jpg,jpg/image_07429.jpg,94,94,True,0.7919382452964783
image_07430.jpg,jpg/image_07430.jpg,94,94,True,0.8201594352722168
image_07431.jpg,jpg/image_07431.jpg,94,94,True,0.8873971700668335
image_07432.jpg,jpg/image_07432.jpg,94,94,True,0.8865573406219482
image_07433.jpg,jpg/image_07433.jpg,94,94,True,0.9298493266105652
image_07435.jpg,jpg/image_07435.jpg,94,94,True,0.9332870244979858
image_07437.jpg,jpg/image_07437.jpg,94,94,True,0.9171441793441772
image_07438.jpg,jpg/image_07438.jpg,94,94,True,0.8813917636871338
image_07439.jpg,jpg/image_07439.jpg,94,94,True,0.9167503714561462
image_07440.jpg,jpg/image_07440.jpg,94,94,True,0.8383879661560059
image_07441.jpg,jpg/image_07441.jpg,94,94,True,0.9052929878234863
image_07442.jpg,jpg/image_07442.jpg,94,94,True,0.9252966642379761
image_07443.jpg,jpg/image_07443.jpg,94,94,True,0.9048736691474915
image_07444.jpg,jpg/image_07444.jpg,94,94,True,0.8928864002227783
image_07445.jpg,jpg/image_07445.jpg,94,94,True,0.8765708804130554
image_07446.jpg,jpg/image_07446.jpg,94,94,True,0.7687734365463257
image_07447.jpg,jpg/image_07447.jpg,94,94,True,0.8517413139343262
image_07449.jpg,jpg/image_07449.jpg,94,94,True,0.8592333793640137
image_07450.jpg,jpg/image_07450.jpg,94,94,True,0.7249752283096313
image_07451.jpg,jpg/image_07451.jpg,94,94,True,0.885185956954956
image_07452.jpg,jpg/image_07452.jpg,94,94,True,0.9133428335189819
image_07454.jpg,jpg/image_07454.jpg,94,94,True,0.91969895362854
image_07455.jpg,jpg/image_07455.jpg,94,94,True,0.924616813659668
image_07456.jpg,jpg/image_07456.jpg,94,94,True,0.9203797578811646
image_07457.jpg,jpg/image_07457.jpg,94,94,True,0.9010058045387268
image_07458.jpg,jpg/image_07458.jpg,94,94,True,0.7961711287498474
image_07459.jpg,jpg/image_07459.jpg,94,94,True,0.9026726484298706
image_07460.jpg,jpg/image_07460.jpg,94,94,True,0.8452953696250916
image_07461.jpg,jpg/image_07461.jpg,94,94,True,0.8709982633590698
image_07462.jpg,jpg/image_07462.jpg,94,94,True,0.9065513610839844
image_07463.jpg,jpg/image_07463.jpg,94,94,True,0.3733706474304199
image_07464.jpg,jpg/image_07464.jpg,94,94,True,0.8107732534408569
image_07465.jpg,jpg/image_07465.jpg,94,94,True,0.8952164649963379
image_07466.jpg,jpg/image_07466.jpg,95,95,True,0.5130706429481506
image_07467.jpg,jpg/image_07467.jpg,95,95,True,0.5733618140220642
image_07468.jpg,jpg/image_07468.jpg,95,95,True,0.8086566925048828
image_07469.jpg,jpg/image_07469.jpg,95,95,True,0.8912212252616882
image_07470.jpg,jpg/image_07470.jpg,95,95,True,0.7764679789543152
image_07471.jpg,jpg/image_07471.jpg,95,95,True,0.2942774295806885
image_07472.jpg,jpg/image_07472.jpg,95,95,True,0.6424013376235962
image_07473.jpg,jpg/image_07473.jpg,95,95,True,0.6796591877937317
image_07474.jpg,jpg/image_07474.jpg,95,95,True,0.5848490595817566
image_07475.jpg,jpg/image_07475.jpg,95,95,True,0.7923933267593384
image_07476.jpg,jpg/image_07476.jpg,95,95,True,0.6777698397636414
image_07477.jpg,jpg/image_07477.jpg,95,95,True,0.6051191687583923
image_07480.jpg,jpg/image_07480.jpg,95,95,True,0.2026229053735733
image_07481.jpg,jpg/image_07481.jpg,95,95,True,0.88199782371521
image_07482.jpg,jpg/image_07482.jpg,95,95,True,0.541077196598053
image_07483.jpg,jpg/image_07483.jpg,95,95,True,0.7434833645820618
image_07484.jpg,jpg/image_07484.jpg,95,95,True,0.7472982406616211
image_07485.jpg,jpg/image_07485.jpg,95,95,True,0.4031645357608795
image_07486.jpg,jpg/image_07486.jpg,95,95,True,0.6671209335327148
image_07487.jpg,jpg/image_07487.jpg,95,95,True,0.8747332692146301
image_07488.jpg,jpg/image_07488.jpg,95,95,True,0.6002077460289001
image_07489.jpg,jpg/image_07489.jpg,95,95,True,0.7280611395835876
image_07490.jpg,jpg/image_07490.jpg,95,95,True,0.6660333871841431
image_07492.jpg,jpg/image_07492.jpg,95,95,True,0.770250141620636
image_07493.jpg,jpg/image_07493.jpg,95,95,True,0.5585394501686096
image_07496.jpg,jpg/image_07496.jpg,95,95,True,0.8620519042015076
image_07497.jpg,jpg/image_07497.jpg,95,95,True,0.72719806432724
image_07498.jpg,jpg/image_07498.jpg,95,95,True,0.8576653003692627
image_07499.jpg,jpg/image_07499.jpg,95,95,True,0.8836470246315002
image_07500.jpg,jpg/image_07500.jpg,95,95,True,0.4089454114437103
image_07501.jpg,jpg/image_07501.jpg,95,95,True,0.652966320514679
image_07502.jpg,jpg/image_07502.jpg,95,95,True,0.8540645241737366
image_07504.jpg,jpg/image_07504.jpg,95,95,True,0.8247416615486145
image_07505.jpg,jpg/image_07505.jpg,95,95,True,0.6668055057525635
image_07506.jpg,jpg/image_07506.jpg,95,95,True,0.843681275844574
image_07507.jpg,jpg/image_07507.jpg,95,95,True,0.7367709875106812
image_07508.jpg,jpg/image_07508.jpg,95,95,True,0.6102509498596191
image_07509.jpg,jpg/image_07509.jpg,95,95,True,0.1896560788154602
image_07510.jpg,jpg/image_07510.jpg,95,95,True,0.7496235370635986
image_07511.jpg,jpg/image_07511.jpg,95,95,True,0.872808575630188
image_07514.jpg,jpg/image_07514.jpg,95,95,True,0.6534063220024109
image_07515.jpg,jpg/image_07515.jpg,95,95,True,0.3098931312561035
image_07516.jpg,jpg/image_07516.jpg,95,95,True,0.8137325644493103
image_07517.jpg,jpg/image_07517.jpg,95,95,True,0.6897026896476746
image_07519.jpg,jpg/image_07519.jpg,95,95,True,0.9056825041770935
image_07521.jpg,jpg/image_07521.jpg,95,95,True,0.7024630904197693
image_07522.jpg,jpg/image_07522.jpg,95,95,True,0.7905656695365906
image_07524.jpg,jpg/image_07524.jpg,95,95,True,0.8321516513824463
image_07525.jpg,jpg/image_07525.jpg,95,95,True,0.2619912624359131
image_07526.jpg,jpg/image_07526.jpg,95,95,True,0.5024933218955994
image_07527.jpg,jpg/image_07527.jpg,95,95,True,0.8101335167884827
image_07529.jpg,jpg/image_07529.jpg,95,95,True,0.531455397605896
image_07530.jpg,jpg/image_07530.jpg,95,95,True,0.5208631157875061
image_07531.jpg,jpg/image_07531.jpg,95,95,True,0.45090603828430176
image_07532.jpg,jpg/image_07532.jpg,95,95,True,0.3018900454044342
image_07533.jpg,jpg/image_07533.jpg,95,95,True,0.1635323315858841
image_07534.jpg,jpg/image_07534.jpg,95,95,True,0.8884076476097107
image_07535.jpg,jpg/image_07535.jpg,95,95,True,0.10720743983983994
image_07536.jpg,jpg/image_07536.jpg,95,95,True,0.8462572693824768
image_07537.jpg,jpg/image_07537.jpg,95,95,True,0.6970466375350952
image_07538.jpg,jpg/image_07538.jpg,95,95,True,0.7220442891120911
image_07539.jpg,jpg/image_07539.jpg,95,95,True,0.6441600918769836
image_07540.jpg,jpg/image_07540.jpg,95,95,True,0.6977936625480652
image_07541.jpg,jpg/image_07541.jpg,95,95,True,0.7618882060050964
image_07542.jpg,jpg/image_07542.jpg,95,95,True,0.764573872089386
image_07543.jpg,jpg/image_07543.jpg,95,95,True,0.7778834700584412
image_07544.jpg,jpg/image_07544.jpg,95,95,True,0.8088164925575256
image_07545.jpg,jpg/image_07545.jpg,95,95,True,0.6126846671104431
image_07547.jpg,jpg/image_07547.jpg,95,95,True,0.7217534184455872
image_07548.jpg,jpg/image_07548.jpg,95,95,True,0.4695163369178772
image_07550.jpg,jpg/image_07550.jpg,95,95,True,0.631041407585144
image_07551.jpg,jpg/image_07551.jpg,95,44,False,0.2062290608882904
image_07552.jpg,jpg/image_07552.jpg,95,95,True,0.6132980585098267
image_07553.jpg,jpg/image_07553.jpg,95,95,True,0.5080424547195435
image_07554.jpg,jpg/image_07554.jpg,95,95,True,0.6940200328826904
image_07555.jpg,jpg/image_07555.jpg,95,95,True,0.9004749655723572
image_07556.jpg,jpg/image_07556.jpg,95,95,True,0.8304202556610107
image_07557.jpg,jpg/image_07557.jpg,95,95,True,0.7572149038314819
image_07558.jpg,jpg/image_07558.jpg,95,95,True,0.47055190801620483
image_07559.jpg,jpg/image_07559.jpg,95,95,True,0.6761288642883301
image_07561.jpg,jpg/image_07561.jpg,95,95,True,0.8559839129447937
image_07563.jpg,jpg/image_07563.jpg,95,95,True,0.44979068636894226
image_07565.jpg,jpg/image_07565.jpg,95,95,True,0.7332639098167419
image_07566.jpg,jpg/image_07566.jpg,95,95,True,0.672356128692627
image_07567.jpg,jpg/image_07567.jpg,95,95,True,0.8600701093673706
image_07568.jpg,jpg/image_07568.jpg,95,95,True,0.8558244109153748
image_07569.jpg,jpg/image_07569.jpg,95,95,True,0.7440800070762634
image_07572.jpg,jpg/image_07572.jpg,95,95,True,0.5193940997123718
image_07573.jpg,jpg/image_07573.jpg,95,95,True,0.7031869292259216
image_07574.jpg,jpg/image_07574.jpg,95,95,True,0.7512840032577515
image_07575.jpg,jpg/image_07575.jpg,95,95,True,0.7905718684196472
image_07576.jpg,jpg/image_07576.jpg,95,95,True,0.5202614068984985
image_07577.jpg,jpg/image_07577.jpg,95,95,True,0.3458407521247864
image_07578.jpg,jpg/image_07578.jpg,95,95,True,0.6621974110603333
image_07579.jpg,jpg/image_07579.jpg,95,95,True,0.6109501123428345
image_07580.jpg,jpg/image_07580.jpg,95,95,True,0.7023601531982422
image_07581.jpg,jpg/image_07581.jpg,95,95,True,0.785075306892395
image_07582.jpg,jpg/image_07582.jpg,95,95,True,0.35497283935546875
image_07583.jpg,jpg/image_07583.jpg,95,95,True,0.5548756122589111
image_07584.jpg,jpg/image_07584.jpg,95,95,True,0.6950361728668213
image_07585.jpg,jpg/image_07585.jpg,95,95,True,0.687222421169281
image_07586.jpg,jpg/image_07586.jpg,95,95,True,0.7482174038887024
image_07588.jpg,jpg/image_07588.jpg,95,95,True,0.8469642996788025
image_07589.jpg,jpg/image_07589.jpg,95,95,True,0.6957176923751831
image_07590.jpg,jpg/image_07590.jpg,95,95,True,0.17362916469573975
image_07591.jpg,jpg/image_07591.jpg,95,95,True,0.845939040184021
image_07592.jpg,jpg/image_07592.jpg,95,95,True,0.7601056694984436
image_07593.jpg,jpg/image_07593.jpg,95,96,False,0.2374189794063568
image_07594.jpg,jpg/image_07594.jpg,96,96,True,0.1984187513589859
image_07595.jpg,jpg/image_07595.jpg,96,96,True,0.4716537892818451
image_07596.jpg,jpg/image_07596.jpg,96,96,True,0.6093885898590088
image_07598.jpg,jpg/image_07598.jpg,96,96,True,0.49472251534461975
image_07601.jpg,jpg/image_07601.jpg,96,96,True,0.14877425134181976
image_07602.jpg,jpg/image_07602.jpg,96,96,True,0.5721546411514282
image_07605.jpg,jpg/image_07605.jpg,96,96,True,0.1755053699016571
image_07606.jpg,jpg/image_07606.jpg,96,96,True,0.2711558938026428
image_07607.jpg,jpg/image_07607.jpg,96,96,True,0.13331329822540283
image_07608.jpg,jpg/image_07608.jpg,96,96,True,0.7334303259849548
image_07609.jpg,jpg/image_07609.jpg,96,96,True,0.28658097982406616
image_07610.jpg,jpg/image_07610.jpg,96,96,True,0.38601571321487427
image_07611.jpg,jpg/image_07611.jpg,96,96,True,0.41070911288261414
image_07612.jpg,jpg/image_07612.jpg,96,96,True,0.4676996171474457
image_07613.jpg,jpg/image_07613.jpg,96,96,True,0.15906678140163422
image_07614.jpg,jpg/image_07614.jpg,96,96,True,0.8144468069076538
image_07615.jpg,jpg/image_07615.jpg,96,96,True,0.7475619316101074
image_07616.jpg,jpg/image_07616.jpg,96,96,True,0.408755898475647
image_07618.jpg,jpg/image_07618.jpg,96,96,True,0.35118263959884644
image_07620.jpg,jpg/image_07620.jpg,96,73,False,0.11279872059822083
image_07621.jpg,jpg/image_07621.jpg,96,96,True,0.27343952655792236
image_07622.jpg,jpg/image_07622.jpg,96,96,True,0.6731939315795898
image_07623.jpg,jpg/image_07623.jpg,96,96,True,0.7712686657905579
image_07625.jpg,jpg/image_07625.jpg,96,96,True,0.8191165924072266
image_07626.jpg,jpg/image_07626.jpg,96,96,True,0.1549602895975113
image_07627.jpg,jpg/image_07627.jpg,96,96,True,0.6979458928108215
image_07629.jpg,jpg/image_07629.jpg,96,96,True,0.49092239141464233
image_07631.jpg,jpg/image_07631.jpg,96,96,True,0.674412727355957
image_07632.jpg,jpg/image_07632.jpg,96,96,True,0.5933499336242676
image_07633.jpg,jpg/image_07633.jpg,96,96,True,0.7641457319259644
image_07635.jpg,jpg/image_07635.jpg,96,96,True,0.8577180504798889
image_07636.jpg,jpg/image_07636.jpg,96,96,True,0.3081836700439453
image_07639.jpg,jpg/image_07639.jpg,96,96,True,0.4954339861869812
image_07640.jpg,jpg/image_07640.jpg,96,96,True,0.6006132364273071
image_07641.jpg,jpg/image_07641.jpg,96,96,True,0.1660657674074173
image_07642.jpg,jpg/image_07642.jpg,96,96,True,0.21814270317554474
image_07645.jpg,jpg/image_07645.jpg,96,96,True,0.6264932155609131
image_07646.jpg,jpg/image_07646.jpg,96,96,True,0.40802472829818726
image_07647.jpg,jpg/image_07647.jpg,96,96,True,0.42097488045692444
image_07648.jpg,jpg/image_07648.jpg,96,96,True,0.7392884492874146
image_07649.jpg,jpg/image_07649.jpg,96,96,True,0.350590318441391
image_07650.jpg,jpg/image_07650.jpg,96,96,True,0.43555983901023865
image_07651.jpg,jpg/image_07651.jpg,96,96,True,0.3056209683418274
image_07652.jpg,jpg/image_07652.jpg,96,96,True,0.5048278570175171
image_07655.jpg,jpg/image_07655.jpg,96,96,True,0.3024180829524994
image_07657.jpg,jpg/image_07657.jpg,96,96,True,0.7599408030509949
image_07658.jpg,jpg/image_07658.jpg,96,96,True,0.13959728181362152
image_07659.jpg,jpg/image_07659.jpg,96,96,True,0.34113138914108276
image_07660.jpg,jpg/image_07660.jpg,96,96,True,0.16988742351531982
image_07661.jpg,jpg/image_07661.jpg,96,96,True,0.47229069471359253
image_07663.jpg,jpg/image_07663.jpg,96,96,True,0.7499568462371826
image_07664.jpg,jpg/image_07664.jpg,96,18,False,0.10951784998178482
image_07665.jpg,jpg/image_07665.jpg,96,96,True,0.7775157690048218
image_07666.jpg,jpg/image_07666.jpg,96,96,True,0.27973222732543945
image_07667.jpg,jpg/image_07667.jpg,96,96,True,0.6070088744163513
image_07668.jpg,jpg/image_07668.jpg,96,96,True,0.6091838479042053
image_07669.jpg,jpg/image_07669.jpg,96,96,True,0.7616264224052429
image_07670.jpg,jpg/image_07670.jpg,96,96,True,0.5766603946685791
image_07671.jpg,jpg/image_07671.jpg,96,96,True,0.7139429450035095
image_07672.jpg,jpg/image_07672.jpg,96,96,True,0.17537783086299896
image_07673.jpg,jpg/image_07673.jpg,96,96,True,0.08316090703010559
image_07675.jpg,jpg/image_07675.jpg,96,97,False,0.9010875821113586
image_07676.jpg,jpg/image_07676.jpg,96,97,False,0.41484010219573975
image_07677.jpg,jpg/image_07677.jpg,96,97,False,0.3501596450805664
image_07678.jpg,jpg/image_07678.jpg,96,97,False,0.7193840742111206
image_07679.jpg,jpg/image_07679.jpg,96,97,False,0.8490861058235168
image_07680.jpg,jpg/image_07680.jpg,96,97,False,0.43816420435905457
image_07681.jpg,jpg/image_07681.jpg,96,97,False,0.601198136806488
image_07682.jpg,jpg/image_07682.jpg,96,97,False,0.7538173794746399
image_07683.jpg,jpg/image_07683.jpg,96,97,False,0.7959098219871521
image_07684.jpg,jpg/image_07684.jpg,96,97,False,0.4504462480545044
image_07685.jpg,jpg/image_07685.jpg,97,97,True,0.41127434372901917
image_07686.jpg,jpg/image_07686.jpg,97,97,True,0.7759985327720642
image_07687.jpg,jpg/image_07687.jpg,97,97,True,0.8938465714454651
image_07688.jpg,jpg/image_07688.jpg,97,97,True,0.6544595956802368
image_07689.jpg,jpg/image_07689.jpg,97,97,True,0.6929720044136047
image_07693.jpg,jpg/image_07693.jpg,97,97,True,0.3052552342414856
image_07695.jpg,jpg/image_07695.jpg,97,97,True,0.39070838689804077
image_07696.jpg,jpg/image_07696.jpg,97,97,True,0.49292293190956116
image_07697.jpg,jpg/image_07697.jpg,97,97,True,0.8382117748260498
image_07698.jpg,jpg/image_07698.jpg,97,97,True,0.43089354038238525
image_07699.jpg,jpg/image_07699.jpg,97,97,True,0.8723152875900269
image_07702.jpg,jpg/image_07702.jpg,97,97,True,0.6809685826301575
image_07703.jpg,jpg/image_07703.jpg,97,97,True,0.4411328434944153
image_07704.jpg,jpg/image_07704.jpg,97,97,True,0.6518672108650208
image_07705.jpg,jpg/image_07705.jpg,97,97,True,0.44427525997161865
image_07712.jpg,jpg/image_07712.jpg,97,97,True,0.4158024489879608
image_07713.jpg,jpg/image_07713.jpg,97,97,True,0.5700669288635254
image_07714.jpg,jpg/image_07714.jpg,97,97,True,0.49787434935569763
image_07716.jpg,jpg/image_07716.jpg,97,97,True,0.9195630550384521
image_07717.jpg,jpg/image_07717.jpg,97,97,True,0.8717566132545471
image_07718.jpg,jpg/image_07718.jpg,97,97,True,0.7934300899505615
image_07719.jpg,jpg/image_07719.jpg,97,97,True,0.8488650321960449
image_07720.jpg,jpg/image_07720.jpg,97,97,True,0.4394017457962036
image_07721.jpg,jpg/image_07721.jpg,97,97,True,0.3466928005218506
image_07722.jpg,jpg/image_07722.jpg,97,97,True,0.858640730381012
image_07723.jpg,jpg/image_07723.jpg,97,97,True,0.8853543996810913
image_07725.jpg,jpg/image_07725.jpg,97,97,True,0.9022855162620544
image_07726.jpg,jpg/image_07726.jpg,97,97,True,0.3236594498157501
image_07727.jpg,jpg/image_07727.jpg,97,97,True,0.8461599349975586
image_07728.jpg,jpg/image_07728.jpg,97,97,True,0.4431988000869751
image_07729.jpg,jpg/image_07729.jpg,97,97,True,0.4650796353816986
image_07730.jpg,jpg/image_07730.jpg,97,97,True,0.7220045924186707
image_07732.jpg,jpg/image_07732.jpg,97,97,True,0.8870302438735962
image_07733.jpg,jpg/image_07733.jpg,97,97,True,0.582542359828949
image_07735.jpg,jpg/image_07735.jpg,97,97,True,0.8336042761802673
image_07736.jpg,jpg/image_07736.jpg,97,97,True,0.7084081768989563
image_07737.jpg,jpg/image_07737.jpg,97,97,True,0.509105384349823
image_07738.jpg,jpg/image_07738.jpg,97,97,True,0.9207695126533508
image_07739.jpg,jpg/image_07739.jpg,97,97,True,0.8837869763374329
image_07740.jpg,jpg/image_07740.jpg,97,97,True,0.8450663685798645
image_07744.jpg,jpg/image_07744.jpg,97,97,True,0.5090431571006775
image_07745.jpg,jpg/image_07745.jpg,97,97,True,0.6224815249443054
image_07746.jpg,jpg/image_07746.jpg,97,95,False,0.31683579087257385
image_07747.jpg,jpg/image_07747.jpg,97,80,False,0.2598356604576111
image_07749.jpg,jpg/image_07749.jpg,97,97,True,0.838551938533783
image_07750.jpg,jpg/image_07750.jpg,97,97,True,0.5604416728019714
image_07751.jpg,jpg/image_07751.jpg,98,98,True,0.7019484043121338
image_07752.jpg,jpg/image_07752.jpg,98,98,True,0.492196649312973
image_07754.jpg,jpg/image_07754.jpg,98,98,True,0.8942616581916809
image_07755.jpg,jpg/image_07755.jpg,98,98,True,0.44310903549194336
image_07756.jpg,jpg/image_07756.jpg,98,98,True,0.7682865858078003
image_07757.jpg,jpg/image_07757.jpg,98,98,True,0.8549649119377136
image_07758.jpg,jpg/image_07758.jpg,98,98,True,0.03362458944320679
image_07759.jpg,jpg/image_07759.jpg,98,98,True,0.4663911461830139
image_07760.jpg,jpg/image_07760.jpg,98,98,True,0.9161118268966675
image_07761.jpg,jpg/image_07761.jpg,98,98,True,0.9152386784553528
image_07763.jpg,jpg/image_07763.jpg,98,98,True,0.3675745725631714
image_07764.jpg,jpg/image_07764.jpg,98,98,True,0.9155392050743103
image_07765.jpg,jpg/image_07765.jpg,98,98,True,0.8792974948883057
image_07766.jpg,jpg/image_07766.jpg,98,98,True,0.7528690099716187
image_07768.jpg,jpg/image_07768.jpg,98,98,True,0.6835148930549622
image_07769.jpg,jpg/image_07769.jpg,98,98,True,0.6955495476722717
image_07770.jpg,jpg/image_07770.jpg,98,98,True,0.7321831583976746
image_07772.jpg,jpg/image_07772.jpg,98,98,True,0.8247528076171875
image_07773.jpg,jpg/image_07773.jpg,98,19,False,0.09528113901615143
image_07774.jpg,jpg/image_07774.jpg,98,98,True,0.7432485818862915
image_07775.jpg,jpg/image_07775.jpg,98,98,True,0.8245097398757935
image_07776.jpg,jpg/image_07776.jpg,98,98,True,0.7151997089385986
image_07777.jpg,jpg/image_07777.jpg,98,98,True,0.8116281032562256
image_07778.jpg,jpg/image_07778.jpg,98,98,True,0.8783908486366272
image_07779.jpg,jpg/image_07779.jpg,98,98,True,0.47212153673171997
image_07780.jpg,jpg/image_07780.jpg,98,98,True,0.7787537574768066
image_07782.jpg,jpg/image_07782.jpg,98,98,True,0.8438476920127869
image_07783.jpg,jpg/image_07783.jpg,98,98,True,0.8850899338722229
image_07784.jpg,jpg/image_07784.jpg,98,98,True,0.8928950428962708
image_07785.jpg,jpg/image_07785.jpg,98,98,True,0.5054108500480652
image_07787.jpg,jpg/image_07787.jpg,98,98,True,0.8040810823440552
image_07788.jpg,jpg/image_07788.jpg,98,98,True,0.8850006461143494
image_07789.jpg,jpg/image_07789.jpg,98,98,True,0.793851912021637
image_07791.jpg,jpg/image_07791.jpg,98,98,True,0.7615466117858887
image_07792.jpg,jpg/image_07792.jpg,98,98,True,0.5603615045547485
image_07793.jpg,jpg/image_07793.jpg,98,98,True,0.19617405533790588
image_07794.jpg,jpg/image_07794.jpg,98,98,True,0.6805194616317749
image_07795.jpg,jpg/image_07795.jpg,98,98,True,0.7802660465240479
image_07796.jpg,jpg/image_07796.jpg,98,98,True,0.9380032420158386
image_07798.jpg,jpg/image_07798.jpg,98,98,True,0.15330491960048676
image_07800.jpg,jpg/image_07800.jpg,98,98,True,0.49561330676078796
image_07801.jpg,jpg/image_07801.jpg,98,98,True,0.8755155801773071
image_07805.jpg,jpg/image_07805.jpg,98,98,True,0.31624630093574524
image_07807.jpg,jpg/image_07807.jpg,98,98,True,0.9096988439559937
image_07808.jpg,jpg/image_07808.jpg,98,98,True,0.661403238773346
image_07809.jpg,jpg/image_07809.jpg,98,98,True,0.6124052405357361
image_07810.jpg,jpg/image_07810.jpg,98,98,True,0.892203152179718
image_07812.jpg,jpg/image_07812.jpg,98,98,True,0.7891491651535034
image_07813.jpg,jpg/image_07813.jpg,98,36,False,0.09714366495609283
image_07814.jpg,jpg/image_07814.jpg,98,98,True,0.5888093709945679
image_07815.jpg,jpg/image_07815.jpg,98,98,True,0.17787624895572662
image_07816.jpg,jpg/image_07816.jpg,98,98,True,0.7937421202659607
image_07818.jpg,jpg/image_07818.jpg,98,98,True,0.9334730505943298
image_07819.jpg,jpg/image_07819.jpg,98,98,True,0.901462972164154
image_07821.jpg,jpg/image_07821.jpg,98,98,True,0.7418076992034912
image_07822.jpg,jpg/image_07822.jpg,98,98,True,0.3406585156917572
image_07826.jpg,jpg/image_07826.jpg,98,98,True,0.9009081721305847
image_07827.jpg,jpg/image_07827.jpg,98,98,True,0.9160386323928833
image_07829.jpg,jpg/image_07829.jpg,98,98,True,0.7620272636413574
image_07830.jpg,jpg/image_07830.jpg,98,98,True,0.7857714891433716
image_07831.jpg,jpg/image_07831.jpg,98,98,True,0.9138575196266174
image_07832.jpg,jpg/image_07832.jpg,98,98,True,0.4431755840778351
image_07836.jpg,jpg/image_07836.jpg,99,99,True,0.8274884819984436
image_07837.jpg,jpg/image_07837.jpg,99,99,True,0.890137255191803
image_07838.jpg,jpg/image_07838.jpg,99,99,True,0.8550405502319336
image_07839.jpg,jpg/image_07839.jpg,99,99,True,0.5155932903289795
image_07840.jpg,jpg/image_07840.jpg,99,99,True,0.5383031964302063
image_07841.jpg,jpg/image_07841.jpg,99,99,True,0.7776047587394714
image_07843.jpg,jpg/image_07843.jpg,99,99,True,0.8889244198799133
image_07844.jpg,jpg/image_07844.jpg,99,99,True,0.6771875023841858
image_07845.jpg,jpg/image_07845.jpg,99,99,True,0.8503103256225586
image_07846.jpg,jpg/image_07846.jpg,99,99,True,0.8786426782608032
image_07847.jpg,jpg/image_07847.jpg,99,99,True,0.8032386302947998
image_07848.jpg,jpg/image_07848.jpg,99,99,True,0.8161895871162415
image_07852.jpg,jpg/image_07852.jpg,99,99,True,0.8073553442955017
image_07853.jpg,jpg/image_07853.jpg,99,99,True,0.884745180606842
image_07854.jpg,jpg/image_07854.jpg,99,99,True,0.6824696063995361
image_07855.jpg,jpg/image_07855.jpg,99,99,True,0.33634617924690247
image_07856.jpg,jpg/image_07856.jpg,99,99,True,0.8750652074813843
image_07858.jpg,jpg/image_07858.jpg,99,99,True,0.8629459738731384
image_07859.jpg,jpg/image_07859.jpg,99,99,True,0.5646376609802246
image_07860.jpg,jpg/image_07860.jpg,99,99,True,0.7663750648498535
image_07864.jpg,jpg/image_07864.jpg,99,99,True,0.7819557785987854
image_07865.jpg,jpg/image_07865.jpg,99,99,True,0.8568409085273743
image_07866.jpg,jpg/image_07866.jpg,99,99,True,0.7462958693504333
image_07867.jpg,jpg/image_07867.jpg,99,99,True,0.9082382917404175
image_07869.jpg,jpg/image_07869.jpg,99,71,False,0.07363124936819077
image_07870.jpg,jpg/image_07870.jpg,99,54,False,0.0658579021692276
image_07873.jpg,jpg/image_07873.jpg,99,99,True,0.8694665431976318
image_07874.jpg,jpg/image_07874.jpg,99,99,True,0.8163420557975769
image_07875.jpg,jpg/image_07875.jpg,99,99,True,0.8491213917732239
image_07878.jpg,jpg/image_07878.jpg,99,99,True,0.7195401191711426
image_07879.jpg,jpg/image_07879.jpg,99,74,False,0.2398887425661087
image_07880.jpg,jpg/image_07880.jpg,99,99,True,0.8058987259864807
image_07881.jpg,jpg/image_07881.jpg,99,99,True,0.4223901331424713
image_07882.jpg,jpg/image_07882.jpg,99,99,True,0.5927762389183044
image_07884.jpg,jpg/image_07884.jpg,99,99,True,0.8185546398162842
image_07885.jpg,jpg/image_07885.jpg,99,99,True,0.6700002551078796
image_07886.jpg,jpg/image_07886.jpg,99,99,True,0.6700002551078796
image_07887.jpg,jpg/image_07887.jpg,99,99,True,0.8348481059074402
image_07888.jpg,jpg/image_07888.jpg,99,99,True,0.7865427136421204
image_07889.jpg,jpg/image_07889.jpg,99,99,True,0.897152304649353
image_07890.jpg,jpg/image_07890.jpg,99,99,True,0.8957892656326294
image_07892.jpg,jpg/image_07892.jpg,99,99,True,0.5106492042541504
image_08062.jpg,jpg/image_08062.jpg,99,99,True,0.9065098166465759
image_07893.jpg,jpg/image_07893.jpg,100,100,True,0.9168714284896851
image_07894.jpg,jpg/image_07894.jpg,100,100,True,0.9009166359901428
image_07895.jpg,jpg/image_07895.jpg,100,100,True,0.9243062734603882
image_07896.jpg,jpg/image_07896.jpg,100,100,True,0.7738178372383118
image_07897.jpg,jpg/image_07897.jpg,100,100,True,0.8895354866981506
image_07898.jpg,jpg/image_07898.jpg,100,100,True,0.9209911227226257
image_07899.jpg,jpg/image_07899.jpg,100,100,True,0.8977596759796143
image_07901.jpg,jpg/image_07901.jpg,100,100,True,0.9278391599655151
image_07903.jpg,jpg/image_07903.jpg,100,100,True,0.4547179341316223
image_07904.jpg,jpg/image_07904.jpg,100,100,True,0.8882317543029785
image_07905.jpg,jpg/image_07905.jpg,100,100,True,0.80804044008255
image_07909.jpg,jpg/image_07909.jpg,100,100,True,0.9024884700775146
image_07911.jpg,jpg/image_07911.jpg,100,100,True,0.8543322682380676
image_07912.jpg,jpg/image_07912.jpg,100,100,True,0.8907408714294434
image_07916.jpg,jpg/image_07916.jpg,100,100,True,0.879098653793335
image_07919.jpg,jpg/image_07919.jpg,100,100,True,0.9019539952278137
image_07920.jpg,jpg/image_07920.jpg,100,100,True,0.4326532483100891
image_07921.jpg,jpg/image_07921.jpg,100,100,True,0.7925982475280762
image_07922.jpg,jpg/image_07922.jpg,100,100,True,0.6950663328170776
image_07923.jpg,jpg/image_07923.jpg,100,100,True,0.7418946027755737
image_07925.jpg,jpg/image_07925.jpg,100,100,True,0.8994928002357483
image_07926.jpg,jpg/image_07926.jpg,100,100,True,0.8980932831764221
image_07929.jpg,jpg/image_07929.jpg,100,100,True,0.9041565656661987
image_07933.jpg,jpg/image_07933.jpg,100,100,True,0.8770169019699097
image_07936.jpg,jpg/image_07936.jpg,100,100,True,0.9081568121910095
image_07937.jpg,jpg/image_07937.jpg,100,100,True,0.8635234832763672
image_07938.jpg,jpg/image_07938.jpg,100,100,True,0.9188613891601562
image_07939.jpg,jpg/image_07939.jpg,100,100,True,0.8514360189437866
image_07940.jpg,jpg/image_07940.jpg,100,100,True,0.7247084975242615
image_07943.jpg,jpg/image_07943.jpg,101,101,True,0.6628678441047668
image_07944.jpg,jpg/image_07944.jpg,101,101,True,0.49088314175605774
image_07945.jpg,jpg/image_07945.jpg,101,101,True,0.8054923415184021
image_07947.jpg,jpg/image_07947.jpg,101,101,True,0.6742677688598633
image_07948.jpg,jpg/image_07948.jpg,101,101,True,0.6956072449684143
image_07949.jpg,jpg/image_07949.jpg,101,101,True,0.3728218078613281
image_07950.jpg,jpg/image_07950.jpg,101,101,True,0.8589816689491272
image_07951.jpg,jpg/image_07951.jpg,101,101,True,0.6147820949554443
image_07953.jpg,jpg/image_07953.jpg,101,101,True,0.8202276229858398
image_07955.jpg,jpg/image_07955.jpg,101,101,True,0.468575119972229
image_07956.jpg,jpg/image_07956.jpg,101,101,True,0.8593013286590576
image_07958.jpg,jpg/image_07958.jpg,101,8,False,0.14030443131923676
image_07959.jpg,jpg/image_07959.jpg,101,101,True,0.17278286814689636
image_07960.jpg,jpg/image_07960.jpg,101,101,True,0.6735399961471558
image_07961.jpg,jpg/image_07961.jpg,101,101,True,0.7732781767845154
image_07962.jpg,jpg/image_07962.jpg,101,101,True,0.8185741305351257
image_07964.jpg,jpg/image_07964.jpg,101,101,True,0.5387883186340332
image_07965.jpg,jpg/image_07965.jpg,101,101,True,0.29648593068122864
image_07966.jpg,jpg/image_07966.jpg,101,101,True,0.8826319575309753
image_07968.jpg,jpg/image_07968.jpg,101,101,True,0.8580160737037659
image_07970.jpg,jpg/image_07970.jpg,101,101,True,0.8122073411941528
image_07971.jpg,jpg/image_07971.jpg,101,101,True,0.3955596685409546
image_07973.jpg,jpg/image_07973.jpg,101,101,True,0.27850812673568726
image_07978.jpg,jpg/image_07978.jpg,101,101,True,0.8392924666404724
image_07979.jpg,jpg/image_07979.jpg,101,101,True,0.8704089522361755
image_07980.jpg,jpg/image_07980.jpg,101,101,True,0.859403669834137
image_07981.jpg,jpg/image_07981.jpg,101,101,True,0.218170166015625
image_07982.jpg,jpg/image_07982.jpg,101,101,True,0.35505956411361694
image_07984.jpg,jpg/image_07984.jpg,101,101,True,0.8802064657211304
image_07985.jpg,jpg/image_07985.jpg,101,101,True,0.8597519397735596
image_07987.jpg,jpg/image_07987.jpg,101,101,True,0.8937275409698486
image_07992.jpg,jpg/image_07992.jpg,101,101,True,0.7802318930625916
image_07993.jpg,jpg/image_07993.jpg,101,101,True,0.6870480179786682
image_07994.jpg,jpg/image_07994.jpg,101,101,True,0.8657398819923401
image_07995.jpg,jpg/image_07995.jpg,101,101,True,0.7646108865737915
image_07996.jpg,jpg/image_07996.jpg,101,101,True,0.8568716645240784
image_07997.jpg,jpg/image_07997.jpg,101,101,True,0.8631436228752136
image_07998.jpg,jpg/image_07998.jpg,101,101,True,0.5537326335906982
image_08000.jpg,jpg/image_08000.jpg,102,102,True,0.8729898929595947
image_08001.jpg,jpg/image_08001.jpg,102,102,True,0.7375500202178955
image_08002.jpg,jpg/image_08002.jpg,102,102,True,0.9193235039710999
image_08005.jpg,jpg/image_08005.jpg,102,102,True,0.9068018198013306
image_08006.jpg,jpg/image_08006.jpg,102,102,True,0.9100803136825562
image_08010.jpg,jpg/image_08010.jpg,102,102,True,0.9296099543571472
image_08011.jpg,jpg/image_08011.jpg,102,102,True,0.8645533323287964
image_08012.jpg,jpg/image_08012.jpg,102,102,True,0.9258320927619934
image_08014.jpg,jpg/image_08014.jpg,102,102,True,0.9224497079849243
image_08015.jpg,jpg/image_08015.jpg,102,102,True,0.8809847235679626
image_08017.jpg,jpg/image_08017.jpg,102,102,True,0.8802148103713989
image_08019.jpg,jpg/image_08019.jpg,102,102,True,0.8945407867431641
image_08020.jpg,jpg/image_08020.jpg,102,102,True,0.8860531449317932
image_08021.jpg,jpg/image_08021.jpg,102,102,True,0.897522509098053
image_08022.jpg,jpg/image_08022.jpg,102,102,True,0.894269585609436
image_08023.jpg,jpg/image_08023.jpg,102,102,True,0.9124138355255127
image_08025.jpg,jpg/image_08025.jpg,102,102,True,0.16212166845798492
image_08027.jpg,jpg/image_08027.jpg,102,102,True,0.9346796870231628
image_08029.jpg,jpg/image_08029.jpg,102,102,True,0.8751171827316284
image_08032.jpg,jpg/image_08032.jpg,102,102,True,0.8929639458656311
image_08037.jpg,jpg/image_08037.jpg,102,102,True,0.919873833656311
image_08038.jpg,jpg/image_08038.jpg,102,102,True,0.4447823762893677
image_08039.jpg,jpg/image_08039.jpg,102,102,True,0.7087714076042175
image_08040.jpg,jpg/image_08040.jpg,102,102,True,0.9206913113594055
image_08043.jpg,jpg/image_08043.jpg,102,102,True,0.9073006510734558
image_08044.jpg,jpg/image_08044.jpg,102,102,True,0.887881338596344
image_08045.jpg,jpg/image_08045.jpg,102,102,True,0.8060244917869568
image_08047.jpg,jpg/image_08047.jpg,102,102,True,0.6868545413017273
